[     777ms] [WARNING] The AudioContext was not allowed to start. It must be resumed (or created) after a user gesture on the page. https://developer.chrome.com/blog/autoplay/#web_audio @ http://localhost:8820/assets/js/sfx.js:253
[     777ms] [WARNING] The AudioContext was not allowed to start. It must be resumed (or created) after a user gesture on the page. https://developer.chrome.com/blog/autoplay/#web_audio @ http://localhost:8820/assets/js/sfx.js:29
[     777ms] [WARNING] The AudioContext was not allowed to start. It must be resumed (or created) after a user gesture on the page. https://developer.chrome.com/blog/autoplay/#web_audio @ http://localhost:8820/assets/js/sfx.js:29
[     779ms] [WARNING] The AudioContext was not allowed to start. It must be resumed (or created) after a user gesture on the page. https://developer.chrome.com/blog/autoplay/#web_audio @ http://localhost:8820/assets/js/sfx.js:88
[     779ms] [WARNING] The AudioContext was not allowed to start. It must be resumed (or created) after a user gesture on the page. https://developer.chrome.com/blog/autoplay/#web_audio @ http://localhost:8820/assets/js/sfx.js:29
[     779ms] [WARNING] The AudioContext was not allowed to start. It must be resumed (or created) after a user gesture on the page. https://developer.chrome.com/blog/autoplay/#web_audio @ http://localhost:8820/assets/js/sfx.js:88
[     779ms] [WARNING] The AudioContext was not allowed to start. It must be resumed (or created) after a user gesture on the page. https://developer.chrome.com/blog/autoplay/#web_audio @ http://localhost:8820/assets/js/sfx.js:29
[     779ms] [WARNING] The AudioContext was not allowed to start. It must be resumed (or created) after a user gesture on the page. https://developer.chrome.com/blog/autoplay/#web_audio @ http://localhost:8820/assets/js/sfx.js:29
[     780ms] [WARNING] The AudioContext was not allowed to start. It must be resumed (or created) after a user gesture on the page. https://developer.chrome.com/blog/autoplay/#web_audio @ http://localhost:8820/assets/js/sfx.js:88
[     780ms] [WARNING] The AudioContext was not allowed to start. It must be resumed (or created) after a user gesture on the page. https://developer.chrome.com/blog/autoplay/#web_audio @ http://localhost:8820/assets/js/sfx.js:29
[     780ms] [WARNING] The AudioContext was not allowed to start. It must be resumed (or created) after a user gesture on the page. https://developer.chrome.com/blog/autoplay/#web_audio @ http://localhost:8820/assets/js/sfx.js:88
[     780ms] [WARNING] The AudioContext was not allowed to start. It must be resumed (or created) after a user gesture on the page. https://developer.chrome.com/blog/autoplay/#web_audio @ http://localhost:8820/assets/js/sfx.js:29
[     780ms] [WARNING] The AudioContext was not allowed to start. It must be resumed (or created) after a user gesture on the page. https://developer.chrome.com/blog/autoplay/#web_audio @ http://localhost:8820/assets/js/sfx.js:88
[     780ms] [WARNING] The AudioContext was not allowed to start. It must be resumed (or created) after a user gesture on the page. https://developer.chrome.com/blog/autoplay/#web_audio @ http://localhost:8820/assets/js/sfx.js:29
[     780ms] [WARNING] The AudioContext was not allowed to start. It must be resumed (or created) after a user gesture on the page. https://developer.chrome.com/blog/autoplay/#web_audio @ http://localhost:8820/assets/js/sfx.js:88
[     801ms] [ERROR] [GameKit] link ReferenceError: i is not defined
    at render (http://localhost:8820/assets/js/games/link.js:318:16)
    at http://localhost:8820/assets/js/games/link.js:376:44
    at frame (http://localhost:8820/assets/js/games/engine.js:217:29) @ http://localhost:8820/assets/js/games/engine.js:216
[     851ms] [ERROR] [GameKit] link ReferenceError: i is not defined
    at render (http://localhost:8820/assets/js/games/link.js:318:16)
    at http://localhost:8820/assets/js/games/link.js:376:44
    at frame (http://localhost:8820/assets/js/games/engine.js:217:29) @ http://localhost:8820/assets/js/games/engine.js:216
[     873ms] [ERROR] [GameKit] link ReferenceError: i is not defined
    at render (http://localhost:8820/assets/js/games/link.js:318:16)
    at http://localhost:8820/assets/js/games/link.js:376:44
    at frame (http://localhost:8820/assets/js/games/engine.js:217:29) @ http://localhost:8820/assets/js/games/engine.js:216
[     889ms] [ERROR] [GameKit] link ReferenceError: i is not defined
    at render (http://localhost:8820/assets/js/games/link.js:318:16)
    at http://localhost:8820/assets/js/games/link.js:376:44
    at frame (http://localhost:8820/assets/js/games/engine.js:217:29) @ http://localhost:8820/assets/js/games/engine.js:216
[     897ms] [ERROR] [GameKit] link ReferenceError: i is not defined
    at render (http://localhost:8820/assets/js/games/link.js:318:16)
    at http://localhost:8820/assets/js/games/link.js:376:44
    at frame (http://localhost:8820/assets/js/games/engine.js:217:29) @ http://localhost:8820/assets/js/games/engine.js:216
[     913ms] [ERROR] [GameKit] link ReferenceError: i is not defined
    at render (http://localhost:8820/assets/js/games/link.js:318:16)
    at http://localhost:8820/assets/js/games/link.js:376:44
    at frame (http://localhost:8820/assets/js/games/engine.js:217:29) @ http://localhost:8820/assets/js/games/engine.js:216
[     930ms] [ERROR] [GameKit] link ReferenceError: i is not defined
    at render (http://localhost:8820/assets/js/games/link.js:318:16)
    at http://localhost:8820/assets/js/games/link.js:376:44
    at frame (http://localhost:8820/assets/js/games/engine.js:217:29) @ http://localhost:8820/assets/js/games/engine.js:216
[     947ms] [ERROR] [GameKit] link ReferenceError: i is not defined
    at render (http://localhost:8820/assets/js/games/link.js:318:16)
    at http://localhost:8820/assets/js/games/link.js:376:44
    at frame (http://localhost:8820/assets/js/games/engine.js:217:29) @ http://localhost:8820/assets/js/games/engine.js:216
[     963ms] [ERROR] [GameKit] link ReferenceError: i is not defined
    at render (http://localhost:8820/assets/js/games/link.js:318:16)
    at http://localhost:8820/assets/js/games/link.js:376:44
    at frame (http://localhost:8820/assets/js/games/engine.js:217:29) @ http://localhost:8820/assets/js/games/engine.js:216
[     980ms] [ERROR] [GameKit] link ReferenceError: i is not defined
    at render (http://localhost:8820/assets/js/games/link.js:318:16)
    at http://localhost:8820/assets/js/games/link.js:376:44
    at frame (http://localhost:8820/assets/js/games/engine.js:217:29) @ http://localhost:8820/assets/js/games/engine.js:216
[     996ms] [ERROR] [GameKit] link ReferenceError: i is not defined
    at render (http://localhost:8820/assets/js/games/link.js:318:16)
    at http://localhost:8820/assets/js/games/link.js:376:44
    at frame (http://localhost:8820/assets/js/games/engine.js:217:29) @ http://localhost:8820/assets/js/games/engine.js:216
[    1013ms] [ERROR] [GameKit] link ReferenceError: i is not defined
    at render (http://localhost:8820/assets/js/games/link.js:318:16)
    at http://localhost:8820/assets/js/games/link.js:376:44
    at frame (http://localhost:8820/assets/js/games/engine.js:217:29) @ http://localhost:8820/assets/js/games/engine.js:216
[    1030ms] [ERROR] [GameKit] link ReferenceError: i is not defined
    at render (http://localhost:8820/assets/js/games/link.js:318:16)
    at http://localhost:8820/assets/js/games/link.js:376:44
    at frame (http://localhost:8820/assets/js/games/engine.js:217:29) @ http://localhost:8820/assets/js/games/engine.js:216
[    1046ms] [ERROR] [GameKit] link ReferenceError: i is not defined
    at render (http://localhost:8820/assets/js/games/link.js:318:16)
    at http://localhost:8820/assets/js/games/link.js:376:44
    at frame (http://localhost:8820/assets/js/games/engine.js:217:29) @ http://localhost:8820/assets/js/games/engine.js:216
[    1063ms] [ERROR] [GameKit] link ReferenceError: i is not defined
    at render (http://localhost:8820/assets/js/games/link.js:318:16)
    at http://localhost:8820/assets/js/games/link.js:376:44
    at frame (http://localhost:8820/assets/js/games/engine.js:217:29) @ http://localhost:8820/assets/js/games/engine.js:216
[    1080ms] [ERROR] [GameKit] link ReferenceError: i is not defined
    at render (http://localhost:8820/assets/js/games/link.js:318:16)
    at http://localhost:8820/assets/js/games/link.js:376:44
    at frame (http://localhost:8820/assets/js/games/engine.js:217:29) @ http://localhost:8820/assets/js/games/engine.js:216
[    1097ms] [ERROR] [GameKit] link ReferenceError: i is not defined
    at render (http://localhost:8820/assets/js/games/link.js:318:16)
    at http://localhost:8820/assets/js/games/link.js:376:44
    at frame (http://localhost:8820/assets/js/games/engine.js:217:29) @ http://localhost:8820/assets/js/games/engine.js:216
[    1113ms] [ERROR] [GameKit] link ReferenceError: i is not defined
    at render (http://localhost:8820/assets/js/games/link.js:318:16)
    at http://localhost:8820/assets/js/games/link.js:376:44
    at frame (http://localhost:8820/assets/js/games/engine.js:217:29) @ http://localhost:8820/assets/js/games/engine.js:216
[    1130ms] [ERROR] [GameKit] link ReferenceError: i is not defined
    at render (http://localhost:8820/assets/js/games/link.js:318:16)
    at http://localhost:8820/assets/js/games/link.js:376:44
    at frame (http://localhost:8820/assets/js/games/engine.js:217:29) @ http://localhost:8820/assets/js/games/engine.js:216
[    1132ms] [WARNING] The AudioContext was not allowed to start. It must be resumed (or created) after a user gesture on the page. https://developer.chrome.com/blog/autoplay/#web_audio @ http://localhost:8820/assets/js/sfx.js:29
[    1133ms] [WARNING] The AudioContext was not allowed to start. It must be resumed (or created) after a user gesture on the page. https://developer.chrome.com/blog/autoplay/#web_audio @ http://localhost:8820/assets/js/sfx.js:88
[    1147ms] [ERROR] [GameKit] link ReferenceError: i is not defined
    at render (http://localhost:8820/assets/js/games/link.js:318:16)
    at http://localhost:8820/assets/js/games/link.js:376:44
    at frame (http://localhost:8820/assets/js/games/engine.js:217:29) @ http://localhost:8820/assets/js/games/engine.js:216
[    1163ms] [ERROR] [GameKit] link ReferenceError: i is not defined
    at render (http://localhost:8820/assets/js/games/link.js:318:16)
    at http://localhost:8820/assets/js/games/link.js:376:44
    at frame (http://localhost:8820/assets/js/games/engine.js:217:29) @ http://localhost:8820/assets/js/games/engine.js:216
[    1180ms] [ERROR] [GameKit] link ReferenceError: i is not defined
    at render (http://localhost:8820/assets/js/games/link.js:318:16)
    at http://localhost:8820/assets/js/games/link.js:376:44
    at frame (http://localhost:8820/assets/js/games/engine.js:217:29) @ http://localhost:8820/assets/js/games/engine.js:216
[    1197ms] [ERROR] [GameKit] link ReferenceError: i is not defined
    at render (http://localhost:8820/assets/js/games/link.js:318:16)
    at http://localhost:8820/assets/js/games/link.js:376:44
    at frame (http://localhost:8820/assets/js/games/engine.js:217:29) @ http://localhost:8820/assets/js/games/engine.js:216
[    1213ms] [ERROR] [GameKit] link ReferenceError: i is not defined
    at render (http://localhost:8820/assets/js/games/link.js:318:16)
    at http://localhost:8820/assets/js/games/link.js:376:44
    at frame (http://localhost:8820/assets/js/games/engine.js:217:29) @ http://localhost:8820/assets/js/games/engine.js:216
[    1230ms] [ERROR] [GameKit] link ReferenceError: i is not defined
    at render (http://localhost:8820/assets/js/games/link.js:318:16)
    at http://localhost:8820/assets/js/games/link.js:376:44
    at frame (http://localhost:8820/assets/js/games/engine.js:217:29) @ http://localhost:8820/assets/js/games/engine.js:216
[    1246ms] [ERROR] [GameKit] link ReferenceError: i is not defined
    at render (http://localhost:8820/assets/js/games/link.js:318:16)
    at http://localhost:8820/assets/js/games/link.js:376:44
    at frame (http://localhost:8820/assets/js/games/engine.js:217:29) @ http://localhost:8820/assets/js/games/engine.js:216
[    1263ms] [ERROR] [GameKit] link ReferenceError: i is not defined
    at render (http://localhost:8820/assets/js/games/link.js:318:16)
    at http://localhost:8820/assets/js/games/link.js:376:44
    at frame (http://localhost:8820/assets/js/games/engine.js:217:29) @ http://localhost:8820/assets/js/games/engine.js:216
[    1280ms] [ERROR] [GameKit] link ReferenceError: i is not defined
    at render (http://localhost:8820/assets/js/games/link.js:318:16)
    at http://localhost:8820/assets/js/games/link.js:376:44
    at frame (http://localhost:8820/assets/js/games/engine.js:217:29) @ http://localhost:8820/assets/js/games/engine.js:216
[    1297ms] [ERROR] [GameKit] link ReferenceError: i is not defined
    at render (http://localhost:8820/assets/js/games/link.js:318:16)
    at http://localhost:8820/assets/js/games/link.js:376:44
    at frame (http://localhost:8820/assets/js/games/engine.js:217:29) @ http://localhost:8820/assets/js/games/engine.js:216
[    1313ms] [ERROR] [GameKit] link ReferenceError: i is not defined
    at render (http://localhost:8820/assets/js/games/link.js:318:16)
    at http://localhost:8820/assets/js/games/link.js:376:44
    at frame (http://localhost:8820/assets/js/games/engine.js:217:29) @ http://localhost:8820/assets/js/games/engine.js:216
[    1330ms] [ERROR] [GameKit] link ReferenceError: i is not defined
    at render (http://localhost:8820/assets/js/games/link.js:318:16)
    at http://localhost:8820/assets/js/games/link.js:376:44
    at frame (http://localhost:8820/assets/js/games/engine.js:217:29) @ http://localhost:8820/assets/js/games/engine.js:216
[    1347ms] [ERROR] [GameKit] link ReferenceError: i is not defined
    at render (http://localhost:8820/assets/js/games/link.js:318:16)
    at http://localhost:8820/assets/js/games/link.js:376:44
    at frame (http://localhost:8820/assets/js/games/engine.js:217:29) @ http://localhost:8820/assets/js/games/engine.js:216
[    1363ms] [ERROR] [GameKit] link ReferenceError: i is not defined
    at render (http://localhost:8820/assets/js/games/link.js:318:16)
    at http://localhost:8820/assets/js/games/link.js:376:44
    at frame (http://localhost:8820/assets/js/games/engine.js:217:29) @ http://localhost:8820/assets/js/games/engine.js:216
[    1380ms] [ERROR] [GameKit] link ReferenceError: i is not defined
    at render (http://localhost:8820/assets/js/games/link.js:318:16)
    at http://localhost:8820/assets/js/games/link.js:376:44
    at frame (http://localhost:8820/assets/js/games/engine.js:217:29) @ http://localhost:8820/assets/js/games/engine.js:216
[    1397ms] [ERROR] [GameKit] link ReferenceError: i is not defined
    at render (http://localhost:8820/assets/js/games/link.js:318:16)
    at http://localhost:8820/assets/js/games/link.js:376:44
    at frame (http://localhost:8820/assets/js/games/engine.js:217:29) @ http://localhost:8820/assets/js/games/engine.js:216
[    1413ms] [ERROR] [GameKit] link ReferenceError: i is not defined
    at render (http://localhost:8820/assets/js/games/link.js:318:16)
    at http://localhost:8820/assets/js/games/link.js:376:44
    at frame (http://localhost:8820/assets/js/games/engine.js:217:29) @ http://localhost:8820/assets/js/games/engine.js:216
[    1430ms] [ERROR] [GameKit] link ReferenceError: i is not defined
    at render (http://localhost:8820/assets/js/games/link.js:318:16)
    at http://localhost:8820/assets/js/games/link.js:376:44
    at frame (http://localhost:8820/assets/js/games/engine.js:217:29) @ http://localhost:8820/assets/js/games/engine.js:216
[    1447ms] [ERROR] [GameKit] link ReferenceError: i is not defined
    at render (http://localhost:8820/assets/js/games/link.js:318:16)
    at http://localhost:8820/assets/js/games/link.js:376:44
    at frame (http://localhost:8820/assets/js/games/engine.js:217:29) @ http://localhost:8820/assets/js/games/engine.js:216
[    1459ms] [WARNING] The AudioContext was not allowed to start. It must be resumed (or created) after a user gesture on the page. https://developer.chrome.com/blog/autoplay/#web_audio @ http://localhost:8820/assets/js/sfx.js:29
[    1460ms] [WARNING] The AudioContext was not allowed to start. It must be resumed (or created) after a user gesture on the page. https://developer.chrome.com/blog/autoplay/#web_audio @ http://localhost:8820/assets/js/sfx.js:88
[    1460ms] [WARNING] The AudioContext was not allowed to start. It must be resumed (or created) after a user gesture on the page. https://developer.chrome.com/blog/autoplay/#web_audio @ http://localhost:8820/assets/js/sfx.js:29
[    1460ms] [WARNING] The AudioContext was not allowed to start. It must be resumed (or created) after a user gesture on the page. https://developer.chrome.com/blog/autoplay/#web_audio @ http://localhost:8820/assets/js/sfx.js:88
[    1464ms] [ERROR] [GameKit] link ReferenceError: i is not defined
    at render (http://localhost:8820/assets/js/games/link.js:318:16)
    at http://localhost:8820/assets/js/games/link.js:376:44
    at frame (http://localhost:8820/assets/js/games/engine.js:217:29) @ http://localhost:8820/assets/js/games/engine.js:216
[    1480ms] [ERROR] [GameKit] link ReferenceError: i is not defined
    at render (http://localhost:8820/assets/js/games/link.js:318:16)
    at http://localhost:8820/assets/js/games/link.js:376:44
    at frame (http://localhost:8820/assets/js/games/engine.js:217:29) @ http://localhost:8820/assets/js/games/engine.js:216
[    1496ms] [ERROR] [GameKit] link ReferenceError: i is not defined
    at render (http://localhost:8820/assets/js/games/link.js:318:16)
    at http://localhost:8820/assets/js/games/link.js:376:44
    at frame (http://localhost:8820/assets/js/games/engine.js:217:29) @ http://localhost:8820/assets/js/games/engine.js:216
[    1513ms] [ERROR] [GameKit] link ReferenceError: i is not defined
    at render (http://localhost:8820/assets/js/games/link.js:318:16)
    at http://localhost:8820/assets/js/games/link.js:376:44
    at frame (http://localhost:8820/assets/js/games/engine.js:217:29) @ http://localhost:8820/assets/js/games/engine.js:216
[    1530ms] [ERROR] [GameKit] link ReferenceError: i is not defined
    at render (http://localhost:8820/assets/js/games/link.js:318:16)
    at http://localhost:8820/assets/js/games/link.js:376:44
    at frame (http://localhost:8820/assets/js/games/engine.js:217:29) @ http://localhost:8820/assets/js/games/engine.js:216
[    1546ms] [ERROR] [GameKit] link ReferenceError: i is not defined
    at render (http://localhost:8820/assets/js/games/link.js:318:16)
    at http://localhost:8820/assets/js/games/link.js:376:44
    at frame (http://localhost:8820/assets/js/games/engine.js:217:29) @ http://localhost:8820/assets/js/games/engine.js:216
[    1564ms] [ERROR] [GameKit] link ReferenceError: i is not defined
    at render (http://localhost:8820/assets/js/games/link.js:318:16)
    at http://localhost:8820/assets/js/games/link.js:376:44
    at frame (http://localhost:8820/assets/js/games/engine.js:217:29) @ http://localhost:8820/assets/js/games/engine.js:216
[    1580ms] [ERROR] [GameKit] link ReferenceError: i is not defined
    at render (http://localhost:8820/assets/js/games/link.js:318:16)
    at http://localhost:8820/assets/js/games/link.js:376:44
    at frame (http://localhost:8820/assets/js/games/engine.js:217:29) @ http://localhost:8820/assets/js/games/engine.js:216
[    1596ms] [ERROR] [GameKit] link ReferenceError: i is not defined
    at render (http://localhost:8820/assets/js/games/link.js:318:16)
    at http://localhost:8820/assets/js/games/link.js:376:44
    at frame (http://localhost:8820/assets/js/games/engine.js:217:29) @ http://localhost:8820/assets/js/games/engine.js:216
[    1613ms] [ERROR] [GameKit] link ReferenceError: i is not defined
    at render (http://localhost:8820/assets/js/games/link.js:318:16)
    at http://localhost:8820/assets/js/games/link.js:376:44
    at frame (http://localhost:8820/assets/js/games/engine.js:217:29) @ http://localhost:8820/assets/js/games/engine.js:216
[    1631ms] [ERROR] [GameKit] link ReferenceError: i is not defined
    at render (http://localhost:8820/assets/js/games/link.js:318:16)
    at http://localhost:8820/assets/js/games/link.js:376:44
    at frame (http://localhost:8820/assets/js/games/engine.js:217:29) @ http://localhost:8820/assets/js/games/engine.js:216
[    1646ms] [ERROR] [GameKit] link ReferenceError: i is not defined
    at render (http://localhost:8820/assets/js/games/link.js:318:16)
    at http://localhost:8820/assets/js/games/link.js:376:44
    at frame (http://localhost:8820/assets/js/games/engine.js:217:29) @ http://localhost:8820/assets/js/games/engine.js:216
[    1663ms] [ERROR] [GameKit] link ReferenceError: i is not defined
    at render (http://localhost:8820/assets/js/games/link.js:318:16)
    at http://localhost:8820/assets/js/games/link.js:376:44
    at frame (http://localhost:8820/assets/js/games/engine.js:217:29) @ http://localhost:8820/assets/js/games/engine.js:216
[    1680ms] [ERROR] [GameKit] link ReferenceError: i is not defined
    at render (http://localhost:8820/assets/js/games/link.js:318:16)
    at http://localhost:8820/assets/js/games/link.js:376:44
    at frame (http://localhost:8820/assets/js/games/engine.js:217:29) @ http://localhost:8820/assets/js/games/engine.js:216
[    1697ms] [ERROR] [GameKit] link ReferenceError: i is not defined
    at render (http://localhost:8820/assets/js/games/link.js:318:16)
    at http://localhost:8820/assets/js/games/link.js:376:44
    at frame (http://localhost:8820/assets/js/games/engine.js:217:29) @ http://localhost:8820/assets/js/games/engine.js:216
[    1713ms] [ERROR] [GameKit] link ReferenceError: i is not defined
    at render (http://localhost:8820/assets/js/games/link.js:318:16)
    at http://localhost:8820/assets/js/games/link.js:376:44
    at frame (http://localhost:8820/assets/js/games/engine.js:217:29) @ http://localhost:8820/assets/js/games/engine.js:216
[    1730ms] [ERROR] [GameKit] link ReferenceError: i is not defined
    at render (http://localhost:8820/assets/js/games/link.js:318:16)
    at http://localhost:8820/assets/js/games/link.js:376:44
    at frame (http://localhost:8820/assets/js/games/engine.js:217:29) @ http://localhost:8820/assets/js/games/engine.js:216
[    1747ms] [ERROR] [GameKit] link ReferenceError: i is not defined
    at render (http://localhost:8820/assets/js/games/link.js:318:16)
    at http://localhost:8820/assets/js/games/link.js:376:44
    at frame (http://localhost:8820/assets/js/games/engine.js:217:29) @ http://localhost:8820/assets/js/games/engine.js:216
[    1764ms] [ERROR] [GameKit] link ReferenceError: i is not defined
    at render (http://localhost:8820/assets/js/games/link.js:318:16)
    at http://localhost:8820/assets/js/games/link.js:376:44
    at frame (http://localhost:8820/assets/js/games/engine.js:217:29) @ http://localhost:8820/assets/js/games/engine.js:216
[    1780ms] [ERROR] [GameKit] link ReferenceError: i is not defined
    at render (http://localhost:8820/assets/js/games/link.js:318:16)
    at http://localhost:8820/assets/js/games/link.js:376:44
    at frame (http://localhost:8820/assets/js/games/engine.js:217:29) @ http://localhost:8820/assets/js/games/engine.js:216
[    1797ms] [ERROR] [GameKit] link ReferenceError: i is not defined
    at render (http://localhost:8820/assets/js/games/link.js:318:16)
    at http://localhost:8820/assets/js/games/link.js:376:44
    at frame (http://localhost:8820/assets/js/games/engine.js:217:29) @ http://localhost:8820/assets/js/games/engine.js:216
[    1813ms] [ERROR] [GameKit] link ReferenceError: i is not defined
    at render (http://localhost:8820/assets/js/games/link.js:318:16)
    at http://localhost:8820/assets/js/games/link.js:376:44
    at frame (http://localhost:8820/assets/js/games/engine.js:217:29) @ http://localhost:8820/assets/js/games/engine.js:216
[    1815ms] [WARNING] The AudioContext was not allowed to start. It must be resumed (or created) after a user gesture on the page. https://developer.chrome.com/blog/autoplay/#web_audio @ http://localhost:8820/assets/js/sfx.js:29
[    1815ms] [WARNING] The AudioContext was not allowed to start. It must be resumed (or created) after a user gesture on the page. https://developer.chrome.com/blog/autoplay/#web_audio @ http://localhost:8820/assets/js/sfx.js:88
[    1830ms] [ERROR] [GameKit] link ReferenceError: i is not defined
    at render (http://localhost:8820/assets/js/games/link.js:318:16)
    at http://localhost:8820/assets/js/games/link.js:376:44
    at frame (http://localhost:8820/assets/js/games/engine.js:217:29) @ http://localhost:8820/assets/js/games/engine.js:216
[    1847ms] [ERROR] [GameKit] link ReferenceError: i is not defined
    at render (http://localhost:8820/assets/js/games/link.js:318:16)
    at http://localhost:8820/assets/js/games/link.js:376:44
    at frame (http://localhost:8820/assets/js/games/engine.js:217:29) @ http://localhost:8820/assets/js/games/engine.js:216
[    1863ms] [ERROR] [GameKit] link ReferenceError: i is not defined
    at render (http://localhost:8820/assets/js/games/link.js:318:16)
    at http://localhost:8820/assets/js/games/link.js:376:44
    at frame (http://localhost:8820/assets/js/games/engine.js:217:29) @ http://localhost:8820/assets/js/games/engine.js:216
[    1880ms] [ERROR] [GameKit] link ReferenceError: i is not defined
    at render (http://localhost:8820/assets/js/games/link.js:318:16)
    at http://localhost:8820/assets/js/games/link.js:376:44
    at frame (http://localhost:8820/assets/js/games/engine.js:217:29) @ http://localhost:8820/assets/js/games/engine.js:216
[    1897ms] [ERROR] [GameKit] link ReferenceError: i is not defined
    at render (http://localhost:8820/assets/js/games/link.js:318:16)
    at http://localhost:8820/assets/js/games/link.js:376:44
    at frame (http://localhost:8820/assets/js/games/engine.js:217:29) @ http://localhost:8820/assets/js/games/engine.js:216
[    1914ms] [ERROR] [GameKit] link ReferenceError: i is not defined
    at render (http://localhost:8820/assets/js/games/link.js:318:16)
    at http://localhost:8820/assets/js/games/link.js:376:44
    at frame (http://localhost:8820/assets/js/games/engine.js:217:29) @ http://localhost:8820/assets/js/games/engine.js:216
[    1930ms] [ERROR] [GameKit] link ReferenceError: i is not defined
    at render (http://localhost:8820/assets/js/games/link.js:318:16)
    at http://localhost:8820/assets/js/games/link.js:376:44
    at frame (http://localhost:8820/assets/js/games/engine.js:217:29) @ http://localhost:8820/assets/js/games/engine.js:216
[    1947ms] [ERROR] [GameKit] link ReferenceError: i is not defined
    at render (http://localhost:8820/assets/js/games/link.js:318:16)
    at http://localhost:8820/assets/js/games/link.js:376:44
    at frame (http://localhost:8820/assets/js/games/engine.js:217:29) @ http://localhost:8820/assets/js/games/engine.js:216
[    1963ms] [ERROR] [GameKit] link ReferenceError: i is not defined
    at render (http://localhost:8820/assets/js/games/link.js:318:16)
    at http://localhost:8820/assets/js/games/link.js:376:44
    at frame (http://localhost:8820/assets/js/games/engine.js:217:29) @ http://localhost:8820/assets/js/games/engine.js:216
[    1980ms] [ERROR] [GameKit] link ReferenceError: i is not defined
    at render (http://localhost:8820/assets/js/games/link.js:318:16)
    at http://localhost:8820/assets/js/games/link.js:376:44
    at frame (http://localhost:8820/assets/js/games/engine.js:217:29) @ http://localhost:8820/assets/js/games/engine.js:216
[    1997ms] [ERROR] [GameKit] link ReferenceError: i is not defined
    at render (http://localhost:8820/assets/js/games/link.js:318:16)
    at http://localhost:8820/assets/js/games/link.js:376:44
    at frame (http://localhost:8820/assets/js/games/engine.js:217:29) @ http://localhost:8820/assets/js/games/engine.js:216
[    2013ms] [ERROR] [GameKit] link ReferenceError: i is not defined
    at render (http://localhost:8820/assets/js/games/link.js:318:16)
    at http://localhost:8820/assets/js/games/link.js:376:44
    at frame (http://localhost:8820/assets/js/games/engine.js:217:29) @ http://localhost:8820/assets/js/games/engine.js:216
[    2030ms] [ERROR] [GameKit] link ReferenceError: i is not defined
    at render (http://localhost:8820/assets/js/games/link.js:318:16)
    at http://localhost:8820/assets/js/games/link.js:376:44
    at frame (http://localhost:8820/assets/js/games/engine.js:217:29) @ http://localhost:8820/assets/js/games/engine.js:216
[    2047ms] [ERROR] [GameKit] link ReferenceError: i is not defined
    at render (http://localhost:8820/assets/js/games/link.js:318:16)
    at http://localhost:8820/assets/js/games/link.js:376:44
    at frame (http://localhost:8820/assets/js/games/engine.js:217:29) @ http://localhost:8820/assets/js/games/engine.js:216
[    2063ms] [ERROR] [GameKit] link ReferenceError: i is not defined
    at render (http://localhost:8820/assets/js/games/link.js:318:16)
    at http://localhost:8820/assets/js/games/link.js:376:44
    at frame (http://localhost:8820/assets/js/games/engine.js:217:29) @ http://localhost:8820/assets/js/games/engine.js:216
[    2080ms] [ERROR] [GameKit] link ReferenceError: i is not defined
    at render (http://localhost:8820/assets/js/games/link.js:318:16)
    at http://localhost:8820/assets/js/games/link.js:376:44
    at frame (http://localhost:8820/assets/js/games/engine.js:217:29) @ http://localhost:8820/assets/js/games/engine.js:216
[    2096ms] [ERROR] [GameKit] link ReferenceError: i is not defined
    at render (http://localhost:8820/assets/js/games/link.js:318:16)
    at http://localhost:8820/assets/js/games/link.js:376:44
    at frame (http://localhost:8820/assets/js/games/engine.js:217:29) @ http://localhost:8820/assets/js/games/engine.js:216
[    2113ms] [ERROR] [GameKit] link ReferenceError: i is not defined
    at render (http://localhost:8820/assets/js/games/link.js:318:16)
    at http://localhost:8820/assets/js/games/link.js:376:44
    at frame (http://localhost:8820/assets/js/games/engine.js:217:29) @ http://localhost:8820/assets/js/games/engine.js:216
[    2130ms] [ERROR] [GameKit] link ReferenceError: i is not defined
    at render (http://localhost:8820/assets/js/games/link.js:318:16)
    at http://localhost:8820/assets/js/games/link.js:376:44
    at frame (http://localhost:8820/assets/js/games/engine.js:217:29) @ http://localhost:8820/assets/js/games/engine.js:216
[    2147ms] [ERROR] [GameKit] link ReferenceError: i is not defined
    at render (http://localhost:8820/assets/js/games/link.js:318:16)
    at http://localhost:8820/assets/js/games/link.js:376:44
    at frame (http://localhost:8820/assets/js/games/engine.js:217:29) @ http://localhost:8820/assets/js/games/engine.js:216
[    2148ms] [WARNING] The AudioContext was not allowed to start. It must be resumed (or created) after a user gesture on the page. https://developer.chrome.com/blog/autoplay/#web_audio @ http://localhost:8820/assets/js/sfx.js:29
[    2148ms] [WARNING] The AudioContext was not allowed to start. It must be resumed (or created) after a user gesture on the page. https://developer.chrome.com/blog/autoplay/#web_audio @ http://localhost:8820/assets/js/sfx.js:88
[    2148ms] [WARNING] The AudioContext was not allowed to start. It must be resumed (or created) after a user gesture on the page. https://developer.chrome.com/blog/autoplay/#web_audio @ http://localhost:8820/assets/js/sfx.js:29
[    2148ms] [WARNING] The AudioContext was not allowed to start. It must be resumed (or created) after a user gesture on the page. https://developer.chrome.com/blog/autoplay/#web_audio @ http://localhost:8820/assets/js/sfx.js:88
[    2164ms] [ERROR] [GameKit] link ReferenceError: i is not defined
    at render (http://localhost:8820/assets/js/games/link.js:318:16)
    at http://localhost:8820/assets/js/games/link.js:376:44
    at frame (http://localhost:8820/assets/js/games/engine.js:217:29) @ http://localhost:8820/assets/js/games/engine.js:216
[    2180ms] [ERROR] [GameKit] link ReferenceError: i is not defined
    at render (http://localhost:8820/assets/js/games/link.js:318:16)
    at http://localhost:8820/assets/js/games/link.js:376:44
    at frame (http://localhost:8820/assets/js/games/engine.js:217:29) @ http://localhost:8820/assets/js/games/engine.js:216
[    2196ms] [ERROR] [GameKit] link ReferenceError: i is not defined
    at render (http://localhost:8820/assets/js/games/link.js:318:16)
    at http://localhost:8820/assets/js/games/link.js:376:44
    at frame (http://localhost:8820/assets/js/games/engine.js:217:29) @ http://localhost:8820/assets/js/games/engine.js:216
[    2213ms] [ERROR] [GameKit] link ReferenceError: i is not defined
    at render (http://localhost:8820/assets/js/games/link.js:318:16)
    at http://localhost:8820/assets/js/games/link.js:376:44
    at frame (http://localhost:8820/assets/js/games/engine.js:217:29) @ http://localhost:8820/assets/js/games/engine.js:216
[    2230ms] [ERROR] [GameKit] link ReferenceError: i is not defined
    at render (http://localhost:8820/assets/js/games/link.js:318:16)
    at http://localhost:8820/assets/js/games/link.js:376:44
    at frame (http://localhost:8820/assets/js/games/engine.js:217:29) @ http://localhost:8820/assets/js/games/engine.js:216
[    2247ms] [ERROR] [GameKit] link ReferenceError: i is not defined
    at render (http://localhost:8820/assets/js/games/link.js:318:16)
    at http://localhost:8820/assets/js/games/link.js:376:44
    at frame (http://localhost:8820/assets/js/games/engine.js:217:29) @ http://localhost:8820/assets/js/games/engine.js:216
[    2263ms] [ERROR] [GameKit] link ReferenceError: i is not defined
    at render (http://localhost:8820/assets/js/games/link.js:318:16)
    at http://localhost:8820/assets/js/games/link.js:376:44
    at frame (http://localhost:8820/assets/js/games/engine.js:217:29) @ http://localhost:8820/assets/js/games/engine.js:216
[    2280ms] [ERROR] [GameKit] link ReferenceError: i is not defined
    at render (http://localhost:8820/assets/js/games/link.js:318:16)
    at http://localhost:8820/assets/js/games/link.js:376:44
    at frame (http://localhost:8820/assets/js/games/engine.js:217:29) @ http://localhost:8820/assets/js/games/engine.js:216
[    2296ms] [ERROR] [GameKit] link ReferenceError: i is not defined
    at render (http://localhost:8820/assets/js/games/link.js:318:16)
    at http://localhost:8820/assets/js/games/link.js:376:44
    at frame (http://localhost:8820/assets/js/games/engine.js:217:29) @ http://localhost:8820/assets/js/games/engine.js:216
[    2313ms] [ERROR] [GameKit] link ReferenceError: i is not defined
    at render (http://localhost:8820/assets/js/games/link.js:318:16)
    at http://localhost:8820/assets/js/games/link.js:376:44
    at frame (http://localhost:8820/assets/js/games/engine.js:217:29) @ http://localhost:8820/assets/js/games/engine.js:216
[    2330ms] [ERROR] [GameKit] link ReferenceError: i is not defined
    at render (http://localhost:8820/assets/js/games/link.js:318:16)
    at http://localhost:8820/assets/js/games/link.js:376:44
    at frame (http://localhost:8820/assets/js/games/engine.js:217:29) @ http://localhost:8820/assets/js/games/engine.js:216
[    2347ms] [ERROR] [GameKit] link ReferenceError: i is not defined
    at render (http://localhost:8820/assets/js/games/link.js:318:16)
    at http://localhost:8820/assets/js/games/link.js:376:44
    at frame (http://localhost:8820/assets/js/games/engine.js:217:29) @ http://localhost:8820/assets/js/games/engine.js:216
[    2363ms] [ERROR] [GameKit] link ReferenceError: i is not defined
    at render (http://localhost:8820/assets/js/games/link.js:318:16)
    at http://localhost:8820/assets/js/games/link.js:376:44
    at frame (http://localhost:8820/assets/js/games/engine.js:217:29) @ http://localhost:8820/assets/js/games/engine.js:216
[    2380ms] [ERROR] [GameKit] link ReferenceError: i is not defined
    at render (http://localhost:8820/assets/js/games/link.js:318:16)
    at http://localhost:8820/assets/js/games/link.js:376:44
    at frame (http://localhost:8820/assets/js/games/engine.js:217:29) @ http://localhost:8820/assets/js/games/engine.js:216
[    2396ms] [ERROR] [GameKit] link ReferenceError: i is not defined
    at render (http://localhost:8820/assets/js/games/link.js:318:16)
    at http://localhost:8820/assets/js/games/link.js:376:44
    at frame (http://localhost:8820/assets/js/games/engine.js:217:29) @ http://localhost:8820/assets/js/games/engine.js:216
[    2413ms] [ERROR] [GameKit] link ReferenceError: i is not defined
    at render (http://localhost:8820/assets/js/games/link.js:318:16)
    at http://localhost:8820/assets/js/games/link.js:376:44
    at frame (http://localhost:8820/assets/js/games/engine.js:217:29) @ http://localhost:8820/assets/js/games/engine.js:216
[    2430ms] [ERROR] [GameKit] link ReferenceError: i is not defined
    at render (http://localhost:8820/assets/js/games/link.js:318:16)
    at http://localhost:8820/assets/js/games/link.js:376:44
    at frame (http://localhost:8820/assets/js/games/engine.js:217:29) @ http://localhost:8820/assets/js/games/engine.js:216
[    2447ms] [ERROR] [GameKit] link ReferenceError: i is not defined
    at render (http://localhost:8820/assets/js/games/link.js:318:16)
    at http://localhost:8820/assets/js/games/link.js:376:44
    at frame (http://localhost:8820/assets/js/games/engine.js:217:29) @ http://localhost:8820/assets/js/games/engine.js:216
[    2463ms] [ERROR] [GameKit] link ReferenceError: i is not defined
    at render (http://localhost:8820/assets/js/games/link.js:318:16)
    at http://localhost:8820/assets/js/games/link.js:376:44
    at frame (http://localhost:8820/assets/js/games/engine.js:217:29) @ http://localhost:8820/assets/js/games/engine.js:216
[    2480ms] [ERROR] [GameKit] link ReferenceError: i is not defined
    at render (http://localhost:8820/assets/js/games/link.js:318:16)
    at http://localhost:8820/assets/js/games/link.js:376:44
    at frame (http://localhost:8820/assets/js/games/engine.js:217:29) @ http://localhost:8820/assets/js/games/engine.js:216
[    2497ms] [ERROR] [GameKit] link ReferenceError: i is not defined
    at render (http://localhost:8820/assets/js/games/link.js:318:16)
    at http://localhost:8820/assets/js/games/link.js:376:44
    at frame (http://localhost:8820/assets/js/games/engine.js:217:29) @ http://localhost:8820/assets/js/games/engine.js:216
[    2513ms] [ERROR] [GameKit] link ReferenceError: i is not defined
    at render (http://localhost:8820/assets/js/games/link.js:318:16)
    at http://localhost:8820/assets/js/games/link.js:376:44
    at frame (http://localhost:8820/assets/js/games/engine.js:217:29) @ http://localhost:8820/assets/js/games/engine.js:216
[    2530ms] [ERROR] [GameKit] link ReferenceError: i is not defined
    at render (http://localhost:8820/assets/js/games/link.js:318:16)
    at http://localhost:8820/assets/js/games/link.js:376:44
    at frame (http://localhost:8820/assets/js/games/engine.js:217:29) @ http://localhost:8820/assets/js/games/engine.js:216
[    2546ms] [ERROR] [GameKit] link ReferenceError: i is not defined
    at render (http://localhost:8820/assets/js/games/link.js:318:16)
    at http://localhost:8820/assets/js/games/link.js:376:44
    at frame (http://localhost:8820/assets/js/games/engine.js:217:29) @ http://localhost:8820/assets/js/games/engine.js:216
[    2563ms] [ERROR] [GameKit] link ReferenceError: i is not defined
    at render (http://localhost:8820/assets/js/games/link.js:318:16)
    at http://localhost:8820/assets/js/games/link.js:376:44
    at frame (http://localhost:8820/assets/js/games/engine.js:217:29) @ http://localhost:8820/assets/js/games/engine.js:216
[    2580ms] [ERROR] [GameKit] link ReferenceError: i is not defined
    at render (http://localhost:8820/assets/js/games/link.js:318:16)
    at http://localhost:8820/assets/js/games/link.js:376:44
    at frame (http://localhost:8820/assets/js/games/engine.js:217:29) @ http://localhost:8820/assets/js/games/engine.js:216
[    2596ms] [ERROR] [GameKit] link ReferenceError: i is not defined
    at render (http://localhost:8820/assets/js/games/link.js:318:16)
    at http://localhost:8820/assets/js/games/link.js:376:44
    at frame (http://localhost:8820/assets/js/games/engine.js:217:29) @ http://localhost:8820/assets/js/games/engine.js:216
[    2613ms] [ERROR] [GameKit] link ReferenceError: i is not defined
    at render (http://localhost:8820/assets/js/games/link.js:318:16)
    at http://localhost:8820/assets/js/games/link.js:376:44
    at frame (http://localhost:8820/assets/js/games/engine.js:217:29) @ http://localhost:8820/assets/js/games/engine.js:216
[    2630ms] [ERROR] [GameKit] link ReferenceError: i is not defined
    at render (http://localhost:8820/assets/js/games/link.js:318:16)
    at http://localhost:8820/assets/js/games/link.js:376:44
    at frame (http://localhost:8820/assets/js/games/engine.js:217:29) @ http://localhost:8820/assets/js/games/engine.js:216
[    2647ms] [ERROR] [GameKit] link ReferenceError: i is not defined
    at render (http://localhost:8820/assets/js/games/link.js:318:16)
    at http://localhost:8820/assets/js/games/link.js:376:44
    at frame (http://localhost:8820/assets/js/games/engine.js:217:29) @ http://localhost:8820/assets/js/games/engine.js:216
[    2664ms] [ERROR] [GameKit] link ReferenceError: i is not defined
    at render (http://localhost:8820/assets/js/games/link.js:318:16)
    at http://localhost:8820/assets/js/games/link.js:376:44
    at frame (http://localhost:8820/assets/js/games/engine.js:217:29) @ http://localhost:8820/assets/js/games/engine.js:216
[    2680ms] [ERROR] [GameKit] link ReferenceError: i is not defined
    at render (http://localhost:8820/assets/js/games/link.js:318:16)
    at http://localhost:8820/assets/js/games/link.js:376:44
    at frame (http://localhost:8820/assets/js/games/engine.js:217:29) @ http://localhost:8820/assets/js/games/engine.js:216
[    2697ms] [ERROR] [GameKit] link ReferenceError: i is not defined
    at render (http://localhost:8820/assets/js/games/link.js:318:16)
    at http://localhost:8820/assets/js/games/link.js:376:44
    at frame (http://localhost:8820/assets/js/games/engine.js:217:29) @ http://localhost:8820/assets/js/games/engine.js:216
[    2713ms] [ERROR] [GameKit] link ReferenceError: i is not defined
    at render (http://localhost:8820/assets/js/games/link.js:318:16)
    at http://localhost:8820/assets/js/games/link.js:376:44
    at frame (http://localhost:8820/assets/js/games/engine.js:217:29) @ http://localhost:8820/assets/js/games/engine.js:216
[    2730ms] [ERROR] [GameKit] link ReferenceError: i is not defined
    at render (http://localhost:8820/assets/js/games/link.js:318:16)
    at http://localhost:8820/assets/js/games/link.js:376:44
    at frame (http://localhost:8820/assets/js/games/engine.js:217:29) @ http://localhost:8820/assets/js/games/engine.js:216
[    2747ms] [ERROR] [GameKit] link ReferenceError: i is not defined
    at render (http://localhost:8820/assets/js/games/link.js:318:16)
    at http://localhost:8820/assets/js/games/link.js:376:44
    at frame (http://localhost:8820/assets/js/games/engine.js:217:29) @ http://localhost:8820/assets/js/games/engine.js:216
[    2764ms] [ERROR] [GameKit] link ReferenceError: i is not defined
    at render (http://localhost:8820/assets/js/games/link.js:318:16)
    at http://localhost:8820/assets/js/games/link.js:376:44
    at frame (http://localhost:8820/assets/js/games/engine.js:217:29) @ http://localhost:8820/assets/js/games/engine.js:216
[    2780ms] [ERROR] [GameKit] link ReferenceError: i is not defined
    at render (http://localhost:8820/assets/js/games/link.js:318:16)
    at http://localhost:8820/assets/js/games/link.js:376:44
    at frame (http://localhost:8820/assets/js/games/engine.js:217:29) @ http://localhost:8820/assets/js/games/engine.js:216
[    2797ms] [ERROR] [GameKit] link ReferenceError: i is not defined
    at render (http://localhost:8820/assets/js/games/link.js:318:16)
    at http://localhost:8820/assets/js/games/link.js:376:44
    at frame (http://localhost:8820/assets/js/games/engine.js:217:29) @ http://localhost:8820/assets/js/games/engine.js:216
[    2813ms] [ERROR] [GameKit] link ReferenceError: i is not defined
    at render (http://localhost:8820/assets/js/games/link.js:318:16)
    at http://localhost:8820/assets/js/games/link.js:376:44
    at frame (http://localhost:8820/assets/js/games/engine.js:217:29) @ http://localhost:8820/assets/js/games/engine.js:216
[    2830ms] [ERROR] [GameKit] link ReferenceError: i is not defined
    at render (http://localhost:8820/assets/js/games/link.js:318:16)
    at http://localhost:8820/assets/js/games/link.js:376:44
    at frame (http://localhost:8820/assets/js/games/engine.js:217:29) @ http://localhost:8820/assets/js/games/engine.js:216
[    2846ms] [ERROR] [GameKit] link ReferenceError: i is not defined
    at render (http://localhost:8820/assets/js/games/link.js:318:16)
    at http://localhost:8820/assets/js/games/link.js:376:44
    at frame (http://localhost:8820/assets/js/games/engine.js:217:29) @ http://localhost:8820/assets/js/games/engine.js:216
[    2863ms] [ERROR] [GameKit] link ReferenceError: i is not defined
    at render (http://localhost:8820/assets/js/games/link.js:318:16)
    at http://localhost:8820/assets/js/games/link.js:376:44
    at frame (http://localhost:8820/assets/js/games/engine.js:217:29) @ http://localhost:8820/assets/js/games/engine.js:216
[    2880ms] [ERROR] [GameKit] link ReferenceError: i is not defined
    at render (http://localhost:8820/assets/js/games/link.js:318:16)
    at http://localhost:8820/assets/js/games/link.js:376:44
    at frame (http://localhost:8820/assets/js/games/engine.js:217:29) @ http://localhost:8820/assets/js/games/engine.js:216
[    2897ms] [ERROR] [GameKit] link ReferenceError: i is not defined
    at render (http://localhost:8820/assets/js/games/link.js:318:16)
    at http://localhost:8820/assets/js/games/link.js:376:44
    at frame (http://localhost:8820/assets/js/games/engine.js:217:29) @ http://localhost:8820/assets/js/games/engine.js:216
[    2914ms] [ERROR] [GameKit] link ReferenceError: i is not defined
    at render (http://localhost:8820/assets/js/games/link.js:318:16)
    at http://localhost:8820/assets/js/games/link.js:376:44
    at frame (http://localhost:8820/assets/js/games/engine.js:217:29) @ http://localhost:8820/assets/js/games/engine.js:216
[    2930ms] [ERROR] [GameKit] link ReferenceError: i is not defined
    at render (http://localhost:8820/assets/js/games/link.js:318:16)
    at http://localhost:8820/assets/js/games/link.js:376:44
    at frame (http://localhost:8820/assets/js/games/engine.js:217:29) @ http://localhost:8820/assets/js/games/engine.js:216
[    2946ms] [ERROR] [GameKit] link ReferenceError: i is not defined
    at render (http://localhost:8820/assets/js/games/link.js:318:16)
    at http://localhost:8820/assets/js/games/link.js:376:44
    at frame (http://localhost:8820/assets/js/games/engine.js:217:29) @ http://localhost:8820/assets/js/games/engine.js:216
[    2964ms] [ERROR] [GameKit] link ReferenceError: i is not defined
    at render (http://localhost:8820/assets/js/games/link.js:318:16)
    at http://localhost:8820/assets/js/games/link.js:376:44
    at frame (http://localhost:8820/assets/js/games/engine.js:217:29) @ http://localhost:8820/assets/js/games/engine.js:216
[    2981ms] [ERROR] [GameKit] link ReferenceError: i is not defined
    at render (http://localhost:8820/assets/js/games/link.js:318:16)
    at http://localhost:8820/assets/js/games/link.js:376:44
    at frame (http://localhost:8820/assets/js/games/engine.js:217:29) @ http://localhost:8820/assets/js/games/engine.js:216
[    2997ms] [ERROR] [GameKit] link ReferenceError: i is not defined
    at render (http://localhost:8820/assets/js/games/link.js:318:16)
    at http://localhost:8820/assets/js/games/link.js:376:44
    at frame (http://localhost:8820/assets/js/games/engine.js:217:29) @ http://localhost:8820/assets/js/games/engine.js:216
[    3013ms] [ERROR] [GameKit] link ReferenceError: i is not defined
    at render (http://localhost:8820/assets/js/games/link.js:318:16)
    at http://localhost:8820/assets/js/games/link.js:376:44
    at frame (http://localhost:8820/assets/js/games/engine.js:217:29) @ http://localhost:8820/assets/js/games/engine.js:216
[    3030ms] [ERROR] [GameKit] link ReferenceError: i is not defined
    at render (http://localhost:8820/assets/js/games/link.js:318:16)
    at http://localhost:8820/assets/js/games/link.js:376:44
    at frame (http://localhost:8820/assets/js/games/engine.js:217:29) @ http://localhost:8820/assets/js/games/engine.js:216
[    3047ms] [ERROR] [GameKit] link ReferenceError: i is not defined
    at render (http://localhost:8820/assets/js/games/link.js:318:16)
    at http://localhost:8820/assets/js/games/link.js:376:44
    at frame (http://localhost:8820/assets/js/games/engine.js:217:29) @ http://localhost:8820/assets/js/games/engine.js:216
[    3063ms] [ERROR] [GameKit] link ReferenceError: i is not defined
    at render (http://localhost:8820/assets/js/games/link.js:318:16)
    at http://localhost:8820/assets/js/games/link.js:376:44
    at frame (http://localhost:8820/assets/js/games/engine.js:217:29) @ http://localhost:8820/assets/js/games/engine.js:216
[    3080ms] [ERROR] [GameKit] link ReferenceError: i is not defined
    at render (http://localhost:8820/assets/js/games/link.js:318:16)
    at http://localhost:8820/assets/js/games/link.js:376:44
    at frame (http://localhost:8820/assets/js/games/engine.js:217:29) @ http://localhost:8820/assets/js/games/engine.js:216
[    3097ms] [ERROR] [GameKit] link ReferenceError: i is not defined
    at render (http://localhost:8820/assets/js/games/link.js:318:16)
    at http://localhost:8820/assets/js/games/link.js:376:44
    at frame (http://localhost:8820/assets/js/games/engine.js:217:29) @ http://localhost:8820/assets/js/games/engine.js:216
[    3113ms] [ERROR] [GameKit] link ReferenceError: i is not defined
    at render (http://localhost:8820/assets/js/games/link.js:318:16)
    at http://localhost:8820/assets/js/games/link.js:376:44
    at frame (http://localhost:8820/assets/js/games/engine.js:217:29) @ http://localhost:8820/assets/js/games/engine.js:216
[    3130ms] [ERROR] [GameKit] link ReferenceError: i is not defined
    at render (http://localhost:8820/assets/js/games/link.js:318:16)
    at http://localhost:8820/assets/js/games/link.js:376:44
    at frame (http://localhost:8820/assets/js/games/engine.js:217:29) @ http://localhost:8820/assets/js/games/engine.js:216
[    3147ms] [ERROR] [GameKit] link ReferenceError: i is not defined
    at render (http://localhost:8820/assets/js/games/link.js:318:16)
    at http://localhost:8820/assets/js/games/link.js:376:44
    at frame (http://localhost:8820/assets/js/games/engine.js:217:29) @ http://localhost:8820/assets/js/games/engine.js:216
[    4580ms] [ERROR] [GameKit] link ReferenceError: i is not defined
    at render (http://localhost:8820/assets/js/games/link.js:318:16)
    at http://localhost:8820/assets/js/games/link.js:376:44
    at frame (http://localhost:8820/assets/js/games/engine.js:217:29) @ http://localhost:8820/assets/js/games/engine.js:216
[    4597ms] [ERROR] [GameKit] link ReferenceError: i is not defined
    at render (http://localhost:8820/assets/js/games/link.js:318:16)
    at http://localhost:8820/assets/js/games/link.js:376:44
    at frame (http://localhost:8820/assets/js/games/engine.js:217:29) @ http://localhost:8820/assets/js/games/engine.js:216
[    4614ms] [ERROR] [GameKit] link ReferenceError: i is not defined
    at render (http://localhost:8820/assets/js/games/link.js:318:16)
    at http://localhost:8820/assets/js/games/link.js:376:44
    at frame (http://localhost:8820/assets/js/games/engine.js:217:29) @ http://localhost:8820/assets/js/games/engine.js:216
[    4630ms] [ERROR] [GameKit] link ReferenceError: i is not defined
    at render (http://localhost:8820/assets/js/games/link.js:318:16)
    at http://localhost:8820/assets/js/games/link.js:376:44
    at frame (http://localhost:8820/assets/js/games/engine.js:217:29) @ http://localhost:8820/assets/js/games/engine.js:216
[    4646ms] [ERROR] [GameKit] link ReferenceError: i is not defined
    at render (http://localhost:8820/assets/js/games/link.js:318:16)
    at http://localhost:8820/assets/js/games/link.js:376:44
    at frame (http://localhost:8820/assets/js/games/engine.js:217:29) @ http://localhost:8820/assets/js/games/engine.js:216
[    4663ms] [ERROR] [GameKit] link ReferenceError: i is not defined
    at render (http://localhost:8820/assets/js/games/link.js:318:16)
    at http://localhost:8820/assets/js/games/link.js:376:44
    at frame (http://localhost:8820/assets/js/games/engine.js:217:29) @ http://localhost:8820/assets/js/games/engine.js:216
[    4680ms] [ERROR] [GameKit] link ReferenceError: i is not defined
    at render (http://localhost:8820/assets/js/games/link.js:318:16)
    at http://localhost:8820/assets/js/games/link.js:376:44
    at frame (http://localhost:8820/assets/js/games/engine.js:217:29) @ http://localhost:8820/assets/js/games/engine.js:216
[    4697ms] [ERROR] [GameKit] link ReferenceError: i is not defined
    at render (http://localhost:8820/assets/js/games/link.js:318:16)
    at http://localhost:8820/assets/js/games/link.js:376:44
    at frame (http://localhost:8820/assets/js/games/engine.js:217:29) @ http://localhost:8820/assets/js/games/engine.js:216
[    4713ms] [ERROR] [GameKit] link ReferenceError: i is not defined
    at render (http://localhost:8820/assets/js/games/link.js:318:16)
    at http://localhost:8820/assets/js/games/link.js:376:44
    at frame (http://localhost:8820/assets/js/games/engine.js:217:29) @ http://localhost:8820/assets/js/games/engine.js:216
[    4730ms] [ERROR] [GameKit] link ReferenceError: i is not defined
    at render (http://localhost:8820/assets/js/games/link.js:318:16)
    at http://localhost:8820/assets/js/games/link.js:376:44
    at frame (http://localhost:8820/assets/js/games/engine.js:217:29) @ http://localhost:8820/assets/js/games/engine.js:216
[    4747ms] [ERROR] [GameKit] link ReferenceError: i is not defined
    at render (http://localhost:8820/assets/js/games/link.js:318:16)
    at http://localhost:8820/assets/js/games/link.js:376:44
    at frame (http://localhost:8820/assets/js/games/engine.js:217:29) @ http://localhost:8820/assets/js/games/engine.js:216
[    4763ms] [ERROR] [GameKit] link ReferenceError: i is not defined
    at render (http://localhost:8820/assets/js/games/link.js:318:16)
    at http://localhost:8820/assets/js/games/link.js:376:44
    at frame (http://localhost:8820/assets/js/games/engine.js:217:29) @ http://localhost:8820/assets/js/games/engine.js:216
[    4780ms] [ERROR] [GameKit] link ReferenceError: i is not defined
    at render (http://localhost:8820/assets/js/games/link.js:318:16)
    at http://localhost:8820/assets/js/games/link.js:376:44
    at frame (http://localhost:8820/assets/js/games/engine.js:217:29) @ http://localhost:8820/assets/js/games/engine.js:216
[    4797ms] [ERROR] [GameKit] link ReferenceError: i is not defined
    at render (http://localhost:8820/assets/js/games/link.js:318:16)
    at http://localhost:8820/assets/js/games/link.js:376:44
    at frame (http://localhost:8820/assets/js/games/engine.js:217:29) @ http://localhost:8820/assets/js/games/engine.js:216
[    4813ms] [ERROR] [GameKit] link ReferenceError: i is not defined
    at render (http://localhost:8820/assets/js/games/link.js:318:16)
    at http://localhost:8820/assets/js/games/link.js:376:44
    at frame (http://localhost:8820/assets/js/games/engine.js:217:29) @ http://localhost:8820/assets/js/games/engine.js:216
[    4830ms] [ERROR] [GameKit] link ReferenceError: i is not defined
    at render (http://localhost:8820/assets/js/games/link.js:318:16)
    at http://localhost:8820/assets/js/games/link.js:376:44
    at frame (http://localhost:8820/assets/js/games/engine.js:217:29) @ http://localhost:8820/assets/js/games/engine.js:216
[    4846ms] [ERROR] [GameKit] link ReferenceError: i is not defined
    at render (http://localhost:8820/assets/js/games/link.js:318:16)
    at http://localhost:8820/assets/js/games/link.js:376:44
    at frame (http://localhost:8820/assets/js/games/engine.js:217:29) @ http://localhost:8820/assets/js/games/engine.js:216
[    4863ms] [ERROR] [GameKit] link ReferenceError: i is not defined
    at render (http://localhost:8820/assets/js/games/link.js:318:16)
    at http://localhost:8820/assets/js/games/link.js:376:44
    at frame (http://localhost:8820/assets/js/games/engine.js:217:29) @ http://localhost:8820/assets/js/games/engine.js:216
[    4880ms] [ERROR] [GameKit] link ReferenceError: i is not defined
    at render (http://localhost:8820/assets/js/games/link.js:318:16)
    at http://localhost:8820/assets/js/games/link.js:376:44
    at frame (http://localhost:8820/assets/js/games/engine.js:217:29) @ http://localhost:8820/assets/js/games/engine.js:216
[    4897ms] [ERROR] [GameKit] link ReferenceError: i is not defined
    at render (http://localhost:8820/assets/js/games/link.js:318:16)
    at http://localhost:8820/assets/js/games/link.js:376:44
    at frame (http://localhost:8820/assets/js/games/engine.js:217:29) @ http://localhost:8820/assets/js/games/engine.js:216
[    4913ms] [ERROR] [GameKit] link ReferenceError: i is not defined
    at render (http://localhost:8820/assets/js/games/link.js:318:16)
    at http://localhost:8820/assets/js/games/link.js:376:44
    at frame (http://localhost:8820/assets/js/games/engine.js:217:29) @ http://localhost:8820/assets/js/games/engine.js:216
[    4930ms] [ERROR] [GameKit] link ReferenceError: i is not defined
    at render (http://localhost:8820/assets/js/games/link.js:318:16)
    at http://localhost:8820/assets/js/games/link.js:376:44
    at frame (http://localhost:8820/assets/js/games/engine.js:217:29) @ http://localhost:8820/assets/js/games/engine.js:216
[    4947ms] [ERROR] [GameKit] link ReferenceError: i is not defined
    at render (http://localhost:8820/assets/js/games/link.js:318:16)
    at http://localhost:8820/assets/js/games/link.js:376:44
    at frame (http://localhost:8820/assets/js/games/engine.js:217:29) @ http://localhost:8820/assets/js/games/engine.js:216
[    4963ms] [ERROR] [GameKit] link ReferenceError: i is not defined
    at render (http://localhost:8820/assets/js/games/link.js:318:16)
    at http://localhost:8820/assets/js/games/link.js:376:44
    at frame (http://localhost:8820/assets/js/games/engine.js:217:29) @ http://localhost:8820/assets/js/games/engine.js:216
[    4980ms] [ERROR] [GameKit] link ReferenceError: i is not defined
    at render (http://localhost:8820/assets/js/games/link.js:318:16)
    at http://localhost:8820/assets/js/games/link.js:376:44
    at frame (http://localhost:8820/assets/js/games/engine.js:217:29) @ http://localhost:8820/assets/js/games/engine.js:216
[    4997ms] [ERROR] [GameKit] link ReferenceError: i is not defined
    at render (http://localhost:8820/assets/js/games/link.js:318:16)
    at http://localhost:8820/assets/js/games/link.js:376:44
    at frame (http://localhost:8820/assets/js/games/engine.js:217:29) @ http://localhost:8820/assets/js/games/engine.js:216
[    5013ms] [ERROR] [GameKit] link ReferenceError: i is not defined
    at render (http://localhost:8820/assets/js/games/link.js:318:16)
    at http://localhost:8820/assets/js/games/link.js:376:44
    at frame (http://localhost:8820/assets/js/games/engine.js:217:29) @ http://localhost:8820/assets/js/games/engine.js:216
[    5030ms] [ERROR] [GameKit] link ReferenceError: i is not defined
    at render (http://localhost:8820/assets/js/games/link.js:318:16)
    at http://localhost:8820/assets/js/games/link.js:376:44
    at frame (http://localhost:8820/assets/js/games/engine.js:217:29) @ http://localhost:8820/assets/js/games/engine.js:216
[    5047ms] [ERROR] [GameKit] link ReferenceError: i is not defined
    at render (http://localhost:8820/assets/js/games/link.js:318:16)
    at http://localhost:8820/assets/js/games/link.js:376:44
    at frame (http://localhost:8820/assets/js/games/engine.js:217:29) @ http://localhost:8820/assets/js/games/engine.js:216
[    5063ms] [ERROR] [GameKit] link ReferenceError: i is not defined
    at render (http://localhost:8820/assets/js/games/link.js:318:16)
    at http://localhost:8820/assets/js/games/link.js:376:44
    at frame (http://localhost:8820/assets/js/games/engine.js:217:29) @ http://localhost:8820/assets/js/games/engine.js:216
[    5081ms] [ERROR] [GameKit] link ReferenceError: i is not defined
    at render (http://localhost:8820/assets/js/games/link.js:318:16)
    at http://localhost:8820/assets/js/games/link.js:376:44
    at frame (http://localhost:8820/assets/js/games/engine.js:217:29) @ http://localhost:8820/assets/js/games/engine.js:216
[    5097ms] [ERROR] [GameKit] link ReferenceError: i is not defined
    at render (http://localhost:8820/assets/js/games/link.js:318:16)
    at http://localhost:8820/assets/js/games/link.js:376:44
    at frame (http://localhost:8820/assets/js/games/engine.js:217:29) @ http://localhost:8820/assets/js/games/engine.js:216
[    5113ms] [ERROR] [GameKit] link ReferenceError: i is not defined
    at render (http://localhost:8820/assets/js/games/link.js:318:16)
    at http://localhost:8820/assets/js/games/link.js:376:44
    at frame (http://localhost:8820/assets/js/games/engine.js:217:29) @ http://localhost:8820/assets/js/games/engine.js:216
[    5130ms] [ERROR] [GameKit] link ReferenceError: i is not defined
    at render (http://localhost:8820/assets/js/games/link.js:318:16)
    at http://localhost:8820/assets/js/games/link.js:376:44
    at frame (http://localhost:8820/assets/js/games/engine.js:217:29) @ http://localhost:8820/assets/js/games/engine.js:216
[    5147ms] [ERROR] [GameKit] link ReferenceError: i is not defined
    at render (http://localhost:8820/assets/js/games/link.js:318:16)
    at http://localhost:8820/assets/js/games/link.js:376:44
    at frame (http://localhost:8820/assets/js/games/engine.js:217:29) @ http://localhost:8820/assets/js/games/engine.js:216
[    5163ms] [ERROR] [GameKit] link ReferenceError: i is not defined
    at render (http://localhost:8820/assets/js/games/link.js:318:16)
    at http://localhost:8820/assets/js/games/link.js:376:44
    at frame (http://localhost:8820/assets/js/games/engine.js:217:29) @ http://localhost:8820/assets/js/games/engine.js:216
[    5180ms] [ERROR] [GameKit] link ReferenceError: i is not defined
    at render (http://localhost:8820/assets/js/games/link.js:318:16)
    at http://localhost:8820/assets/js/games/link.js:376:44
    at frame (http://localhost:8820/assets/js/games/engine.js:217:29) @ http://localhost:8820/assets/js/games/engine.js:216
[    5196ms] [ERROR] [GameKit] link ReferenceError: i is not defined
    at render (http://localhost:8820/assets/js/games/link.js:318:16)
    at http://localhost:8820/assets/js/games/link.js:376:44
    at frame (http://localhost:8820/assets/js/games/engine.js:217:29) @ http://localhost:8820/assets/js/games/engine.js:216
[    5213ms] [ERROR] [GameKit] link ReferenceError: i is not defined
    at render (http://localhost:8820/assets/js/games/link.js:318:16)
    at http://localhost:8820/assets/js/games/link.js:376:44
    at frame (http://localhost:8820/assets/js/games/engine.js:217:29) @ http://localhost:8820/assets/js/games/engine.js:216
[    5230ms] [ERROR] [GameKit] link ReferenceError: i is not defined
    at render (http://localhost:8820/assets/js/games/link.js:318:16)
    at http://localhost:8820/assets/js/games/link.js:376:44
    at frame (http://localhost:8820/assets/js/games/engine.js:217:29) @ http://localhost:8820/assets/js/games/engine.js:216
[    5246ms] [ERROR] [GameKit] link ReferenceError: i is not defined
    at render (http://localhost:8820/assets/js/games/link.js:318:16)
    at http://localhost:8820/assets/js/games/link.js:376:44
    at frame (http://localhost:8820/assets/js/games/engine.js:217:29) @ http://localhost:8820/assets/js/games/engine.js:216
[    5263ms] [ERROR] [GameKit] link ReferenceError: i is not defined
    at render (http://localhost:8820/assets/js/games/link.js:318:16)
    at http://localhost:8820/assets/js/games/link.js:376:44
    at frame (http://localhost:8820/assets/js/games/engine.js:217:29) @ http://localhost:8820/assets/js/games/engine.js:216
[    5280ms] [ERROR] [GameKit] link ReferenceError: i is not defined
    at render (http://localhost:8820/assets/js/games/link.js:318:16)
    at http://localhost:8820/assets/js/games/link.js:376:44
    at frame (http://localhost:8820/assets/js/games/engine.js:217:29) @ http://localhost:8820/assets/js/games/engine.js:216
[    5296ms] [ERROR] [GameKit] link ReferenceError: i is not defined
    at render (http://localhost:8820/assets/js/games/link.js:318:16)
    at http://localhost:8820/assets/js/games/link.js:376:44
    at frame (http://localhost:8820/assets/js/games/engine.js:217:29) @ http://localhost:8820/assets/js/games/engine.js:216
[    5313ms] [ERROR] [GameKit] link ReferenceError: i is not defined
    at render (http://localhost:8820/assets/js/games/link.js:318:16)
    at http://localhost:8820/assets/js/games/link.js:376:44
    at frame (http://localhost:8820/assets/js/games/engine.js:217:29) @ http://localhost:8820/assets/js/games/engine.js:216
[    5329ms] [ERROR] [GameKit] link ReferenceError: i is not defined
    at render (http://localhost:8820/assets/js/games/link.js:318:16)
    at http://localhost:8820/assets/js/games/link.js:376:44
    at frame (http://localhost:8820/assets/js/games/engine.js:217:29) @ http://localhost:8820/assets/js/games/engine.js:216
[    5347ms] [ERROR] [GameKit] link ReferenceError: i is not defined
    at render (http://localhost:8820/assets/js/games/link.js:318:16)
    at http://localhost:8820/assets/js/games/link.js:376:44
    at frame (http://localhost:8820/assets/js/games/engine.js:217:29) @ http://localhost:8820/assets/js/games/engine.js:216
[    5363ms] [ERROR] [GameKit] link ReferenceError: i is not defined
    at render (http://localhost:8820/assets/js/games/link.js:318:16)
    at http://localhost:8820/assets/js/games/link.js:376:44
    at frame (http://localhost:8820/assets/js/games/engine.js:217:29) @ http://localhost:8820/assets/js/games/engine.js:216
[    5382ms] [ERROR] [GameKit] link ReferenceError: i is not defined
    at render (http://localhost:8820/assets/js/games/link.js:318:16)
    at http://localhost:8820/assets/js/games/link.js:376:44
    at frame (http://localhost:8820/assets/js/games/engine.js:217:29) @ http://localhost:8820/assets/js/games/engine.js:216
[    6954ms] [WARNING] The AudioContext was not allowed to start. It must be resumed (or created) after a user gesture on the page. https://developer.chrome.com/blog/autoplay/#web_audio @ http://localhost:8820/assets/js/sfx.js:253
[    6955ms] [WARNING] The AudioContext was not allowed to start. It must be resumed (or created) after a user gesture on the page. https://developer.chrome.com/blog/autoplay/#web_audio @ http://localhost:8820/assets/js/sfx.js:29
[    6955ms] [WARNING] The AudioContext was not allowed to start. It must be resumed (or created) after a user gesture on the page. https://developer.chrome.com/blog/autoplay/#web_audio @ http://localhost:8820/assets/js/sfx.js:29
[    6956ms] [WARNING] The AudioContext was not allowed to start. It must be resumed (or created) after a user gesture on the page. https://developer.chrome.com/blog/autoplay/#web_audio @ http://localhost:8820/assets/js/sfx.js:88
[    6957ms] [WARNING] The AudioContext was not allowed to start. It must be resumed (or created) after a user gesture on the page. https://developer.chrome.com/blog/autoplay/#web_audio @ http://localhost:8820/assets/js/sfx.js:29
[    6957ms] [WARNING] The AudioContext was not allowed to start. It must be resumed (or created) after a user gesture on the page. https://developer.chrome.com/blog/autoplay/#web_audio @ http://localhost:8820/assets/js/sfx.js:88
[    6957ms] [WARNING] The AudioContext was not allowed to start. It must be resumed (or created) after a user gesture on the page. https://developer.chrome.com/blog/autoplay/#web_audio @ http://localhost:8820/assets/js/sfx.js:29
[    6957ms] [WARNING] The AudioContext was not allowed to start. It must be resumed (or created) after a user gesture on the page. https://developer.chrome.com/blog/autoplay/#web_audio @ http://localhost:8820/assets/js/sfx.js:29
[    6957ms] [WARNING] The AudioContext was not allowed to start. It must be resumed (or created) after a user gesture on the page. https://developer.chrome.com/blog/autoplay/#web_audio @ http://localhost:8820/assets/js/sfx.js:88
[    6957ms] [WARNING] The AudioContext was not allowed to start. It must be resumed (or created) after a user gesture on the page. https://developer.chrome.com/blog/autoplay/#web_audio @ http://localhost:8820/assets/js/sfx.js:29
[    6957ms] [WARNING] The AudioContext was not allowed to start. It must be resumed (or created) after a user gesture on the page. https://developer.chrome.com/blog/autoplay/#web_audio @ http://localhost:8820/assets/js/sfx.js:88
[    6958ms] [WARNING] The AudioContext was not allowed to start. It must be resumed (or created) after a user gesture on the page. https://developer.chrome.com/blog/autoplay/#web_audio @ http://localhost:8820/assets/js/sfx.js:29
[    6958ms] [WARNING] The AudioContext was not allowed to start. It must be resumed (or created) after a user gesture on the page. https://developer.chrome.com/blog/autoplay/#web_audio @ http://localhost:8820/assets/js/sfx.js:88
[    6958ms] [WARNING] The AudioContext was not allowed to start. It must be resumed (or created) after a user gesture on the page. https://developer.chrome.com/blog/autoplay/#web_audio @ http://localhost:8820/assets/js/sfx.js:29
[    6958ms] [WARNING] The AudioContext was not allowed to start. It must be resumed (or created) after a user gesture on the page. https://developer.chrome.com/blog/autoplay/#web_audio @ http://localhost:8820/assets/js/sfx.js:88
[    7297ms] [WARNING] The AudioContext was not allowed to start. It must be resumed (or created) after a user gesture on the page. https://developer.chrome.com/blog/autoplay/#web_audio @ http://localhost:8820/assets/js/sfx.js:29
[    7298ms] [WARNING] The AudioContext was not allowed to start. It must be resumed (or created) after a user gesture on the page. https://developer.chrome.com/blog/autoplay/#web_audio @ http://localhost:8820/assets/js/sfx.js:88
[    7640ms] [WARNING] The AudioContext was not allowed to start. It must be resumed (or created) after a user gesture on the page. https://developer.chrome.com/blog/autoplay/#web_audio @ http://localhost:8820/assets/js/sfx.js:29
[    7641ms] [WARNING] The AudioContext was not allowed to start. It must be resumed (or created) after a user gesture on the page. https://developer.chrome.com/blog/autoplay/#web_audio @ http://localhost:8820/assets/js/sfx.js:88
[    7641ms] [WARNING] The AudioContext was not allowed to start. It must be resumed (or created) after a user gesture on the page. https://developer.chrome.com/blog/autoplay/#web_audio @ http://localhost:8820/assets/js/sfx.js:29
[    7641ms] [WARNING] The AudioContext was not allowed to start. It must be resumed (or created) after a user gesture on the page. https://developer.chrome.com/blog/autoplay/#web_audio @ http://localhost:8820/assets/js/sfx.js:88
[    7982ms] [WARNING] The AudioContext was not allowed to start. It must be resumed (or created) after a user gesture on the page. https://developer.chrome.com/blog/autoplay/#web_audio @ http://localhost:8820/assets/js/sfx.js:29
[    7982ms] [WARNING] The AudioContext was not allowed to start. It must be resumed (or created) after a user gesture on the page. https://developer.chrome.com/blog/autoplay/#web_audio @ http://localhost:8820/assets/js/sfx.js:88
[    8324ms] [WARNING] The AudioContext was not allowed to start. It must be resumed (or created) after a user gesture on the page. https://developer.chrome.com/blog/autoplay/#web_audio @ http://localhost:8820/assets/js/sfx.js:29
[    8324ms] [WARNING] The AudioContext was not allowed to start. It must be resumed (or created) after a user gesture on the page. https://developer.chrome.com/blog/autoplay/#web_audio @ http://localhost:8820/assets/js/sfx.js:88
[    8324ms] [WARNING] The AudioContext was not allowed to start. It must be resumed (or created) after a user gesture on the page. https://developer.chrome.com/blog/autoplay/#web_audio @ http://localhost:8820/assets/js/sfx.js:29
[    8324ms] [WARNING] The AudioContext was not allowed to start. It must be resumed (or created) after a user gesture on the page. https://developer.chrome.com/blog/autoplay/#web_audio @ http://localhost:8820/assets/js/sfx.js:88
[    8746ms] [ERROR] [GameKit] sudoku ReferenceError: f is not defined
    at render (http://localhost:8820/assets/js/games/sudoku.js:324:13)
    at http://localhost:8820/assets/js/games/sudoku.js:382:44
    at frame (http://localhost:8820/assets/js/games/engine.js:217:29) @ http://localhost:8820/assets/js/games/engine.js:216
[    8763ms] [ERROR] [GameKit] sudoku ReferenceError: f is not defined
    at render (http://localhost:8820/assets/js/games/sudoku.js:324:13)
    at http://localhost:8820/assets/js/games/sudoku.js:382:44
    at frame (http://localhost:8820/assets/js/games/engine.js:217:29) @ http://localhost:8820/assets/js/games/engine.js:216
[    8779ms] [ERROR] [GameKit] sudoku ReferenceError: f is not defined
    at render (http://localhost:8820/assets/js/games/sudoku.js:324:13)
    at http://localhost:8820/assets/js/games/sudoku.js:382:44
    at frame (http://localhost:8820/assets/js/games/engine.js:217:29) @ http://localhost:8820/assets/js/games/engine.js:216
[    8796ms] [ERROR] [GameKit] sudoku ReferenceError: f is not defined
    at render (http://localhost:8820/assets/js/games/sudoku.js:324:13)
    at http://localhost:8820/assets/js/games/sudoku.js:382:44
    at frame (http://localhost:8820/assets/js/games/engine.js:217:29) @ http://localhost:8820/assets/js/games/engine.js:216
[    8813ms] [ERROR] [GameKit] sudoku ReferenceError: f is not defined
    at render (http://localhost:8820/assets/js/games/sudoku.js:324:13)
    at http://localhost:8820/assets/js/games/sudoku.js:382:44
    at frame (http://localhost:8820/assets/js/games/engine.js:217:29) @ http://localhost:8820/assets/js/games/engine.js:216
[    8829ms] [ERROR] [GameKit] sudoku ReferenceError: f is not defined
    at render (http://localhost:8820/assets/js/games/sudoku.js:324:13)
    at http://localhost:8820/assets/js/games/sudoku.js:382:44
    at frame (http://localhost:8820/assets/js/games/engine.js:217:29) @ http://localhost:8820/assets/js/games/engine.js:216
[    8846ms] [ERROR] [GameKit] sudoku ReferenceError: f is not defined
    at render (http://localhost:8820/assets/js/games/sudoku.js:324:13)
    at http://localhost:8820/assets/js/games/sudoku.js:382:44
    at frame (http://localhost:8820/assets/js/games/engine.js:217:29) @ http://localhost:8820/assets/js/games/engine.js:216
[    8863ms] [ERROR] [GameKit] sudoku ReferenceError: f is not defined
    at render (http://localhost:8820/assets/js/games/sudoku.js:324:13)
    at http://localhost:8820/assets/js/games/sudoku.js:382:44
    at frame (http://localhost:8820/assets/js/games/engine.js:217:29) @ http://localhost:8820/assets/js/games/engine.js:216
[    8879ms] [ERROR] [GameKit] sudoku ReferenceError: f is not defined
    at render (http://localhost:8820/assets/js/games/sudoku.js:324:13)
    at http://localhost:8820/assets/js/games/sudoku.js:382:44
    at frame (http://localhost:8820/assets/js/games/engine.js:217:29) @ http://localhost:8820/assets/js/games/engine.js:216
[    8896ms] [ERROR] [GameKit] sudoku ReferenceError: f is not defined
    at render (http://localhost:8820/assets/js/games/sudoku.js:324:13)
    at http://localhost:8820/assets/js/games/sudoku.js:382:44
    at frame (http://localhost:8820/assets/js/games/engine.js:217:29) @ http://localhost:8820/assets/js/games/engine.js:216
[    8913ms] [ERROR] [GameKit] sudoku ReferenceError: f is not defined
    at render (http://localhost:8820/assets/js/games/sudoku.js:324:13)
    at http://localhost:8820/assets/js/games/sudoku.js:382:44
    at frame (http://localhost:8820/assets/js/games/engine.js:217:29) @ http://localhost:8820/assets/js/games/engine.js:216
[    8930ms] [ERROR] [GameKit] sudoku ReferenceError: f is not defined
    at render (http://localhost:8820/assets/js/games/sudoku.js:324:13)
    at http://localhost:8820/assets/js/games/sudoku.js:382:44
    at frame (http://localhost:8820/assets/js/games/engine.js:217:29) @ http://localhost:8820/assets/js/games/engine.js:216
[    8946ms] [ERROR] [GameKit] sudoku ReferenceError: f is not defined
    at render (http://localhost:8820/assets/js/games/sudoku.js:324:13)
    at http://localhost:8820/assets/js/games/sudoku.js:382:44
    at frame (http://localhost:8820/assets/js/games/engine.js:217:29) @ http://localhost:8820/assets/js/games/engine.js:216
[    8963ms] [ERROR] [GameKit] sudoku ReferenceError: f is not defined
    at render (http://localhost:8820/assets/js/games/sudoku.js:324:13)
    at http://localhost:8820/assets/js/games/sudoku.js:382:44
    at frame (http://localhost:8820/assets/js/games/engine.js:217:29) @ http://localhost:8820/assets/js/games/engine.js:216
[    8979ms] [ERROR] [GameKit] sudoku ReferenceError: f is not defined
    at render (http://localhost:8820/assets/js/games/sudoku.js:324:13)
    at http://localhost:8820/assets/js/games/sudoku.js:382:44
    at frame (http://localhost:8820/assets/js/games/engine.js:217:29) @ http://localhost:8820/assets/js/games/engine.js:216
[    8996ms] [ERROR] [GameKit] sudoku ReferenceError: f is not defined
    at render (http://localhost:8820/assets/js/games/sudoku.js:324:13)
    at http://localhost:8820/assets/js/games/sudoku.js:382:44
    at frame (http://localhost:8820/assets/js/games/engine.js:217:29) @ http://localhost:8820/assets/js/games/engine.js:216
[    9013ms] [ERROR] [GameKit] sudoku ReferenceError: f is not defined
    at render (http://localhost:8820/assets/js/games/sudoku.js:324:13)
    at http://localhost:8820/assets/js/games/sudoku.js:382:44
    at frame (http://localhost:8820/assets/js/games/engine.js:217:29) @ http://localhost:8820/assets/js/games/engine.js:216
[    9029ms] [ERROR] [GameKit] sudoku ReferenceError: f is not defined
    at render (http://localhost:8820/assets/js/games/sudoku.js:324:13)
    at http://localhost:8820/assets/js/games/sudoku.js:382:44
    at frame (http://localhost:8820/assets/js/games/engine.js:217:29) @ http://localhost:8820/assets/js/games/engine.js:216
[    9046ms] [ERROR] [GameKit] sudoku ReferenceError: f is not defined
    at render (http://localhost:8820/assets/js/games/sudoku.js:324:13)
    at http://localhost:8820/assets/js/games/sudoku.js:382:44
    at frame (http://localhost:8820/assets/js/games/engine.js:217:29) @ http://localhost:8820/assets/js/games/engine.js:216
[    9063ms] [ERROR] [GameKit] sudoku ReferenceError: f is not defined
    at render (http://localhost:8820/assets/js/games/sudoku.js:324:13)
    at http://localhost:8820/assets/js/games/sudoku.js:382:44
    at frame (http://localhost:8820/assets/js/games/engine.js:217:29) @ http://localhost:8820/assets/js/games/engine.js:216
[    9080ms] [ERROR] [GameKit] sudoku ReferenceError: f is not defined
    at render (http://localhost:8820/assets/js/games/sudoku.js:324:13)
    at http://localhost:8820/assets/js/games/sudoku.js:382:44
    at frame (http://localhost:8820/assets/js/games/engine.js:217:29) @ http://localhost:8820/assets/js/games/engine.js:216
[    9097ms] [ERROR] [GameKit] sudoku ReferenceError: f is not defined
    at render (http://localhost:8820/assets/js/games/sudoku.js:324:13)
    at http://localhost:8820/assets/js/games/sudoku.js:382:44
    at frame (http://localhost:8820/assets/js/games/engine.js:217:29) @ http://localhost:8820/assets/js/games/engine.js:216
[    9113ms] [ERROR] [GameKit] sudoku ReferenceError: f is not defined
    at render (http://localhost:8820/assets/js/games/sudoku.js:324:13)
    at http://localhost:8820/assets/js/games/sudoku.js:382:44
    at frame (http://localhost:8820/assets/js/games/engine.js:217:29) @ http://localhost:8820/assets/js/games/engine.js:216
[    9130ms] [ERROR] [GameKit] sudoku ReferenceError: f is not defined
    at render (http://localhost:8820/assets/js/games/sudoku.js:324:13)
    at http://localhost:8820/assets/js/games/sudoku.js:382:44
    at frame (http://localhost:8820/assets/js/games/engine.js:217:29) @ http://localhost:8820/assets/js/games/engine.js:216
[    9146ms] [ERROR] [GameKit] sudoku ReferenceError: f is not defined
    at render (http://localhost:8820/assets/js/games/sudoku.js:324:13)
    at http://localhost:8820/assets/js/games/sudoku.js:382:44
    at frame (http://localhost:8820/assets/js/games/engine.js:217:29) @ http://localhost:8820/assets/js/games/engine.js:216
[    9163ms] [ERROR] [GameKit] sudoku ReferenceError: f is not defined
    at render (http://localhost:8820/assets/js/games/sudoku.js:324:13)
    at http://localhost:8820/assets/js/games/sudoku.js:382:44
    at frame (http://localhost:8820/assets/js/games/engine.js:217:29) @ http://localhost:8820/assets/js/games/engine.js:216
[    9180ms] [ERROR] [GameKit] sudoku ReferenceError: f is not defined
    at render (http://localhost:8820/assets/js/games/sudoku.js:324:13)
    at http://localhost:8820/assets/js/games/sudoku.js:382:44
    at frame (http://localhost:8820/assets/js/games/engine.js:217:29) @ http://localhost:8820/assets/js/games/engine.js:216
[    9197ms] [ERROR] [GameKit] sudoku ReferenceError: f is not defined
    at render (http://localhost:8820/assets/js/games/sudoku.js:324:13)
    at http://localhost:8820/assets/js/games/sudoku.js:382:44
    at frame (http://localhost:8820/assets/js/games/engine.js:217:29) @ http://localhost:8820/assets/js/games/engine.js:216
[    9213ms] [ERROR] [GameKit] sudoku ReferenceError: f is not defined
    at render (http://localhost:8820/assets/js/games/sudoku.js:324:13)
    at http://localhost:8820/assets/js/games/sudoku.js:382:44
    at frame (http://localhost:8820/assets/js/games/engine.js:217:29) @ http://localhost:8820/assets/js/games/engine.js:216
[    9229ms] [ERROR] [GameKit] sudoku ReferenceError: f is not defined
    at render (http://localhost:8820/assets/js/games/sudoku.js:324:13)
    at http://localhost:8820/assets/js/games/sudoku.js:382:44
    at frame (http://localhost:8820/assets/js/games/engine.js:217:29) @ http://localhost:8820/assets/js/games/engine.js:216
[    9246ms] [ERROR] [GameKit] sudoku ReferenceError: f is not defined
    at render (http://localhost:8820/assets/js/games/sudoku.js:324:13)
    at http://localhost:8820/assets/js/games/sudoku.js:382:44
    at frame (http://localhost:8820/assets/js/games/engine.js:217:29) @ http://localhost:8820/assets/js/games/engine.js:216
[    9264ms] [ERROR] [GameKit] sudoku ReferenceError: f is not defined
    at render (http://localhost:8820/assets/js/games/sudoku.js:324:13)
    at http://localhost:8820/assets/js/games/sudoku.js:382:44
    at frame (http://localhost:8820/assets/js/games/engine.js:217:29) @ http://localhost:8820/assets/js/games/engine.js:216
[    9279ms] [ERROR] [GameKit] sudoku ReferenceError: f is not defined
    at render (http://localhost:8820/assets/js/games/sudoku.js:324:13)
    at http://localhost:8820/assets/js/games/sudoku.js:382:44
    at frame (http://localhost:8820/assets/js/games/engine.js:217:29) @ http://localhost:8820/assets/js/games/engine.js:216
[    9297ms] [ERROR] [GameKit] sudoku ReferenceError: f is not defined
    at render (http://localhost:8820/assets/js/games/sudoku.js:324:13)
    at http://localhost:8820/assets/js/games/sudoku.js:382:44
    at frame (http://localhost:8820/assets/js/games/engine.js:217:29) @ http://localhost:8820/assets/js/games/engine.js:216
[    9313ms] [ERROR] [GameKit] sudoku ReferenceError: f is not defined
    at render (http://localhost:8820/assets/js/games/sudoku.js:324:13)
    at http://localhost:8820/assets/js/games/sudoku.js:382:44
    at frame (http://localhost:8820/assets/js/games/engine.js:217:29) @ http://localhost:8820/assets/js/games/engine.js:216
[    9330ms] [ERROR] [GameKit] sudoku ReferenceError: f is not defined
    at render (http://localhost:8820/assets/js/games/sudoku.js:324:13)
    at http://localhost:8820/assets/js/games/sudoku.js:382:44
    at frame (http://localhost:8820/assets/js/games/engine.js:217:29) @ http://localhost:8820/assets/js/games/engine.js:216
[    9346ms] [ERROR] [GameKit] sudoku ReferenceError: f is not defined
    at render (http://localhost:8820/assets/js/games/sudoku.js:324:13)
    at http://localhost:8820/assets/js/games/sudoku.js:382:44
    at frame (http://localhost:8820/assets/js/games/engine.js:217:29) @ http://localhost:8820/assets/js/games/engine.js:216
[    9363ms] [ERROR] [GameKit] sudoku ReferenceError: f is not defined
    at render (http://localhost:8820/assets/js/games/sudoku.js:324:13)
    at http://localhost:8820/assets/js/games/sudoku.js:382:44
    at frame (http://localhost:8820/assets/js/games/engine.js:217:29) @ http://localhost:8820/assets/js/games/engine.js:216
[    9380ms] [ERROR] [GameKit] sudoku ReferenceError: f is not defined
    at render (http://localhost:8820/assets/js/games/sudoku.js:324:13)
    at http://localhost:8820/assets/js/games/sudoku.js:382:44
    at frame (http://localhost:8820/assets/js/games/engine.js:217:29) @ http://localhost:8820/assets/js/games/engine.js:216
[    9396ms] [ERROR] [GameKit] sudoku ReferenceError: f is not defined
    at render (http://localhost:8820/assets/js/games/sudoku.js:324:13)
    at http://localhost:8820/assets/js/games/sudoku.js:382:44
    at frame (http://localhost:8820/assets/js/games/engine.js:217:29) @ http://localhost:8820/assets/js/games/engine.js:216
[    9413ms] [ERROR] [GameKit] sudoku ReferenceError: f is not defined
    at render (http://localhost:8820/assets/js/games/sudoku.js:324:13)
    at http://localhost:8820/assets/js/games/sudoku.js:382:44
    at frame (http://localhost:8820/assets/js/games/engine.js:217:29) @ http://localhost:8820/assets/js/games/engine.js:216
[    9430ms] [ERROR] [GameKit] sudoku ReferenceError: f is not defined
    at render (http://localhost:8820/assets/js/games/sudoku.js:324:13)
    at http://localhost:8820/assets/js/games/sudoku.js:382:44
    at frame (http://localhost:8820/assets/js/games/engine.js:217:29) @ http://localhost:8820/assets/js/games/engine.js:216
[    9446ms] [ERROR] [GameKit] sudoku ReferenceError: f is not defined
    at render (http://localhost:8820/assets/js/games/sudoku.js:324:13)
    at http://localhost:8820/assets/js/games/sudoku.js:382:44
    at frame (http://localhost:8820/assets/js/games/engine.js:217:29) @ http://localhost:8820/assets/js/games/engine.js:216
[    9463ms] [ERROR] [GameKit] sudoku ReferenceError: f is not defined
    at render (http://localhost:8820/assets/js/games/sudoku.js:324:13)
    at http://localhost:8820/assets/js/games/sudoku.js:382:44
    at frame (http://localhost:8820/assets/js/games/engine.js:217:29) @ http://localhost:8820/assets/js/games/engine.js:216
[    9479ms] [ERROR] [GameKit] sudoku ReferenceError: f is not defined
    at render (http://localhost:8820/assets/js/games/sudoku.js:324:13)
    at http://localhost:8820/assets/js/games/sudoku.js:382:44
    at frame (http://localhost:8820/assets/js/games/engine.js:217:29) @ http://localhost:8820/assets/js/games/engine.js:216
[    9496ms] [ERROR] [GameKit] sudoku ReferenceError: f is not defined
    at render (http://localhost:8820/assets/js/games/sudoku.js:324:13)
    at http://localhost:8820/assets/js/games/sudoku.js:382:44
    at frame (http://localhost:8820/assets/js/games/engine.js:217:29) @ http://localhost:8820/assets/js/games/engine.js:216
[    9513ms] [ERROR] [GameKit] sudoku ReferenceError: f is not defined
    at render (http://localhost:8820/assets/js/games/sudoku.js:324:13)
    at http://localhost:8820/assets/js/games/sudoku.js:382:44
    at frame (http://localhost:8820/assets/js/games/engine.js:217:29) @ http://localhost:8820/assets/js/games/engine.js:216
[    9529ms] [ERROR] [GameKit] sudoku ReferenceError: f is not defined
    at render (http://localhost:8820/assets/js/games/sudoku.js:324:13)
    at http://localhost:8820/assets/js/games/sudoku.js:382:44
    at frame (http://localhost:8820/assets/js/games/engine.js:217:29) @ http://localhost:8820/assets/js/games/engine.js:216
[    9546ms] [ERROR] [GameKit] sudoku ReferenceError: f is not defined
    at render (http://localhost:8820/assets/js/games/sudoku.js:324:13)
    at http://localhost:8820/assets/js/games/sudoku.js:382:44
    at frame (http://localhost:8820/assets/js/games/engine.js:217:29) @ http://localhost:8820/assets/js/games/engine.js:216
[    9563ms] [ERROR] [GameKit] sudoku ReferenceError: f is not defined
    at render (http://localhost:8820/assets/js/games/sudoku.js:324:13)
    at http://localhost:8820/assets/js/games/sudoku.js:382:44
    at frame (http://localhost:8820/assets/js/games/engine.js:217:29) @ http://localhost:8820/assets/js/games/engine.js:216
[    9580ms] [ERROR] [GameKit] sudoku ReferenceError: f is not defined
    at render (http://localhost:8820/assets/js/games/sudoku.js:324:13)
    at http://localhost:8820/assets/js/games/sudoku.js:382:44
    at frame (http://localhost:8820/assets/js/games/engine.js:217:29) @ http://localhost:8820/assets/js/games/engine.js:216
[    9596ms] [ERROR] [GameKit] sudoku ReferenceError: f is not defined
    at render (http://localhost:8820/assets/js/games/sudoku.js:324:13)
    at http://localhost:8820/assets/js/games/sudoku.js:382:44
    at frame (http://localhost:8820/assets/js/games/engine.js:217:29) @ http://localhost:8820/assets/js/games/engine.js:216
[    9613ms] [ERROR] [GameKit] sudoku ReferenceError: f is not defined
    at render (http://localhost:8820/assets/js/games/sudoku.js:324:13)
    at http://localhost:8820/assets/js/games/sudoku.js:382:44
    at frame (http://localhost:8820/assets/js/games/engine.js:217:29) @ http://localhost:8820/assets/js/games/engine.js:216
[    9630ms] [ERROR] [GameKit] sudoku ReferenceError: f is not defined
    at render (http://localhost:8820/assets/js/games/sudoku.js:324:13)
    at http://localhost:8820/assets/js/games/sudoku.js:382:44
    at frame (http://localhost:8820/assets/js/games/engine.js:217:29) @ http://localhost:8820/assets/js/games/engine.js:216
[    9646ms] [ERROR] [GameKit] sudoku ReferenceError: f is not defined
    at render (http://localhost:8820/assets/js/games/sudoku.js:324:13)
    at http://localhost:8820/assets/js/games/sudoku.js:382:44
    at frame (http://localhost:8820/assets/js/games/engine.js:217:29) @ http://localhost:8820/assets/js/games/engine.js:216
[    9663ms] [ERROR] [GameKit] sudoku ReferenceError: f is not defined
    at render (http://localhost:8820/assets/js/games/sudoku.js:324:13)
    at http://localhost:8820/assets/js/games/sudoku.js:382:44
    at frame (http://localhost:8820/assets/js/games/engine.js:217:29) @ http://localhost:8820/assets/js/games/engine.js:216
[    9680ms] [ERROR] [GameKit] sudoku ReferenceError: f is not defined
    at render (http://localhost:8820/assets/js/games/sudoku.js:324:13)
    at http://localhost:8820/assets/js/games/sudoku.js:382:44
    at frame (http://localhost:8820/assets/js/games/engine.js:217:29) @ http://localhost:8820/assets/js/games/engine.js:216
[    9698ms] [ERROR] [GameKit] sudoku ReferenceError: f is not defined
    at render (http://localhost:8820/assets/js/games/sudoku.js:324:13)
    at http://localhost:8820/assets/js/games/sudoku.js:382:44
    at frame (http://localhost:8820/assets/js/games/engine.js:217:29) @ http://localhost:8820/assets/js/games/engine.js:216
[    9713ms] [ERROR] [GameKit] sudoku ReferenceError: f is not defined
    at render (http://localhost:8820/assets/js/games/sudoku.js:324:13)
    at http://localhost:8820/assets/js/games/sudoku.js:382:44
    at frame (http://localhost:8820/assets/js/games/engine.js:217:29) @ http://localhost:8820/assets/js/games/engine.js:216
[    9730ms] [ERROR] [GameKit] sudoku ReferenceError: f is not defined
    at render (http://localhost:8820/assets/js/games/sudoku.js:324:13)
    at http://localhost:8820/assets/js/games/sudoku.js:382:44
    at frame (http://localhost:8820/assets/js/games/engine.js:217:29) @ http://localhost:8820/assets/js/games/engine.js:216
[    9746ms] [ERROR] [GameKit] sudoku ReferenceError: f is not defined
    at render (http://localhost:8820/assets/js/games/sudoku.js:324:13)
    at http://localhost:8820/assets/js/games/sudoku.js:382:44
    at frame (http://localhost:8820/assets/js/games/engine.js:217:29) @ http://localhost:8820/assets/js/games/engine.js:216
[    9763ms] [ERROR] [GameKit] sudoku ReferenceError: f is not defined
    at render (http://localhost:8820/assets/js/games/sudoku.js:324:13)
    at http://localhost:8820/assets/js/games/sudoku.js:382:44
    at frame (http://localhost:8820/assets/js/games/engine.js:217:29) @ http://localhost:8820/assets/js/games/engine.js:216
[    9780ms] [ERROR] [GameKit] sudoku ReferenceError: f is not defined
    at render (http://localhost:8820/assets/js/games/sudoku.js:324:13)
    at http://localhost:8820/assets/js/games/sudoku.js:382:44
    at frame (http://localhost:8820/assets/js/games/engine.js:217:29) @ http://localhost:8820/assets/js/games/engine.js:216
[    9796ms] [ERROR] [GameKit] sudoku ReferenceError: f is not defined
    at render (http://localhost:8820/assets/js/games/sudoku.js:324:13)
    at http://localhost:8820/assets/js/games/sudoku.js:382:44
    at frame (http://localhost:8820/assets/js/games/engine.js:217:29) @ http://localhost:8820/assets/js/games/engine.js:216
[    9813ms] [ERROR] [GameKit] sudoku ReferenceError: f is not defined
    at render (http://localhost:8820/assets/js/games/sudoku.js:324:13)
    at http://localhost:8820/assets/js/games/sudoku.js:382:44
    at frame (http://localhost:8820/assets/js/games/engine.js:217:29) @ http://localhost:8820/assets/js/games/engine.js:216
[    9829ms] [ERROR] [GameKit] sudoku ReferenceError: f is not defined
    at render (http://localhost:8820/assets/js/games/sudoku.js:324:13)
    at http://localhost:8820/assets/js/games/sudoku.js:382:44
    at frame (http://localhost:8820/assets/js/games/engine.js:217:29) @ http://localhost:8820/assets/js/games/engine.js:216
[    9846ms] [ERROR] [GameKit] sudoku ReferenceError: f is not defined
    at render (http://localhost:8820/assets/js/games/sudoku.js:324:13)
    at http://localhost:8820/assets/js/games/sudoku.js:382:44
    at frame (http://localhost:8820/assets/js/games/engine.js:217:29) @ http://localhost:8820/assets/js/games/engine.js:216
[    9863ms] [ERROR] [GameKit] sudoku ReferenceError: f is not defined
    at render (http://localhost:8820/assets/js/games/sudoku.js:324:13)
    at http://localhost:8820/assets/js/games/sudoku.js:382:44
    at frame (http://localhost:8820/assets/js/games/engine.js:217:29) @ http://localhost:8820/assets/js/games/engine.js:216
[    9879ms] [ERROR] [GameKit] sudoku ReferenceError: f is not defined
    at render (http://localhost:8820/assets/js/games/sudoku.js:324:13)
    at http://localhost:8820/assets/js/games/sudoku.js:382:44
    at frame (http://localhost:8820/assets/js/games/engine.js:217:29) @ http://localhost:8820/assets/js/games/engine.js:216
[    9896ms] [ERROR] [GameKit] sudoku ReferenceError: f is not defined
    at render (http://localhost:8820/assets/js/games/sudoku.js:324:13)
    at http://localhost:8820/assets/js/games/sudoku.js:382:44
    at frame (http://localhost:8820/assets/js/games/engine.js:217:29) @ http://localhost:8820/assets/js/games/engine.js:216
[    9913ms] [ERROR] [GameKit] sudoku ReferenceError: f is not defined
    at render (http://localhost:8820/assets/js/games/sudoku.js:324:13)
    at http://localhost:8820/assets/js/games/sudoku.js:382:44
    at frame (http://localhost:8820/assets/js/games/engine.js:217:29) @ http://localhost:8820/assets/js/games/engine.js:216
[    9930ms] [ERROR] [GameKit] sudoku ReferenceError: f is not defined
    at render (http://localhost:8820/assets/js/games/sudoku.js:324:13)
    at http://localhost:8820/assets/js/games/sudoku.js:382:44
    at frame (http://localhost:8820/assets/js/games/engine.js:217:29) @ http://localhost:8820/assets/js/games/engine.js:216
[    9946ms] [ERROR] [GameKit] sudoku ReferenceError: f is not defined
    at render (http://localhost:8820/assets/js/games/sudoku.js:324:13)
    at http://localhost:8820/assets/js/games/sudoku.js:382:44
    at frame (http://localhost:8820/assets/js/games/engine.js:217:29) @ http://localhost:8820/assets/js/games/engine.js:216
[    9963ms] [ERROR] [GameKit] sudoku ReferenceError: f is not defined
    at render (http://localhost:8820/assets/js/games/sudoku.js:324:13)
    at http://localhost:8820/assets/js/games/sudoku.js:382:44
    at frame (http://localhost:8820/assets/js/games/engine.js:217:29) @ http://localhost:8820/assets/js/games/engine.js:216
[    9979ms] [ERROR] [GameKit] sudoku ReferenceError: f is not defined
    at render (http://localhost:8820/assets/js/games/sudoku.js:324:13)
    at http://localhost:8820/assets/js/games/sudoku.js:382:44
    at frame (http://localhost:8820/assets/js/games/engine.js:217:29) @ http://localhost:8820/assets/js/games/engine.js:216
[    9996ms] [ERROR] [GameKit] sudoku ReferenceError: f is not defined
    at render (http://localhost:8820/assets/js/games/sudoku.js:324:13)
    at http://localhost:8820/assets/js/games/sudoku.js:382:44
    at frame (http://localhost:8820/assets/js/games/engine.js:217:29) @ http://localhost:8820/assets/js/games/engine.js:216
[   10013ms] [ERROR] [GameKit] sudoku ReferenceError: f is not defined
    at render (http://localhost:8820/assets/js/games/sudoku.js:324:13)
    at http://localhost:8820/assets/js/games/sudoku.js:382:44
    at frame (http://localhost:8820/assets/js/games/engine.js:217:29) @ http://localhost:8820/assets/js/games/engine.js:216
[   10030ms] [ERROR] [GameKit] sudoku ReferenceError: f is not defined
    at render (http://localhost:8820/assets/js/games/sudoku.js:324:13)
    at http://localhost:8820/assets/js/games/sudoku.js:382:44
    at frame (http://localhost:8820/assets/js/games/engine.js:217:29) @ http://localhost:8820/assets/js/games/engine.js:216
[   10046ms] [ERROR] [GameKit] sudoku ReferenceError: f is not defined
    at render (http://localhost:8820/assets/js/games/sudoku.js:324:13)
    at http://localhost:8820/assets/js/games/sudoku.js:382:44
    at frame (http://localhost:8820/assets/js/games/engine.js:217:29) @ http://localhost:8820/assets/js/games/engine.js:216
[   10063ms] [ERROR] [GameKit] sudoku ReferenceError: f is not defined
    at render (http://localhost:8820/assets/js/games/sudoku.js:324:13)
    at http://localhost:8820/assets/js/games/sudoku.js:382:44
    at frame (http://localhost:8820/assets/js/games/engine.js:217:29) @ http://localhost:8820/assets/js/games/engine.js:216
[   10079ms] [ERROR] [GameKit] sudoku ReferenceError: f is not defined
    at render (http://localhost:8820/assets/js/games/sudoku.js:324:13)
    at http://localhost:8820/assets/js/games/sudoku.js:382:44
    at frame (http://localhost:8820/assets/js/games/engine.js:217:29) @ http://localhost:8820/assets/js/games/engine.js:216
[   10097ms] [ERROR] [GameKit] sudoku ReferenceError: f is not defined
    at render (http://localhost:8820/assets/js/games/sudoku.js:324:13)
    at http://localhost:8820/assets/js/games/sudoku.js:382:44
    at frame (http://localhost:8820/assets/js/games/engine.js:217:29) @ http://localhost:8820/assets/js/games/engine.js:216
[   10113ms] [ERROR] [GameKit] sudoku ReferenceError: f is not defined
    at render (http://localhost:8820/assets/js/games/sudoku.js:324:13)
    at http://localhost:8820/assets/js/games/sudoku.js:382:44
    at frame (http://localhost:8820/assets/js/games/engine.js:217:29) @ http://localhost:8820/assets/js/games/engine.js:216
[   10130ms] [ERROR] [GameKit] sudoku ReferenceError: f is not defined
    at render (http://localhost:8820/assets/js/games/sudoku.js:324:13)
    at http://localhost:8820/assets/js/games/sudoku.js:382:44
    at frame (http://localhost:8820/assets/js/games/engine.js:217:29) @ http://localhost:8820/assets/js/games/engine.js:216
[   10146ms] [ERROR] [GameKit] sudoku ReferenceError: f is not defined
    at render (http://localhost:8820/assets/js/games/sudoku.js:324:13)
    at http://localhost:8820/assets/js/games/sudoku.js:382:44
    at frame (http://localhost:8820/assets/js/games/engine.js:217:29) @ http://localhost:8820/assets/js/games/engine.js:216
[   10163ms] [ERROR] [GameKit] sudoku ReferenceError: f is not defined
    at render (http://localhost:8820/assets/js/games/sudoku.js:324:13)
    at http://localhost:8820/assets/js/games/sudoku.js:382:44
    at frame (http://localhost:8820/assets/js/games/engine.js:217:29) @ http://localhost:8820/assets/js/games/engine.js:216
[   10179ms] [ERROR] [GameKit] sudoku ReferenceError: f is not defined
    at render (http://localhost:8820/assets/js/games/sudoku.js:324:13)
    at http://localhost:8820/assets/js/games/sudoku.js:382:44
    at frame (http://localhost:8820/assets/js/games/engine.js:217:29) @ http://localhost:8820/assets/js/games/engine.js:216
[   10197ms] [ERROR] [GameKit] sudoku ReferenceError: f is not defined
    at render (http://localhost:8820/assets/js/games/sudoku.js:324:13)
    at http://localhost:8820/assets/js/games/sudoku.js:382:44
    at frame (http://localhost:8820/assets/js/games/engine.js:217:29) @ http://localhost:8820/assets/js/games/engine.js:216
[   10213ms] [ERROR] [GameKit] sudoku ReferenceError: f is not defined
    at render (http://localhost:8820/assets/js/games/sudoku.js:324:13)
    at http://localhost:8820/assets/js/games/sudoku.js:382:44
    at frame (http://localhost:8820/assets/js/games/engine.js:217:29) @ http://localhost:8820/assets/js/games/engine.js:216
[   10230ms] [ERROR] [GameKit] sudoku ReferenceError: f is not defined
    at render (http://localhost:8820/assets/js/games/sudoku.js:324:13)
    at http://localhost:8820/assets/js/games/sudoku.js:382:44
    at frame (http://localhost:8820/assets/js/games/engine.js:217:29) @ http://localhost:8820/assets/js/games/engine.js:216
[   10246ms] [ERROR] [GameKit] sudoku ReferenceError: f is not defined
    at render (http://localhost:8820/assets/js/games/sudoku.js:324:13)
    at http://localhost:8820/assets/js/games/sudoku.js:382:44
    at frame (http://localhost:8820/assets/js/games/engine.js:217:29) @ http://localhost:8820/assets/js/games/engine.js:216
[   10263ms] [ERROR] [GameKit] sudoku ReferenceError: f is not defined
    at render (http://localhost:8820/assets/js/games/sudoku.js:324:13)
    at http://localhost:8820/assets/js/games/sudoku.js:382:44
    at frame (http://localhost:8820/assets/js/games/engine.js:217:29) @ http://localhost:8820/assets/js/games/engine.js:216
[   10280ms] [ERROR] [GameKit] sudoku ReferenceError: f is not defined
    at render (http://localhost:8820/assets/js/games/sudoku.js:324:13)
    at http://localhost:8820/assets/js/games/sudoku.js:382:44
    at frame (http://localhost:8820/assets/js/games/engine.js:217:29) @ http://localhost:8820/assets/js/games/engine.js:216
[   10296ms] [ERROR] [GameKit] sudoku ReferenceError: f is not defined
    at render (http://localhost:8820/assets/js/games/sudoku.js:324:13)
    at http://localhost:8820/assets/js/games/sudoku.js:382:44
    at frame (http://localhost:8820/assets/js/games/engine.js:217:29) @ http://localhost:8820/assets/js/games/engine.js:216
[   10313ms] [ERROR] [GameKit] sudoku ReferenceError: f is not defined
    at render (http://localhost:8820/assets/js/games/sudoku.js:324:13)
    at http://localhost:8820/assets/js/games/sudoku.js:382:44
    at frame (http://localhost:8820/assets/js/games/engine.js:217:29) @ http://localhost:8820/assets/js/games/engine.js:216
[   11565ms] [WARNING] The AudioContext was not allowed to start. It must be resumed (or created) after a user gesture on the page. https://developer.chrome.com/blog/autoplay/#web_audio @ http://localhost:8820/assets/js/sfx.js:253
[   11565ms] [WARNING] The AudioContext was not allowed to start. It must be resumed (or created) after a user gesture on the page. https://developer.chrome.com/blog/autoplay/#web_audio @ http://localhost:8820/assets/js/sfx.js:29
[   11565ms] [WARNING] The AudioContext was not allowed to start. It must be resumed (or created) after a user gesture on the page. https://developer.chrome.com/blog/autoplay/#web_audio @ http://localhost:8820/assets/js/sfx.js:29
[   11567ms] [WARNING] The AudioContext was not allowed to start. It must be resumed (or created) after a user gesture on the page. https://developer.chrome.com/blog/autoplay/#web_audio @ http://localhost:8820/assets/js/sfx.js:88
[   11567ms] [WARNING] The AudioContext was not allowed to start. It must be resumed (or created) after a user gesture on the page. https://developer.chrome.com/blog/autoplay/#web_audio @ http://localhost:8820/assets/js/sfx.js:29
[   11568ms] [WARNING] The AudioContext was not allowed to start. It must be resumed (or created) after a user gesture on the page. https://developer.chrome.com/blog/autoplay/#web_audio @ http://localhost:8820/assets/js/sfx.js:88
[   11568ms] [WARNING] The AudioContext was not allowed to start. It must be resumed (or created) after a user gesture on the page. https://developer.chrome.com/blog/autoplay/#web_audio @ http://localhost:8820/assets/js/sfx.js:29
[   11568ms] [WARNING] The AudioContext was not allowed to start. It must be resumed (or created) after a user gesture on the page. https://developer.chrome.com/blog/autoplay/#web_audio @ http://localhost:8820/assets/js/sfx.js:29
[   11569ms] [WARNING] The AudioContext was not allowed to start. It must be resumed (or created) after a user gesture on the page. https://developer.chrome.com/blog/autoplay/#web_audio @ http://localhost:8820/assets/js/sfx.js:88
[   11569ms] [WARNING] The AudioContext was not allowed to start. It must be resumed (or created) after a user gesture on the page. https://developer.chrome.com/blog/autoplay/#web_audio @ http://localhost:8820/assets/js/sfx.js:29
[   11569ms] [WARNING] The AudioContext was not allowed to start. It must be resumed (or created) after a user gesture on the page. https://developer.chrome.com/blog/autoplay/#web_audio @ http://localhost:8820/assets/js/sfx.js:88
[   11569ms] [WARNING] The AudioContext was not allowed to start. It must be resumed (or created) after a user gesture on the page. https://developer.chrome.com/blog/autoplay/#web_audio @ http://localhost:8820/assets/js/sfx.js:29
[   11569ms] [WARNING] The AudioContext was not allowed to start. It must be resumed (or created) after a user gesture on the page. https://developer.chrome.com/blog/autoplay/#web_audio @ http://localhost:8820/assets/js/sfx.js:88
[   11569ms] [WARNING] The AudioContext was not allowed to start. It must be resumed (or created) after a user gesture on the page. https://developer.chrome.com/blog/autoplay/#web_audio @ http://localhost:8820/assets/js/sfx.js:29
[   11570ms] [WARNING] The AudioContext was not allowed to start. It must be resumed (or created) after a user gesture on the page. https://developer.chrome.com/blog/autoplay/#web_audio @ http://localhost:8820/assets/js/sfx.js:88
[   11914ms] [WARNING] The AudioContext was not allowed to start. It must be resumed (or created) after a user gesture on the page. https://developer.chrome.com/blog/autoplay/#web_audio @ http://localhost:8820/assets/js/sfx.js:29
[   11914ms] [WARNING] The AudioContext was not allowed to start. It must be resumed (or created) after a user gesture on the page. https://developer.chrome.com/blog/autoplay/#web_audio @ http://localhost:8820/assets/js/sfx.js:88
[   12248ms] [WARNING] The AudioContext was not allowed to start. It must be resumed (or created) after a user gesture on the page. https://developer.chrome.com/blog/autoplay/#web_audio @ http://localhost:8820/assets/js/sfx.js:29
[   12249ms] [WARNING] The AudioContext was not allowed to start. It must be resumed (or created) after a user gesture on the page. https://developer.chrome.com/blog/autoplay/#web_audio @ http://localhost:8820/assets/js/sfx.js:88
[   12249ms] [WARNING] The AudioContext was not allowed to start. It must be resumed (or created) after a user gesture on the page. https://developer.chrome.com/blog/autoplay/#web_audio @ http://localhost:8820/assets/js/sfx.js:29
[   12249ms] [WARNING] The AudioContext was not allowed to start. It must be resumed (or created) after a user gesture on the page. https://developer.chrome.com/blog/autoplay/#web_audio @ http://localhost:8820/assets/js/sfx.js:88
[   12591ms] [WARNING] The AudioContext was not allowed to start. It must be resumed (or created) after a user gesture on the page. https://developer.chrome.com/blog/autoplay/#web_audio @ http://localhost:8820/assets/js/sfx.js:29
[   12591ms] [WARNING] The AudioContext was not allowed to start. It must be resumed (or created) after a user gesture on the page. https://developer.chrome.com/blog/autoplay/#web_audio @ http://localhost:8820/assets/js/sfx.js:88
[   12930ms] [WARNING] The AudioContext was not allowed to start. It must be resumed (or created) after a user gesture on the page. https://developer.chrome.com/blog/autoplay/#web_audio @ http://localhost:8820/assets/js/sfx.js:29
[   12931ms] [WARNING] The AudioContext was not allowed to start. It must be resumed (or created) after a user gesture on the page. https://developer.chrome.com/blog/autoplay/#web_audio @ http://localhost:8820/assets/js/sfx.js:88
[   12931ms] [WARNING] The AudioContext was not allowed to start. It must be resumed (or created) after a user gesture on the page. https://developer.chrome.com/blog/autoplay/#web_audio @ http://localhost:8820/assets/js/sfx.js:29
[   12931ms] [WARNING] The AudioContext was not allowed to start. It must be resumed (or created) after a user gesture on the page. https://developer.chrome.com/blog/autoplay/#web_audio @ http://localhost:8820/assets/js/sfx.js:88
[   13396ms] [ERROR] [GameKit] klotski ReferenceError: f is not defined
    at render (http://localhost:8820/assets/js/games/klotski.js:284:13)
    at http://localhost:8820/assets/js/games/klotski.js:359:44
    at frame (http://localhost:8820/assets/js/games/engine.js:217:29) @ http://localhost:8820/assets/js/games/engine.js:216
[   13413ms] [ERROR] [GameKit] klotski ReferenceError: f is not defined
    at render (http://localhost:8820/assets/js/games/klotski.js:284:13)
    at http://localhost:8820/assets/js/games/klotski.js:359:44
    at frame (http://localhost:8820/assets/js/games/engine.js:217:29) @ http://localhost:8820/assets/js/games/engine.js:216
[   13429ms] [ERROR] [GameKit] klotski ReferenceError: f is not defined
    at render (http://localhost:8820/assets/js/games/klotski.js:284:13)
    at http://localhost:8820/assets/js/games/klotski.js:359:44
    at frame (http://localhost:8820/assets/js/games/engine.js:217:29) @ http://localhost:8820/assets/js/games/engine.js:216
[   13446ms] [ERROR] [GameKit] klotski ReferenceError: f is not defined
    at render (http://localhost:8820/assets/js/games/klotski.js:284:13)
    at http://localhost:8820/assets/js/games/klotski.js:359:44
    at frame (http://localhost:8820/assets/js/games/engine.js:217:29) @ http://localhost:8820/assets/js/games/engine.js:216
[   13463ms] [ERROR] [GameKit] klotski ReferenceError: f is not defined
    at render (http://localhost:8820/assets/js/games/klotski.js:284:13)
    at http://localhost:8820/assets/js/games/klotski.js:359:44
    at frame (http://localhost:8820/assets/js/games/engine.js:217:29) @ http://localhost:8820/assets/js/games/engine.js:216
[   13480ms] [ERROR] [GameKit] klotski ReferenceError: f is not defined
    at render (http://localhost:8820/assets/js/games/klotski.js:284:13)
    at http://localhost:8820/assets/js/games/klotski.js:359:44
    at frame (http://localhost:8820/assets/js/games/engine.js:217:29) @ http://localhost:8820/assets/js/games/engine.js:216
[   13496ms] [ERROR] [GameKit] klotski ReferenceError: f is not defined
    at render (http://localhost:8820/assets/js/games/klotski.js:284:13)
    at http://localhost:8820/assets/js/games/klotski.js:359:44
    at frame (http://localhost:8820/assets/js/games/engine.js:217:29) @ http://localhost:8820/assets/js/games/engine.js:216
[   13512ms] [ERROR] [GameKit] klotski ReferenceError: f is not defined
    at render (http://localhost:8820/assets/js/games/klotski.js:284:13)
    at http://localhost:8820/assets/js/games/klotski.js:359:44
    at frame (http://localhost:8820/assets/js/games/engine.js:217:29) @ http://localhost:8820/assets/js/games/engine.js:216
[   13529ms] [ERROR] [GameKit] klotski ReferenceError: f is not defined
    at render (http://localhost:8820/assets/js/games/klotski.js:284:13)
    at http://localhost:8820/assets/js/games/klotski.js:359:44
    at frame (http://localhost:8820/assets/js/games/engine.js:217:29) @ http://localhost:8820/assets/js/games/engine.js:216
[   13546ms] [ERROR] [GameKit] klotski ReferenceError: f is not defined
    at render (http://localhost:8820/assets/js/games/klotski.js:284:13)
    at http://localhost:8820/assets/js/games/klotski.js:359:44
    at frame (http://localhost:8820/assets/js/games/engine.js:217:29) @ http://localhost:8820/assets/js/games/engine.js:216
[   13562ms] [ERROR] [GameKit] klotski ReferenceError: f is not defined
    at render (http://localhost:8820/assets/js/games/klotski.js:284:13)
    at http://localhost:8820/assets/js/games/klotski.js:359:44
    at frame (http://localhost:8820/assets/js/games/engine.js:217:29) @ http://localhost:8820/assets/js/games/engine.js:216
[   13580ms] [ERROR] [GameKit] klotski ReferenceError: f is not defined
    at render (http://localhost:8820/assets/js/games/klotski.js:284:13)
    at http://localhost:8820/assets/js/games/klotski.js:359:44
    at frame (http://localhost:8820/assets/js/games/engine.js:217:29) @ http://localhost:8820/assets/js/games/engine.js:216
[   13596ms] [ERROR] [GameKit] klotski ReferenceError: f is not defined
    at render (http://localhost:8820/assets/js/games/klotski.js:284:13)
    at http://localhost:8820/assets/js/games/klotski.js:359:44
    at frame (http://localhost:8820/assets/js/games/engine.js:217:29) @ http://localhost:8820/assets/js/games/engine.js:216
[   13613ms] [ERROR] [GameKit] klotski ReferenceError: f is not defined
    at render (http://localhost:8820/assets/js/games/klotski.js:284:13)
    at http://localhost:8820/assets/js/games/klotski.js:359:44
    at frame (http://localhost:8820/assets/js/games/engine.js:217:29) @ http://localhost:8820/assets/js/games/engine.js:216
[   13629ms] [ERROR] [GameKit] klotski ReferenceError: f is not defined
    at render (http://localhost:8820/assets/js/games/klotski.js:284:13)
    at http://localhost:8820/assets/js/games/klotski.js:359:44
    at frame (http://localhost:8820/assets/js/games/engine.js:217:29) @ http://localhost:8820/assets/js/games/engine.js:216
[   13646ms] [ERROR] [GameKit] klotski ReferenceError: f is not defined
    at render (http://localhost:8820/assets/js/games/klotski.js:284:13)
    at http://localhost:8820/assets/js/games/klotski.js:359:44
    at frame (http://localhost:8820/assets/js/games/engine.js:217:29) @ http://localhost:8820/assets/js/games/engine.js:216
[   13663ms] [ERROR] [GameKit] klotski ReferenceError: f is not defined
    at render (http://localhost:8820/assets/js/games/klotski.js:284:13)
    at http://localhost:8820/assets/js/games/klotski.js:359:44
    at frame (http://localhost:8820/assets/js/games/engine.js:217:29) @ http://localhost:8820/assets/js/games/engine.js:216
[   13680ms] [ERROR] [GameKit] klotski ReferenceError: f is not defined
    at render (http://localhost:8820/assets/js/games/klotski.js:284:13)
    at http://localhost:8820/assets/js/games/klotski.js:359:44
    at frame (http://localhost:8820/assets/js/games/engine.js:217:29) @ http://localhost:8820/assets/js/games/engine.js:216
[   13696ms] [ERROR] [GameKit] klotski ReferenceError: f is not defined
    at render (http://localhost:8820/assets/js/games/klotski.js:284:13)
    at http://localhost:8820/assets/js/games/klotski.js:359:44
    at frame (http://localhost:8820/assets/js/games/engine.js:217:29) @ http://localhost:8820/assets/js/games/engine.js:216
[   13712ms] [ERROR] [GameKit] klotski ReferenceError: f is not defined
    at render (http://localhost:8820/assets/js/games/klotski.js:284:13)
    at http://localhost:8820/assets/js/games/klotski.js:359:44
    at frame (http://localhost:8820/assets/js/games/engine.js:217:29) @ http://localhost:8820/assets/js/games/engine.js:216
[   13729ms] [ERROR] [GameKit] klotski ReferenceError: f is not defined
    at render (http://localhost:8820/assets/js/games/klotski.js:284:13)
    at http://localhost:8820/assets/js/games/klotski.js:359:44
    at frame (http://localhost:8820/assets/js/games/engine.js:217:29) @ http://localhost:8820/assets/js/games/engine.js:216
[   13746ms] [ERROR] [GameKit] klotski ReferenceError: f is not defined
    at render (http://localhost:8820/assets/js/games/klotski.js:284:13)
    at http://localhost:8820/assets/js/games/klotski.js:359:44
    at frame (http://localhost:8820/assets/js/games/engine.js:217:29) @ http://localhost:8820/assets/js/games/engine.js:216
[   13763ms] [ERROR] [GameKit] klotski ReferenceError: f is not defined
    at render (http://localhost:8820/assets/js/games/klotski.js:284:13)
    at http://localhost:8820/assets/js/games/klotski.js:359:44
    at frame (http://localhost:8820/assets/js/games/engine.js:217:29) @ http://localhost:8820/assets/js/games/engine.js:216
[   13779ms] [ERROR] [GameKit] klotski ReferenceError: f is not defined
    at render (http://localhost:8820/assets/js/games/klotski.js:284:13)
    at http://localhost:8820/assets/js/games/klotski.js:359:44
    at frame (http://localhost:8820/assets/js/games/engine.js:217:29) @ http://localhost:8820/assets/js/games/engine.js:216
[   13797ms] [ERROR] [GameKit] klotski ReferenceError: f is not defined
    at render (http://localhost:8820/assets/js/games/klotski.js:284:13)
    at http://localhost:8820/assets/js/games/klotski.js:359:44
    at frame (http://localhost:8820/assets/js/games/engine.js:217:29) @ http://localhost:8820/assets/js/games/engine.js:216
[   13812ms] [ERROR] [GameKit] klotski ReferenceError: f is not defined
    at render (http://localhost:8820/assets/js/games/klotski.js:284:13)
    at http://localhost:8820/assets/js/games/klotski.js:359:44
    at frame (http://localhost:8820/assets/js/games/engine.js:217:29) @ http://localhost:8820/assets/js/games/engine.js:216
[   13829ms] [ERROR] [GameKit] klotski ReferenceError: f is not defined
    at render (http://localhost:8820/assets/js/games/klotski.js:284:13)
    at http://localhost:8820/assets/js/games/klotski.js:359:44
    at frame (http://localhost:8820/assets/js/games/engine.js:217:29) @ http://localhost:8820/assets/js/games/engine.js:216
[   13846ms] [ERROR] [GameKit] klotski ReferenceError: f is not defined
    at render (http://localhost:8820/assets/js/games/klotski.js:284:13)
    at http://localhost:8820/assets/js/games/klotski.js:359:44
    at frame (http://localhost:8820/assets/js/games/engine.js:217:29) @ http://localhost:8820/assets/js/games/engine.js:216
[   13863ms] [ERROR] [GameKit] klotski ReferenceError: f is not defined
    at render (http://localhost:8820/assets/js/games/klotski.js:284:13)
    at http://localhost:8820/assets/js/games/klotski.js:359:44
    at frame (http://localhost:8820/assets/js/games/engine.js:217:29) @ http://localhost:8820/assets/js/games/engine.js:216
[   13879ms] [ERROR] [GameKit] klotski ReferenceError: f is not defined
    at render (http://localhost:8820/assets/js/games/klotski.js:284:13)
    at http://localhost:8820/assets/js/games/klotski.js:359:44
    at frame (http://localhost:8820/assets/js/games/engine.js:217:29) @ http://localhost:8820/assets/js/games/engine.js:216
[   13896ms] [ERROR] [GameKit] klotski ReferenceError: f is not defined
    at render (http://localhost:8820/assets/js/games/klotski.js:284:13)
    at http://localhost:8820/assets/js/games/klotski.js:359:44
    at frame (http://localhost:8820/assets/js/games/engine.js:217:29) @ http://localhost:8820/assets/js/games/engine.js:216
[   13912ms] [ERROR] [GameKit] klotski ReferenceError: f is not defined
    at render (http://localhost:8820/assets/js/games/klotski.js:284:13)
    at http://localhost:8820/assets/js/games/klotski.js:359:44
    at frame (http://localhost:8820/assets/js/games/engine.js:217:29) @ http://localhost:8820/assets/js/games/engine.js:216
[   13929ms] [ERROR] [GameKit] klotski ReferenceError: f is not defined
    at render (http://localhost:8820/assets/js/games/klotski.js:284:13)
    at http://localhost:8820/assets/js/games/klotski.js:359:44
    at frame (http://localhost:8820/assets/js/games/engine.js:217:29) @ http://localhost:8820/assets/js/games/engine.js:216
[   13946ms] [ERROR] [GameKit] klotski ReferenceError: f is not defined
    at render (http://localhost:8820/assets/js/games/klotski.js:284:13)
    at http://localhost:8820/assets/js/games/klotski.js:359:44
    at frame (http://localhost:8820/assets/js/games/engine.js:217:29) @ http://localhost:8820/assets/js/games/engine.js:216
[   13963ms] [ERROR] [GameKit] klotski ReferenceError: f is not defined
    at render (http://localhost:8820/assets/js/games/klotski.js:284:13)
    at http://localhost:8820/assets/js/games/klotski.js:359:44
    at frame (http://localhost:8820/assets/js/games/engine.js:217:29) @ http://localhost:8820/assets/js/games/engine.js:216
[   13979ms] [ERROR] [GameKit] klotski ReferenceError: f is not defined
    at render (http://localhost:8820/assets/js/games/klotski.js:284:13)
    at http://localhost:8820/assets/js/games/klotski.js:359:44
    at frame (http://localhost:8820/assets/js/games/engine.js:217:29) @ http://localhost:8820/assets/js/games/engine.js:216
[   13996ms] [ERROR] [GameKit] klotski ReferenceError: f is not defined
    at render (http://localhost:8820/assets/js/games/klotski.js:284:13)
    at http://localhost:8820/assets/js/games/klotski.js:359:44
    at frame (http://localhost:8820/assets/js/games/engine.js:217:29) @ http://localhost:8820/assets/js/games/engine.js:216
[   14013ms] [ERROR] [GameKit] klotski ReferenceError: f is not defined
    at render (http://localhost:8820/assets/js/games/klotski.js:284:13)
    at http://localhost:8820/assets/js/games/klotski.js:359:44
    at frame (http://localhost:8820/assets/js/games/engine.js:217:29) @ http://localhost:8820/assets/js/games/engine.js:216
[   14029ms] [ERROR] [GameKit] klotski ReferenceError: f is not defined
    at render (http://localhost:8820/assets/js/games/klotski.js:284:13)
    at http://localhost:8820/assets/js/games/klotski.js:359:44
    at frame (http://localhost:8820/assets/js/games/engine.js:217:29) @ http://localhost:8820/assets/js/games/engine.js:216
[   14046ms] [ERROR] [GameKit] klotski ReferenceError: f is not defined
    at render (http://localhost:8820/assets/js/games/klotski.js:284:13)
    at http://localhost:8820/assets/js/games/klotski.js:359:44
    at frame (http://localhost:8820/assets/js/games/engine.js:217:29) @ http://localhost:8820/assets/js/games/engine.js:216
[   14063ms] [ERROR] [GameKit] klotski ReferenceError: f is not defined
    at render (http://localhost:8820/assets/js/games/klotski.js:284:13)
    at http://localhost:8820/assets/js/games/klotski.js:359:44
    at frame (http://localhost:8820/assets/js/games/engine.js:217:29) @ http://localhost:8820/assets/js/games/engine.js:216
[   14079ms] [ERROR] [GameKit] klotski ReferenceError: f is not defined
    at render (http://localhost:8820/assets/js/games/klotski.js:284:13)
    at http://localhost:8820/assets/js/games/klotski.js:359:44
    at frame (http://localhost:8820/assets/js/games/engine.js:217:29) @ http://localhost:8820/assets/js/games/engine.js:216
[   14096ms] [ERROR] [GameKit] klotski ReferenceError: f is not defined
    at render (http://localhost:8820/assets/js/games/klotski.js:284:13)
    at http://localhost:8820/assets/js/games/klotski.js:359:44
    at frame (http://localhost:8820/assets/js/games/engine.js:217:29) @ http://localhost:8820/assets/js/games/engine.js:216
[   14113ms] [ERROR] [GameKit] klotski ReferenceError: f is not defined
    at render (http://localhost:8820/assets/js/games/klotski.js:284:13)
    at http://localhost:8820/assets/js/games/klotski.js:359:44
    at frame (http://localhost:8820/assets/js/games/engine.js:217:29) @ http://localhost:8820/assets/js/games/engine.js:216
[   14129ms] [ERROR] [GameKit] klotski ReferenceError: f is not defined
    at render (http://localhost:8820/assets/js/games/klotski.js:284:13)
    at http://localhost:8820/assets/js/games/klotski.js:359:44
    at frame (http://localhost:8820/assets/js/games/engine.js:217:29) @ http://localhost:8820/assets/js/games/engine.js:216
[   14146ms] [ERROR] [GameKit] klotski ReferenceError: f is not defined
    at render (http://localhost:8820/assets/js/games/klotski.js:284:13)
    at http://localhost:8820/assets/js/games/klotski.js:359:44
    at frame (http://localhost:8820/assets/js/games/engine.js:217:29) @ http://localhost:8820/assets/js/games/engine.js:216
[   14163ms] [ERROR] [GameKit] klotski ReferenceError: f is not defined
    at render (http://localhost:8820/assets/js/games/klotski.js:284:13)
    at http://localhost:8820/assets/js/games/klotski.js:359:44
    at frame (http://localhost:8820/assets/js/games/engine.js:217:29) @ http://localhost:8820/assets/js/games/engine.js:216
[   14179ms] [ERROR] [GameKit] klotski ReferenceError: f is not defined
    at render (http://localhost:8820/assets/js/games/klotski.js:284:13)
    at http://localhost:8820/assets/js/games/klotski.js:359:44
    at frame (http://localhost:8820/assets/js/games/engine.js:217:29) @ http://localhost:8820/assets/js/games/engine.js:216
[   14196ms] [ERROR] [GameKit] klotski ReferenceError: f is not defined
    at render (http://localhost:8820/assets/js/games/klotski.js:284:13)
    at http://localhost:8820/assets/js/games/klotski.js:359:44
    at frame (http://localhost:8820/assets/js/games/engine.js:217:29) @ http://localhost:8820/assets/js/games/engine.js:216
[   14212ms] [ERROR] [GameKit] klotski ReferenceError: f is not defined
    at render (http://localhost:8820/assets/js/games/klotski.js:284:13)
    at http://localhost:8820/assets/js/games/klotski.js:359:44
    at frame (http://localhost:8820/assets/js/games/engine.js:217:29) @ http://localhost:8820/assets/js/games/engine.js:216
[   14229ms] [ERROR] [GameKit] klotski ReferenceError: f is not defined
    at render (http://localhost:8820/assets/js/games/klotski.js:284:13)
    at http://localhost:8820/assets/js/games/klotski.js:359:44
    at frame (http://localhost:8820/assets/js/games/engine.js:217:29) @ http://localhost:8820/assets/js/games/engine.js:216
[   14246ms] [ERROR] [GameKit] klotski ReferenceError: f is not defined
    at render (http://localhost:8820/assets/js/games/klotski.js:284:13)
    at http://localhost:8820/assets/js/games/klotski.js:359:44
    at frame (http://localhost:8820/assets/js/games/engine.js:217:29) @ http://localhost:8820/assets/js/games/engine.js:216
[   14263ms] [ERROR] [GameKit] klotski ReferenceError: f is not defined
    at render (http://localhost:8820/assets/js/games/klotski.js:284:13)
    at http://localhost:8820/assets/js/games/klotski.js:359:44
    at frame (http://localhost:8820/assets/js/games/engine.js:217:29) @ http://localhost:8820/assets/js/games/engine.js:216
[   14279ms] [ERROR] [GameKit] klotski ReferenceError: f is not defined
    at render (http://localhost:8820/assets/js/games/klotski.js:284:13)
    at http://localhost:8820/assets/js/games/klotski.js:359:44
    at frame (http://localhost:8820/assets/js/games/engine.js:217:29) @ http://localhost:8820/assets/js/games/engine.js:216
[   14296ms] [ERROR] [GameKit] klotski ReferenceError: f is not defined
    at render (http://localhost:8820/assets/js/games/klotski.js:284:13)
    at http://localhost:8820/assets/js/games/klotski.js:359:44
    at frame (http://localhost:8820/assets/js/games/engine.js:217:29) @ http://localhost:8820/assets/js/games/engine.js:216
[   14312ms] [ERROR] [GameKit] klotski ReferenceError: f is not defined
    at render (http://localhost:8820/assets/js/games/klotski.js:284:13)
    at http://localhost:8820/assets/js/games/klotski.js:359:44
    at frame (http://localhost:8820/assets/js/games/engine.js:217:29) @ http://localhost:8820/assets/js/games/engine.js:216
[   14330ms] [ERROR] [GameKit] klotski ReferenceError: f is not defined
    at render (http://localhost:8820/assets/js/games/klotski.js:284:13)
    at http://localhost:8820/assets/js/games/klotski.js:359:44
    at frame (http://localhost:8820/assets/js/games/engine.js:217:29) @ http://localhost:8820/assets/js/games/engine.js:216
[   14346ms] [ERROR] [GameKit] klotski ReferenceError: f is not defined
    at render (http://localhost:8820/assets/js/games/klotski.js:284:13)
    at http://localhost:8820/assets/js/games/klotski.js:359:44
    at frame (http://localhost:8820/assets/js/games/engine.js:217:29) @ http://localhost:8820/assets/js/games/engine.js:216
[   14363ms] [ERROR] [GameKit] klotski ReferenceError: f is not defined
    at render (http://localhost:8820/assets/js/games/klotski.js:284:13)
    at http://localhost:8820/assets/js/games/klotski.js:359:44
    at frame (http://localhost:8820/assets/js/games/engine.js:217:29) @ http://localhost:8820/assets/js/games/engine.js:216
[   14379ms] [ERROR] [GameKit] klotski ReferenceError: f is not defined
    at render (http://localhost:8820/assets/js/games/klotski.js:284:13)
    at http://localhost:8820/assets/js/games/klotski.js:359:44
    at frame (http://localhost:8820/assets/js/games/engine.js:217:29) @ http://localhost:8820/assets/js/games/engine.js:216
[   14396ms] [ERROR] [GameKit] klotski ReferenceError: f is not defined
    at render (http://localhost:8820/assets/js/games/klotski.js:284:13)
    at http://localhost:8820/assets/js/games/klotski.js:359:44
    at frame (http://localhost:8820/assets/js/games/engine.js:217:29) @ http://localhost:8820/assets/js/games/engine.js:216
[   14412ms] [ERROR] [GameKit] klotski ReferenceError: f is not defined
    at render (http://localhost:8820/assets/js/games/klotski.js:284:13)
    at http://localhost:8820/assets/js/games/klotski.js:359:44
    at frame (http://localhost:8820/assets/js/games/engine.js:217:29) @ http://localhost:8820/assets/js/games/engine.js:216
[   14429ms] [ERROR] [GameKit] klotski ReferenceError: f is not defined
    at render (http://localhost:8820/assets/js/games/klotski.js:284:13)
    at http://localhost:8820/assets/js/games/klotski.js:359:44
    at frame (http://localhost:8820/assets/js/games/engine.js:217:29) @ http://localhost:8820/assets/js/games/engine.js:216
[   14446ms] [ERROR] [GameKit] klotski ReferenceError: f is not defined
    at render (http://localhost:8820/assets/js/games/klotski.js:284:13)
    at http://localhost:8820/assets/js/games/klotski.js:359:44
    at frame (http://localhost:8820/assets/js/games/engine.js:217:29) @ http://localhost:8820/assets/js/games/engine.js:216
[   14463ms] [ERROR] [GameKit] klotski ReferenceError: f is not defined
    at render (http://localhost:8820/assets/js/games/klotski.js:284:13)
    at http://localhost:8820/assets/js/games/klotski.js:359:44
    at frame (http://localhost:8820/assets/js/games/engine.js:217:29) @ http://localhost:8820/assets/js/games/engine.js:216
[   14479ms] [ERROR] [GameKit] klotski ReferenceError: f is not defined
    at render (http://localhost:8820/assets/js/games/klotski.js:284:13)
    at http://localhost:8820/assets/js/games/klotski.js:359:44
    at frame (http://localhost:8820/assets/js/games/engine.js:217:29) @ http://localhost:8820/assets/js/games/engine.js:216
[   14496ms] [ERROR] [GameKit] klotski ReferenceError: f is not defined
    at render (http://localhost:8820/assets/js/games/klotski.js:284:13)
    at http://localhost:8820/assets/js/games/klotski.js:359:44
    at frame (http://localhost:8820/assets/js/games/engine.js:217:29) @ http://localhost:8820/assets/js/games/engine.js:216
[   14513ms] [ERROR] [GameKit] klotski ReferenceError: f is not defined
    at render (http://localhost:8820/assets/js/games/klotski.js:284:13)
    at http://localhost:8820/assets/js/games/klotski.js:359:44
    at frame (http://localhost:8820/assets/js/games/engine.js:217:29) @ http://localhost:8820/assets/js/games/engine.js:216
[   14529ms] [ERROR] [GameKit] klotski ReferenceError: f is not defined
    at render (http://localhost:8820/assets/js/games/klotski.js:284:13)
    at http://localhost:8820/assets/js/games/klotski.js:359:44
    at frame (http://localhost:8820/assets/js/games/engine.js:217:29) @ http://localhost:8820/assets/js/games/engine.js:216
[   14546ms] [ERROR] [GameKit] klotski ReferenceError: f is not defined
    at render (http://localhost:8820/assets/js/games/klotski.js:284:13)
    at http://localhost:8820/assets/js/games/klotski.js:359:44
    at frame (http://localhost:8820/assets/js/games/engine.js:217:29) @ http://localhost:8820/assets/js/games/engine.js:216
