[     861ms] [WARNING] The AudioContext was not allowed to start. It must be resumed (or created) after a user gesture on the page. https://developer.chrome.com/blog/autoplay/#web_audio @ http://localhost:8820/assets/js/sfx.js:253
[     861ms] [WARNING] The AudioContext was not allowed to start. It must be resumed (or created) after a user gesture on the page. https://developer.chrome.com/blog/autoplay/#web_audio @ http://localhost:8820/assets/js/sfx.js:29
[     861ms] [WARNING] The AudioContext was not allowed to start. It must be resumed (or created) after a user gesture on the page. https://developer.chrome.com/blog/autoplay/#web_audio @ http://localhost:8820/assets/js/sfx.js:29
[     863ms] [WARNING] The AudioContext was not allowed to start. It must be resumed (or created) after a user gesture on the page. https://developer.chrome.com/blog/autoplay/#web_audio @ http://localhost:8820/assets/js/sfx.js:88
[     863ms] [WARNING] The AudioContext was not allowed to start. It must be resumed (or created) after a user gesture on the page. https://developer.chrome.com/blog/autoplay/#web_audio @ http://localhost:8820/assets/js/sfx.js:29
[     863ms] [WARNING] The AudioContext was not allowed to start. It must be resumed (or created) after a user gesture on the page. https://developer.chrome.com/blog/autoplay/#web_audio @ http://localhost:8820/assets/js/sfx.js:88
[     863ms] [WARNING] The AudioContext was not allowed to start. It must be resumed (or created) after a user gesture on the page. https://developer.chrome.com/blog/autoplay/#web_audio @ http://localhost:8820/assets/js/sfx.js:29
[     863ms] [WARNING] The AudioContext was not allowed to start. It must be resumed (or created) after a user gesture on the page. https://developer.chrome.com/blog/autoplay/#web_audio @ http://localhost:8820/assets/js/sfx.js:29
[     863ms] [WARNING] The AudioContext was not allowed to start. It must be resumed (or created) after a user gesture on the page. https://developer.chrome.com/blog/autoplay/#web_audio @ http://localhost:8820/assets/js/sfx.js:88
[     863ms] [WARNING] The AudioContext was not allowed to start. It must be resumed (or created) after a user gesture on the page. https://developer.chrome.com/blog/autoplay/#web_audio @ http://localhost:8820/assets/js/sfx.js:29
[     863ms] [WARNING] The AudioContext was not allowed to start. It must be resumed (or created) after a user gesture on the page. https://developer.chrome.com/blog/autoplay/#web_audio @ http://localhost:8820/assets/js/sfx.js:88
[     864ms] [WARNING] The AudioContext was not allowed to start. It must be resumed (or created) after a user gesture on the page. https://developer.chrome.com/blog/autoplay/#web_audio @ http://localhost:8820/assets/js/sfx.js:29
[     864ms] [WARNING] The AudioContext was not allowed to start. It must be resumed (or created) after a user gesture on the page. https://developer.chrome.com/blog/autoplay/#web_audio @ http://localhost:8820/assets/js/sfx.js:88
[     864ms] [WARNING] The AudioContext was not allowed to start. It must be resumed (or created) after a user gesture on the page. https://developer.chrome.com/blog/autoplay/#web_audio @ http://localhost:8820/assets/js/sfx.js:29
[     864ms] [WARNING] The AudioContext was not allowed to start. It must be resumed (or created) after a user gesture on the page. https://developer.chrome.com/blog/autoplay/#web_audio @ http://localhost:8820/assets/js/sfx.js:88
[    6584ms] [WARNING] The AudioContext was not allowed to start. It must be resumed (or created) after a user gesture on the page. https://developer.chrome.com/blog/autoplay/#web_audio @ http://localhost:8820/assets/js/sfx.js:253
[    6584ms] [WARNING] The AudioContext was not allowed to start. It must be resumed (or created) after a user gesture on the page. https://developer.chrome.com/blog/autoplay/#web_audio @ http://localhost:8820/assets/js/sfx.js:29
[    6584ms] [WARNING] The AudioContext was not allowed to start. It must be resumed (or created) after a user gesture on the page. https://developer.chrome.com/blog/autoplay/#web_audio @ http://localhost:8820/assets/js/sfx.js:29
[    6587ms] [WARNING] The AudioContext was not allowed to start. It must be resumed (or created) after a user gesture on the page. https://developer.chrome.com/blog/autoplay/#web_audio @ http://localhost:8820/assets/js/sfx.js:88
[    6588ms] [WARNING] The AudioContext was not allowed to start. It must be resumed (or created) after a user gesture on the page. https://developer.chrome.com/blog/autoplay/#web_audio @ http://localhost:8820/assets/js/sfx.js:29
[    6588ms] [WARNING] The AudioContext was not allowed to start. It must be resumed (or created) after a user gesture on the page. https://developer.chrome.com/blog/autoplay/#web_audio @ http://localhost:8820/assets/js/sfx.js:88
[    6588ms] [WARNING] The AudioContext was not allowed to start. It must be resumed (or created) after a user gesture on the page. https://developer.chrome.com/blog/autoplay/#web_audio @ http://localhost:8820/assets/js/sfx.js:29
[    6588ms] [WARNING] The AudioContext was not allowed to start. It must be resumed (or created) after a user gesture on the page. https://developer.chrome.com/blog/autoplay/#web_audio @ http://localhost:8820/assets/js/sfx.js:29
[    6590ms] [WARNING] The AudioContext was not allowed to start. It must be resumed (or created) after a user gesture on the page. https://developer.chrome.com/blog/autoplay/#web_audio @ http://localhost:8820/assets/js/sfx.js:88
[    6590ms] [WARNING] The AudioContext was not allowed to start. It must be resumed (or created) after a user gesture on the page. https://developer.chrome.com/blog/autoplay/#web_audio @ http://localhost:8820/assets/js/sfx.js:29
[    6590ms] [WARNING] The AudioContext was not allowed to start. It must be resumed (or created) after a user gesture on the page. https://developer.chrome.com/blog/autoplay/#web_audio @ http://localhost:8820/assets/js/sfx.js:88
[    6590ms] [WARNING] The AudioContext was not allowed to start. It must be resumed (or created) after a user gesture on the page. https://developer.chrome.com/blog/autoplay/#web_audio @ http://localhost:8820/assets/js/sfx.js:29
[    6590ms] [WARNING] The AudioContext was not allowed to start. It must be resumed (or created) after a user gesture on the page. https://developer.chrome.com/blog/autoplay/#web_audio @ http://localhost:8820/assets/js/sfx.js:88
[    6590ms] [WARNING] The AudioContext was not allowed to start. It must be resumed (or created) after a user gesture on the page. https://developer.chrome.com/blog/autoplay/#web_audio @ http://localhost:8820/assets/js/sfx.js:29
[    6590ms] [WARNING] The AudioContext was not allowed to start. It must be resumed (or created) after a user gesture on the page. https://developer.chrome.com/blog/autoplay/#web_audio @ http://localhost:8820/assets/js/sfx.js:88
[    7992ms] [WARNING] The AudioContext was not allowed to start. It must be resumed (or created) after a user gesture on the page. https://developer.chrome.com/blog/autoplay/#web_audio @ http://localhost:8820/assets/js/sfx.js:253
[    7992ms] [WARNING] The AudioContext was not allowed to start. It must be resumed (or created) after a user gesture on the page. https://developer.chrome.com/blog/autoplay/#web_audio @ http://localhost:8820/assets/js/sfx.js:29
[    7993ms] [WARNING] The AudioContext was not allowed to start. It must be resumed (or created) after a user gesture on the page. https://developer.chrome.com/blog/autoplay/#web_audio @ http://localhost:8820/assets/js/sfx.js:29
[    7998ms] [WARNING] The AudioContext was not allowed to start. It must be resumed (or created) after a user gesture on the page. https://developer.chrome.com/blog/autoplay/#web_audio @ http://localhost:8820/assets/js/sfx.js:88
[    7998ms] [WARNING] The AudioContext was not allowed to start. It must be resumed (or created) after a user gesture on the page. https://developer.chrome.com/blog/autoplay/#web_audio @ http://localhost:8820/assets/js/sfx.js:29
[    7999ms] [WARNING] The AudioContext was not allowed to start. It must be resumed (or created) after a user gesture on the page. https://developer.chrome.com/blog/autoplay/#web_audio @ http://localhost:8820/assets/js/sfx.js:88
[    7999ms] [WARNING] The AudioContext was not allowed to start. It must be resumed (or created) after a user gesture on the page. https://developer.chrome.com/blog/autoplay/#web_audio @ http://localhost:8820/assets/js/sfx.js:29
[    7999ms] [WARNING] The AudioContext was not allowed to start. It must be resumed (or created) after a user gesture on the page. https://developer.chrome.com/blog/autoplay/#web_audio @ http://localhost:8820/assets/js/sfx.js:29
[    8001ms] [WARNING] The AudioContext was not allowed to start. It must be resumed (or created) after a user gesture on the page. https://developer.chrome.com/blog/autoplay/#web_audio @ http://localhost:8820/assets/js/sfx.js:88
[    8001ms] [WARNING] The AudioContext was not allowed to start. It must be resumed (or created) after a user gesture on the page. https://developer.chrome.com/blog/autoplay/#web_audio @ http://localhost:8820/assets/js/sfx.js:29
[    8001ms] [WARNING] The AudioContext was not allowed to start. It must be resumed (or created) after a user gesture on the page. https://developer.chrome.com/blog/autoplay/#web_audio @ http://localhost:8820/assets/js/sfx.js:88
[    8001ms] [WARNING] The AudioContext was not allowed to start. It must be resumed (or created) after a user gesture on the page. https://developer.chrome.com/blog/autoplay/#web_audio @ http://localhost:8820/assets/js/sfx.js:29
[    8001ms] [WARNING] The AudioContext was not allowed to start. It must be resumed (or created) after a user gesture on the page. https://developer.chrome.com/blog/autoplay/#web_audio @ http://localhost:8820/assets/js/sfx.js:88
[    8002ms] [WARNING] The AudioContext was not allowed to start. It must be resumed (or created) after a user gesture on the page. https://developer.chrome.com/blog/autoplay/#web_audio @ http://localhost:8820/assets/js/sfx.js:29
[    8002ms] [WARNING] The AudioContext was not allowed to start. It must be resumed (or created) after a user gesture on the page. https://developer.chrome.com/blog/autoplay/#web_audio @ http://localhost:8820/assets/js/sfx.js:88
[   31777ms] [WARNING] The AudioContext was not allowed to start. It must be resumed (or created) after a user gesture on the page. https://developer.chrome.com/blog/autoplay/#web_audio @ http://localhost:8820/assets/js/sfx.js:253
[   31777ms] [WARNING] The AudioContext was not allowed to start. It must be resumed (or created) after a user gesture on the page. https://developer.chrome.com/blog/autoplay/#web_audio @ http://localhost:8820/assets/js/sfx.js:29
[   31777ms] [WARNING] The AudioContext was not allowed to start. It must be resumed (or created) after a user gesture on the page. https://developer.chrome.com/blog/autoplay/#web_audio @ http://localhost:8820/assets/js/sfx.js:29
[   31780ms] [WARNING] The AudioContext was not allowed to start. It must be resumed (or created) after a user gesture on the page. https://developer.chrome.com/blog/autoplay/#web_audio @ http://localhost:8820/assets/js/sfx.js:88
[   31781ms] [WARNING] The AudioContext was not allowed to start. It must be resumed (or created) after a user gesture on the page. https://developer.chrome.com/blog/autoplay/#web_audio @ http://localhost:8820/assets/js/sfx.js:29
[   31781ms] [WARNING] The AudioContext was not allowed to start. It must be resumed (or created) after a user gesture on the page. https://developer.chrome.com/blog/autoplay/#web_audio @ http://localhost:8820/assets/js/sfx.js:88
[   31781ms] [WARNING] The AudioContext was not allowed to start. It must be resumed (or created) after a user gesture on the page. https://developer.chrome.com/blog/autoplay/#web_audio @ http://localhost:8820/assets/js/sfx.js:29
[   31781ms] [WARNING] The AudioContext was not allowed to start. It must be resumed (or created) after a user gesture on the page. https://developer.chrome.com/blog/autoplay/#web_audio @ http://localhost:8820/assets/js/sfx.js:29
[   31783ms] [WARNING] The AudioContext was not allowed to start. It must be resumed (or created) after a user gesture on the page. https://developer.chrome.com/blog/autoplay/#web_audio @ http://localhost:8820/assets/js/sfx.js:88
[   31784ms] [WARNING] The AudioContext was not allowed to start. It must be resumed (or created) after a user gesture on the page. https://developer.chrome.com/blog/autoplay/#web_audio @ http://localhost:8820/assets/js/sfx.js:29
[   31784ms] [WARNING] The AudioContext was not allowed to start. It must be resumed (or created) after a user gesture on the page. https://developer.chrome.com/blog/autoplay/#web_audio @ http://localhost:8820/assets/js/sfx.js:88
[   31784ms] [WARNING] The AudioContext was not allowed to start. It must be resumed (or created) after a user gesture on the page. https://developer.chrome.com/blog/autoplay/#web_audio @ http://localhost:8820/assets/js/sfx.js:29
[   31784ms] [WARNING] The AudioContext was not allowed to start. It must be resumed (or created) after a user gesture on the page. https://developer.chrome.com/blog/autoplay/#web_audio @ http://localhost:8820/assets/js/sfx.js:88
[   31784ms] [WARNING] The AudioContext was not allowed to start. It must be resumed (or created) after a user gesture on the page. https://developer.chrome.com/blog/autoplay/#web_audio @ http://localhost:8820/assets/js/sfx.js:29
[   31784ms] [WARNING] The AudioContext was not allowed to start. It must be resumed (or created) after a user gesture on the page. https://developer.chrome.com/blog/autoplay/#web_audio @ http://localhost:8820/assets/js/sfx.js:88
[   37471ms] [WARNING] The AudioContext was not allowed to start. It must be resumed (or created) after a user gesture on the page. https://developer.chrome.com/blog/autoplay/#web_audio @ http://localhost:8820/assets/js/sfx.js:253
[   37471ms] [WARNING] The AudioContext was not allowed to start. It must be resumed (or created) after a user gesture on the page. https://developer.chrome.com/blog/autoplay/#web_audio @ http://localhost:8820/assets/js/sfx.js:29
[   37471ms] [WARNING] The AudioContext was not allowed to start. It must be resumed (or created) after a user gesture on the page. https://developer.chrome.com/blog/autoplay/#web_audio @ http://localhost:8820/assets/js/sfx.js:29
[   37474ms] [WARNING] The AudioContext was not allowed to start. It must be resumed (or created) after a user gesture on the page. https://developer.chrome.com/blog/autoplay/#web_audio @ http://localhost:8820/assets/js/sfx.js:88
[   37474ms] [WARNING] The AudioContext was not allowed to start. It must be resumed (or created) after a user gesture on the page. https://developer.chrome.com/blog/autoplay/#web_audio @ http://localhost:8820/assets/js/sfx.js:29
[   37474ms] [WARNING] The AudioContext was not allowed to start. It must be resumed (or created) after a user gesture on the page. https://developer.chrome.com/blog/autoplay/#web_audio @ http://localhost:8820/assets/js/sfx.js:88
[   37474ms] [WARNING] The AudioContext was not allowed to start. It must be resumed (or created) after a user gesture on the page. https://developer.chrome.com/blog/autoplay/#web_audio @ http://localhost:8820/assets/js/sfx.js:29
[   37474ms] [WARNING] The AudioContext was not allowed to start. It must be resumed (or created) after a user gesture on the page. https://developer.chrome.com/blog/autoplay/#web_audio @ http://localhost:8820/assets/js/sfx.js:29
[   37477ms] [WARNING] The AudioContext was not allowed to start. It must be resumed (or created) after a user gesture on the page. https://developer.chrome.com/blog/autoplay/#web_audio @ http://localhost:8820/assets/js/sfx.js:88
[   37477ms] [WARNING] The AudioContext was not allowed to start. It must be resumed (or created) after a user gesture on the page. https://developer.chrome.com/blog/autoplay/#web_audio @ http://localhost:8820/assets/js/sfx.js:29
[   37477ms] [WARNING] The AudioContext was not allowed to start. It must be resumed (or created) after a user gesture on the page. https://developer.chrome.com/blog/autoplay/#web_audio @ http://localhost:8820/assets/js/sfx.js:88
[   37477ms] [WARNING] The AudioContext was not allowed to start. It must be resumed (or created) after a user gesture on the page. https://developer.chrome.com/blog/autoplay/#web_audio @ http://localhost:8820/assets/js/sfx.js:29
[   37477ms] [WARNING] The AudioContext was not allowed to start. It must be resumed (or created) after a user gesture on the page. https://developer.chrome.com/blog/autoplay/#web_audio @ http://localhost:8820/assets/js/sfx.js:88
[   37477ms] [WARNING] The AudioContext was not allowed to start. It must be resumed (or created) after a user gesture on the page. https://developer.chrome.com/blog/autoplay/#web_audio @ http://localhost:8820/assets/js/sfx.js:29
[   37477ms] [WARNING] The AudioContext was not allowed to start. It must be resumed (or created) after a user gesture on the page. https://developer.chrome.com/blog/autoplay/#web_audio @ http://localhost:8820/assets/js/sfx.js:88
[   38825ms] [WARNING] The AudioContext was not allowed to start. It must be resumed (or created) after a user gesture on the page. https://developer.chrome.com/blog/autoplay/#web_audio @ http://localhost:8820/assets/js/sfx.js:253
[   38825ms] [WARNING] The AudioContext was not allowed to start. It must be resumed (or created) after a user gesture on the page. https://developer.chrome.com/blog/autoplay/#web_audio @ http://localhost:8820/assets/js/sfx.js:29
[   38825ms] [WARNING] The AudioContext was not allowed to start. It must be resumed (or created) after a user gesture on the page. https://developer.chrome.com/blog/autoplay/#web_audio @ http://localhost:8820/assets/js/sfx.js:29
[   38827ms] [WARNING] The AudioContext was not allowed to start. It must be resumed (or created) after a user gesture on the page. https://developer.chrome.com/blog/autoplay/#web_audio @ http://localhost:8820/assets/js/sfx.js:88
[   38827ms] [WARNING] The AudioContext was not allowed to start. It must be resumed (or created) after a user gesture on the page. https://developer.chrome.com/blog/autoplay/#web_audio @ http://localhost:8820/assets/js/sfx.js:29
[   38827ms] [WARNING] The AudioContext was not allowed to start. It must be resumed (or created) after a user gesture on the page. https://developer.chrome.com/blog/autoplay/#web_audio @ http://localhost:8820/assets/js/sfx.js:88
[   38827ms] [WARNING] The AudioContext was not allowed to start. It must be resumed (or created) after a user gesture on the page. https://developer.chrome.com/blog/autoplay/#web_audio @ http://localhost:8820/assets/js/sfx.js:29
[   38828ms] [WARNING] The AudioContext was not allowed to start. It must be resumed (or created) after a user gesture on the page. https://developer.chrome.com/blog/autoplay/#web_audio @ http://localhost:8820/assets/js/sfx.js:29
[   38829ms] [WARNING] The AudioContext was not allowed to start. It must be resumed (or created) after a user gesture on the page. https://developer.chrome.com/blog/autoplay/#web_audio @ http://localhost:8820/assets/js/sfx.js:88
[   38829ms] [WARNING] The AudioContext was not allowed to start. It must be resumed (or created) after a user gesture on the page. https://developer.chrome.com/blog/autoplay/#web_audio @ http://localhost:8820/assets/js/sfx.js:29
[   38829ms] [WARNING] The AudioContext was not allowed to start. It must be resumed (or created) after a user gesture on the page. https://developer.chrome.com/blog/autoplay/#web_audio @ http://localhost:8820/assets/js/sfx.js:88
[   38829ms] [WARNING] The AudioContext was not allowed to start. It must be resumed (or created) after a user gesture on the page. https://developer.chrome.com/blog/autoplay/#web_audio @ http://localhost:8820/assets/js/sfx.js:29
[   38829ms] [WARNING] The AudioContext was not allowed to start. It must be resumed (or created) after a user gesture on the page. https://developer.chrome.com/blog/autoplay/#web_audio @ http://localhost:8820/assets/js/sfx.js:88
[   38829ms] [WARNING] The AudioContext was not allowed to start. It must be resumed (or created) after a user gesture on the page. https://developer.chrome.com/blog/autoplay/#web_audio @ http://localhost:8820/assets/js/sfx.js:29
[   38829ms] [WARNING] The AudioContext was not allowed to start. It must be resumed (or created) after a user gesture on the page. https://developer.chrome.com/blog/autoplay/#web_audio @ http://localhost:8820/assets/js/sfx.js:88
[  185807ms] [WARNING] The AudioContext was not allowed to start. It must be resumed (or created) after a user gesture on the page. https://developer.chrome.com/blog/autoplay/#web_audio @ http://localhost:8820/assets/js/sfx.js:253
[  185808ms] [WARNING] The AudioContext was not allowed to start. It must be resumed (or created) after a user gesture on the page. https://developer.chrome.com/blog/autoplay/#web_audio @ http://localhost:8820/assets/js/sfx.js:29
[  185808ms] [WARNING] The AudioContext was not allowed to start. It must be resumed (or created) after a user gesture on the page. https://developer.chrome.com/blog/autoplay/#web_audio @ http://localhost:8820/assets/js/sfx.js:29
[  185813ms] [WARNING] The AudioContext was not allowed to start. It must be resumed (or created) after a user gesture on the page. https://developer.chrome.com/blog/autoplay/#web_audio @ http://localhost:8820/assets/js/sfx.js:88
[  185813ms] [WARNING] The AudioContext was not allowed to start. It must be resumed (or created) after a user gesture on the page. https://developer.chrome.com/blog/autoplay/#web_audio @ http://localhost:8820/assets/js/sfx.js:29
[  185814ms] [WARNING] The AudioContext was not allowed to start. It must be resumed (or created) after a user gesture on the page. https://developer.chrome.com/blog/autoplay/#web_audio @ http://localhost:8820/assets/js/sfx.js:88
[  185814ms] [WARNING] The AudioContext was not allowed to start. It must be resumed (or created) after a user gesture on the page. https://developer.chrome.com/blog/autoplay/#web_audio @ http://localhost:8820/assets/js/sfx.js:29
[  185814ms] [WARNING] The AudioContext was not allowed to start. It must be resumed (or created) after a user gesture on the page. https://developer.chrome.com/blog/autoplay/#web_audio @ http://localhost:8820/assets/js/sfx.js:29
[  185817ms] [WARNING] The AudioContext was not allowed to start. It must be resumed (or created) after a user gesture on the page. https://developer.chrome.com/blog/autoplay/#web_audio @ http://localhost:8820/assets/js/sfx.js:88
[  185817ms] [WARNING] The AudioContext was not allowed to start. It must be resumed (or created) after a user gesture on the page. https://developer.chrome.com/blog/autoplay/#web_audio @ http://localhost:8820/assets/js/sfx.js:29
[  185818ms] [WARNING] The AudioContext was not allowed to start. It must be resumed (or created) after a user gesture on the page. https://developer.chrome.com/blog/autoplay/#web_audio @ http://localhost:8820/assets/js/sfx.js:88
[  185818ms] [WARNING] The AudioContext was not allowed to start. It must be resumed (or created) after a user gesture on the page. https://developer.chrome.com/blog/autoplay/#web_audio @ http://localhost:8820/assets/js/sfx.js:29
[  185818ms] [WARNING] The AudioContext was not allowed to start. It must be resumed (or created) after a user gesture on the page. https://developer.chrome.com/blog/autoplay/#web_audio @ http://localhost:8820/assets/js/sfx.js:88
[  185818ms] [WARNING] The AudioContext was not allowed to start. It must be resumed (or created) after a user gesture on the page. https://developer.chrome.com/blog/autoplay/#web_audio @ http://localhost:8820/assets/js/sfx.js:29
[  185819ms] [WARNING] The AudioContext was not allowed to start. It must be resumed (or created) after a user gesture on the page. https://developer.chrome.com/blog/autoplay/#web_audio @ http://localhost:8820/assets/js/sfx.js:88
[  206071ms] [WARNING] The AudioContext was not allowed to start. It must be resumed (or created) after a user gesture on the page. https://developer.chrome.com/blog/autoplay/#web_audio @ http://localhost:8820/assets/js/sfx.js:253
[  206071ms] [WARNING] The AudioContext was not allowed to start. It must be resumed (or created) after a user gesture on the page. https://developer.chrome.com/blog/autoplay/#web_audio @ http://localhost:8820/assets/js/sfx.js:29
[  206071ms] [WARNING] The AudioContext was not allowed to start. It must be resumed (or created) after a user gesture on the page. https://developer.chrome.com/blog/autoplay/#web_audio @ http://localhost:8820/assets/js/sfx.js:29
[  206075ms] [WARNING] The AudioContext was not allowed to start. It must be resumed (or created) after a user gesture on the page. https://developer.chrome.com/blog/autoplay/#web_audio @ http://localhost:8820/assets/js/sfx.js:88
[  206075ms] [WARNING] The AudioContext was not allowed to start. It must be resumed (or created) after a user gesture on the page. https://developer.chrome.com/blog/autoplay/#web_audio @ http://localhost:8820/assets/js/sfx.js:29
[  206078ms] [WARNING] The AudioContext was not allowed to start. It must be resumed (or created) after a user gesture on the page. https://developer.chrome.com/blog/autoplay/#web_audio @ http://localhost:8820/assets/js/sfx.js:88
[  206079ms] [WARNING] The AudioContext was not allowed to start. It must be resumed (or created) after a user gesture on the page. https://developer.chrome.com/blog/autoplay/#web_audio @ http://localhost:8820/assets/js/sfx.js:29
[  206079ms] [WARNING] The AudioContext was not allowed to start. It must be resumed (or created) after a user gesture on the page. https://developer.chrome.com/blog/autoplay/#web_audio @ http://localhost:8820/assets/js/sfx.js:29
[  206079ms] [WARNING] The AudioContext was not allowed to start. It must be resumed (or created) after a user gesture on the page. https://developer.chrome.com/blog/autoplay/#web_audio @ http://localhost:8820/assets/js/sfx.js:88
[  206079ms] [WARNING] The AudioContext was not allowed to start. It must be resumed (or created) after a user gesture on the page. https://developer.chrome.com/blog/autoplay/#web_audio @ http://localhost:8820/assets/js/sfx.js:29
[  206079ms] [WARNING] The AudioContext was not allowed to start. It must be resumed (or created) after a user gesture on the page. https://developer.chrome.com/blog/autoplay/#web_audio @ http://localhost:8820/assets/js/sfx.js:88
[  206079ms] [WARNING] The AudioContext was not allowed to start. It must be resumed (or created) after a user gesture on the page. https://developer.chrome.com/blog/autoplay/#web_audio @ http://localhost:8820/assets/js/sfx.js:29
[  206079ms] [WARNING] The AudioContext was not allowed to start. It must be resumed (or created) after a user gesture on the page. https://developer.chrome.com/blog/autoplay/#web_audio @ http://localhost:8820/assets/js/sfx.js:88
[  206080ms] [WARNING] The AudioContext was not allowed to start. It must be resumed (or created) after a user gesture on the page. https://developer.chrome.com/blog/autoplay/#web_audio @ http://localhost:8820/assets/js/sfx.js:29
[  206080ms] [WARNING] The AudioContext was not allowed to start. It must be resumed (or created) after a user gesture on the page. https://developer.chrome.com/blog/autoplay/#web_audio @ http://localhost:8820/assets/js/sfx.js:88
[  206081ms] [WARNING] The AudioContext was not allowed to start. It must be resumed (or created) after a user gesture on the page. https://developer.chrome.com/blog/autoplay/#web_audio @ http://localhost:8820/assets/js/sfx.js:29
[  206081ms] [WARNING] The AudioContext was not allowed to start. It must be resumed (or created) after a user gesture on the page. https://developer.chrome.com/blog/autoplay/#web_audio @ http://localhost:8820/assets/js/sfx.js:29
[  206082ms] [WARNING] The AudioContext was not allowed to start. It must be resumed (or created) after a user gesture on the page. https://developer.chrome.com/blog/autoplay/#web_audio @ http://localhost:8820/assets/js/sfx.js:88
[  206251ms] [WARNING] The AudioContext was not allowed to start. It must be resumed (or created) after a user gesture on the page. https://developer.chrome.com/blog/autoplay/#web_audio @ http://localhost:8820/assets/js/sfx.js:29
[  206251ms] [WARNING] The AudioContext was not allowed to start. It must be resumed (or created) after a user gesture on the page. https://developer.chrome.com/blog/autoplay/#web_audio @ http://localhost:8820/assets/js/sfx.js:29
[  206252ms] [WARNING] The AudioContext was not allowed to start. It must be resumed (or created) after a user gesture on the page. https://developer.chrome.com/blog/autoplay/#web_audio @ http://localhost:8820/assets/js/sfx.js:88
[  206298ms] [WARNING] The AudioContext was not allowed to start. It must be resumed (or created) after a user gesture on the page. https://developer.chrome.com/blog/autoplay/#web_audio @ http://localhost:8820/assets/js/sfx.js:29
[  206298ms] [WARNING] The AudioContext was not allowed to start. It must be resumed (or created) after a user gesture on the page. https://developer.chrome.com/blog/autoplay/#web_audio @ http://localhost:8820/assets/js/sfx.js:88
[  206379ms] [WARNING] The AudioContext was not allowed to start. It must be resumed (or created) after a user gesture on the page. https://developer.chrome.com/blog/autoplay/#web_audio @ http://localhost:8820/assets/js/sfx.js:29
[  206379ms] [WARNING] The AudioContext was not allowed to start. It must be resumed (or created) after a user gesture on the page. https://developer.chrome.com/blog/autoplay/#web_audio @ http://localhost:8820/assets/js/sfx.js:29
[  206380ms] [WARNING] The AudioContext was not allowed to start. It must be resumed (or created) after a user gesture on the page. https://developer.chrome.com/blog/autoplay/#web_audio @ http://localhost:8820/assets/js/sfx.js:88
[  206495ms] [WARNING] The AudioContext was not allowed to start. It must be resumed (or created) after a user gesture on the page. https://developer.chrome.com/blog/autoplay/#web_audio @ http://localhost:8820/assets/js/sfx.js:29
[  206495ms] [WARNING] The AudioContext was not allowed to start. It must be resumed (or created) after a user gesture on the page. https://developer.chrome.com/blog/autoplay/#web_audio @ http://localhost:8820/assets/js/sfx.js:88
[  206495ms] [WARNING] The AudioContext was not allowed to start. It must be resumed (or created) after a user gesture on the page. https://developer.chrome.com/blog/autoplay/#web_audio @ http://localhost:8820/assets/js/sfx.js:29
[  206496ms] [WARNING] The AudioContext was not allowed to start. It must be resumed (or created) after a user gesture on the page. https://developer.chrome.com/blog/autoplay/#web_audio @ http://localhost:8820/assets/js/sfx.js:88
[  206512ms] [WARNING] The AudioContext was not allowed to start. It must be resumed (or created) after a user gesture on the page. https://developer.chrome.com/blog/autoplay/#web_audio @ http://localhost:8820/assets/js/sfx.js:29
[  206512ms] [WARNING] The AudioContext was not allowed to start. It must be resumed (or created) after a user gesture on the page. https://developer.chrome.com/blog/autoplay/#web_audio @ http://localhost:8820/assets/js/sfx.js:29
[  206513ms] [WARNING] The AudioContext was not allowed to start. It must be resumed (or created) after a user gesture on the page. https://developer.chrome.com/blog/autoplay/#web_audio @ http://localhost:8820/assets/js/sfx.js:88
[  206646ms] [WARNING] The AudioContext was not allowed to start. It must be resumed (or created) after a user gesture on the page. https://developer.chrome.com/blog/autoplay/#web_audio @ http://localhost:8820/assets/js/sfx.js:29
[  206646ms] [WARNING] The AudioContext was not allowed to start. It must be resumed (or created) after a user gesture on the page. https://developer.chrome.com/blog/autoplay/#web_audio @ http://localhost:8820/assets/js/sfx.js:29
[  206646ms] [WARNING] The AudioContext was not allowed to start. It must be resumed (or created) after a user gesture on the page. https://developer.chrome.com/blog/autoplay/#web_audio @ http://localhost:8820/assets/js/sfx.js:88
[  206695ms] [WARNING] The AudioContext was not allowed to start. It must be resumed (or created) after a user gesture on the page. https://developer.chrome.com/blog/autoplay/#web_audio @ http://localhost:8820/assets/js/sfx.js:29
[  206695ms] [WARNING] The AudioContext was not allowed to start. It must be resumed (or created) after a user gesture on the page. https://developer.chrome.com/blog/autoplay/#web_audio @ http://localhost:8820/assets/js/sfx.js:88
[  206779ms] [WARNING] The AudioContext was not allowed to start. It must be resumed (or created) after a user gesture on the page. https://developer.chrome.com/blog/autoplay/#web_audio @ http://localhost:8820/assets/js/sfx.js:29
[  206779ms] [WARNING] The AudioContext was not allowed to start. It must be resumed (or created) after a user gesture on the page. https://developer.chrome.com/blog/autoplay/#web_audio @ http://localhost:8820/assets/js/sfx.js:29
[  206780ms] [WARNING] The AudioContext was not allowed to start. It must be resumed (or created) after a user gesture on the page. https://developer.chrome.com/blog/autoplay/#web_audio @ http://localhost:8820/assets/js/sfx.js:88
[  206913ms] [WARNING] The AudioContext was not allowed to start. It must be resumed (or created) after a user gesture on the page. https://developer.chrome.com/blog/autoplay/#web_audio @ http://localhost:8820/assets/js/sfx.js:29
[  206913ms] [WARNING] The AudioContext was not allowed to start. It must be resumed (or created) after a user gesture on the page. https://developer.chrome.com/blog/autoplay/#web_audio @ http://localhost:8820/assets/js/sfx.js:29
[  206913ms] [WARNING] The AudioContext was not allowed to start. It must be resumed (or created) after a user gesture on the page. https://developer.chrome.com/blog/autoplay/#web_audio @ http://localhost:8820/assets/js/sfx.js:88
[  206915ms] [WARNING] The AudioContext was not allowed to start. It must be resumed (or created) after a user gesture on the page. https://developer.chrome.com/blog/autoplay/#web_audio @ http://localhost:8820/assets/js/sfx.js:29
[  206916ms] [WARNING] The AudioContext was not allowed to start. It must be resumed (or created) after a user gesture on the page. https://developer.chrome.com/blog/autoplay/#web_audio @ http://localhost:8820/assets/js/sfx.js:88
[  206916ms] [WARNING] The AudioContext was not allowed to start. It must be resumed (or created) after a user gesture on the page. https://developer.chrome.com/blog/autoplay/#web_audio @ http://localhost:8820/assets/js/sfx.js:29
[  206916ms] [WARNING] The AudioContext was not allowed to start. It must be resumed (or created) after a user gesture on the page. https://developer.chrome.com/blog/autoplay/#web_audio @ http://localhost:8820/assets/js/sfx.js:88
[  207046ms] [WARNING] The AudioContext was not allowed to start. It must be resumed (or created) after a user gesture on the page. https://developer.chrome.com/blog/autoplay/#web_audio @ http://localhost:8820/assets/js/sfx.js:29
[  207046ms] [WARNING] The AudioContext was not allowed to start. It must be resumed (or created) after a user gesture on the page. https://developer.chrome.com/blog/autoplay/#web_audio @ http://localhost:8820/assets/js/sfx.js:29
[  207046ms] [WARNING] The AudioContext was not allowed to start. It must be resumed (or created) after a user gesture on the page. https://developer.chrome.com/blog/autoplay/#web_audio @ http://localhost:8820/assets/js/sfx.js:88
[  207114ms] [WARNING] The AudioContext was not allowed to start. It must be resumed (or created) after a user gesture on the page. https://developer.chrome.com/blog/autoplay/#web_audio @ http://localhost:8820/assets/js/sfx.js:29
[  207114ms] [WARNING] The AudioContext was not allowed to start. It must be resumed (or created) after a user gesture on the page. https://developer.chrome.com/blog/autoplay/#web_audio @ http://localhost:8820/assets/js/sfx.js:88
[  207179ms] [WARNING] The AudioContext was not allowed to start. It must be resumed (or created) after a user gesture on the page. https://developer.chrome.com/blog/autoplay/#web_audio @ http://localhost:8820/assets/js/sfx.js:29
[  207179ms] [WARNING] The AudioContext was not allowed to start. It must be resumed (or created) after a user gesture on the page. https://developer.chrome.com/blog/autoplay/#web_audio @ http://localhost:8820/assets/js/sfx.js:29
[  207179ms] [WARNING] The AudioContext was not allowed to start. It must be resumed (or created) after a user gesture on the page. https://developer.chrome.com/blog/autoplay/#web_audio @ http://localhost:8820/assets/js/sfx.js:88
[  207312ms] [WARNING] The AudioContext was not allowed to start. It must be resumed (or created) after a user gesture on the page. https://developer.chrome.com/blog/autoplay/#web_audio @ http://localhost:8820/assets/js/sfx.js:29
[  207313ms] [WARNING] The AudioContext was not allowed to start. It must be resumed (or created) after a user gesture on the page. https://developer.chrome.com/blog/autoplay/#web_audio @ http://localhost:8820/assets/js/sfx.js:29
[  207313ms] [WARNING] The AudioContext was not allowed to start. It must be resumed (or created) after a user gesture on the page. https://developer.chrome.com/blog/autoplay/#web_audio @ http://localhost:8820/assets/js/sfx.js:88
[  207315ms] [WARNING] The AudioContext was not allowed to start. It must be resumed (or created) after a user gesture on the page. https://developer.chrome.com/blog/autoplay/#web_audio @ http://localhost:8820/assets/js/sfx.js:29
[  207315ms] [WARNING] The AudioContext was not allowed to start. It must be resumed (or created) after a user gesture on the page. https://developer.chrome.com/blog/autoplay/#web_audio @ http://localhost:8820/assets/js/sfx.js:88
[  207315ms] [WARNING] The AudioContext was not allowed to start. It must be resumed (or created) after a user gesture on the page. https://developer.chrome.com/blog/autoplay/#web_audio @ http://localhost:8820/assets/js/sfx.js:29
[  207315ms] [WARNING] The AudioContext was not allowed to start. It must be resumed (or created) after a user gesture on the page. https://developer.chrome.com/blog/autoplay/#web_audio @ http://localhost:8820/assets/js/sfx.js:88
[  207547ms] [WARNING] The AudioContext was not allowed to start. It must be resumed (or created) after a user gesture on the page. https://developer.chrome.com/blog/autoplay/#web_audio @ http://localhost:8820/assets/js/sfx.js:253
[  207547ms] [WARNING] The AudioContext was not allowed to start. It must be resumed (or created) after a user gesture on the page. https://developer.chrome.com/blog/autoplay/#web_audio @ http://localhost:8820/assets/js/sfx.js:29
[  207547ms] [WARNING] The AudioContext was not allowed to start. It must be resumed (or created) after a user gesture on the page. https://developer.chrome.com/blog/autoplay/#web_audio @ http://localhost:8820/assets/js/sfx.js:29
[  207549ms] [WARNING] The AudioContext was not allowed to start. It must be resumed (or created) after a user gesture on the page. https://developer.chrome.com/blog/autoplay/#web_audio @ http://localhost:8820/assets/js/sfx.js:88
[  207549ms] [WARNING] The AudioContext was not allowed to start. It must be resumed (or created) after a user gesture on the page. https://developer.chrome.com/blog/autoplay/#web_audio @ http://localhost:8820/assets/js/sfx.js:29
[  207550ms] [WARNING] The AudioContext was not allowed to start. It must be resumed (or created) after a user gesture on the page. https://developer.chrome.com/blog/autoplay/#web_audio @ http://localhost:8820/assets/js/sfx.js:88
[  207550ms] [WARNING] The AudioContext was not allowed to start. It must be resumed (or created) after a user gesture on the page. https://developer.chrome.com/blog/autoplay/#web_audio @ http://localhost:8820/assets/js/sfx.js:29
[  207550ms] [WARNING] The AudioContext was not allowed to start. It must be resumed (or created) after a user gesture on the page. https://developer.chrome.com/blog/autoplay/#web_audio @ http://localhost:8820/assets/js/sfx.js:29
[  207552ms] [WARNING] The AudioContext was not allowed to start. It must be resumed (or created) after a user gesture on the page. https://developer.chrome.com/blog/autoplay/#web_audio @ http://localhost:8820/assets/js/sfx.js:88
[  207552ms] [WARNING] The AudioContext was not allowed to start. It must be resumed (or created) after a user gesture on the page. https://developer.chrome.com/blog/autoplay/#web_audio @ http://localhost:8820/assets/js/sfx.js:29
[  207552ms] [WARNING] The AudioContext was not allowed to start. It must be resumed (or created) after a user gesture on the page. https://developer.chrome.com/blog/autoplay/#web_audio @ http://localhost:8820/assets/js/sfx.js:88
[  207552ms] [WARNING] The AudioContext was not allowed to start. It must be resumed (or created) after a user gesture on the page. https://developer.chrome.com/blog/autoplay/#web_audio @ http://localhost:8820/assets/js/sfx.js:29
[  207552ms] [WARNING] The AudioContext was not allowed to start. It must be resumed (or created) after a user gesture on the page. https://developer.chrome.com/blog/autoplay/#web_audio @ http://localhost:8820/assets/js/sfx.js:88
[  207552ms] [WARNING] The AudioContext was not allowed to start. It must be resumed (or created) after a user gesture on the page. https://developer.chrome.com/blog/autoplay/#web_audio @ http://localhost:8820/assets/js/sfx.js:29
[  207553ms] [WARNING] The AudioContext was not allowed to start. It must be resumed (or created) after a user gesture on the page. https://developer.chrome.com/blog/autoplay/#web_audio @ http://localhost:8820/assets/js/sfx.js:88
[  207898ms] [WARNING] The AudioContext was not allowed to start. It must be resumed (or created) after a user gesture on the page. https://developer.chrome.com/blog/autoplay/#web_audio @ http://localhost:8820/assets/js/sfx.js:29
[  207899ms] [WARNING] The AudioContext was not allowed to start. It must be resumed (or created) after a user gesture on the page. https://developer.chrome.com/blog/autoplay/#web_audio @ http://localhost:8820/assets/js/sfx.js:88
[  208232ms] [WARNING] The AudioContext was not allowed to start. It must be resumed (or created) after a user gesture on the page. https://developer.chrome.com/blog/autoplay/#web_audio @ http://localhost:8820/assets/js/sfx.js:29
[  208232ms] [WARNING] The AudioContext was not allowed to start. It must be resumed (or created) after a user gesture on the page. https://developer.chrome.com/blog/autoplay/#web_audio @ http://localhost:8820/assets/js/sfx.js:88
[  208232ms] [WARNING] The AudioContext was not allowed to start. It must be resumed (or created) after a user gesture on the page. https://developer.chrome.com/blog/autoplay/#web_audio @ http://localhost:8820/assets/js/sfx.js:29
[  208232ms] [WARNING] The AudioContext was not allowed to start. It must be resumed (or created) after a user gesture on the page. https://developer.chrome.com/blog/autoplay/#web_audio @ http://localhost:8820/assets/js/sfx.js:88
[  208581ms] [WARNING] The AudioContext was not allowed to start. It must be resumed (or created) after a user gesture on the page. https://developer.chrome.com/blog/autoplay/#web_audio @ http://localhost:8820/assets/js/sfx.js:29
[  208582ms] [WARNING] The AudioContext was not allowed to start. It must be resumed (or created) after a user gesture on the page. https://developer.chrome.com/blog/autoplay/#web_audio @ http://localhost:8820/assets/js/sfx.js:88
[  208916ms] [WARNING] The AudioContext was not allowed to start. It must be resumed (or created) after a user gesture on the page. https://developer.chrome.com/blog/autoplay/#web_audio @ http://localhost:8820/assets/js/sfx.js:29
[  208916ms] [WARNING] The AudioContext was not allowed to start. It must be resumed (or created) after a user gesture on the page. https://developer.chrome.com/blog/autoplay/#web_audio @ http://localhost:8820/assets/js/sfx.js:88
[  208916ms] [WARNING] The AudioContext was not allowed to start. It must be resumed (or created) after a user gesture on the page. https://developer.chrome.com/blog/autoplay/#web_audio @ http://localhost:8820/assets/js/sfx.js:29
[  208917ms] [WARNING] The AudioContext was not allowed to start. It must be resumed (or created) after a user gesture on the page. https://developer.chrome.com/blog/autoplay/#web_audio @ http://localhost:8820/assets/js/sfx.js:88
[  209029ms] [WARNING] The AudioContext was not allowed to start. It must be resumed (or created) after a user gesture on the page. https://developer.chrome.com/blog/autoplay/#web_audio @ http://localhost:8820/assets/js/sfx.js:253
[  209029ms] [WARNING] The AudioContext was not allowed to start. It must be resumed (or created) after a user gesture on the page. https://developer.chrome.com/blog/autoplay/#web_audio @ http://localhost:8820/assets/js/sfx.js:29
[  209029ms] [WARNING] The AudioContext was not allowed to start. It must be resumed (or created) after a user gesture on the page. https://developer.chrome.com/blog/autoplay/#web_audio @ http://localhost:8820/assets/js/sfx.js:29
[  209032ms] [WARNING] The AudioContext was not allowed to start. It must be resumed (or created) after a user gesture on the page. https://developer.chrome.com/blog/autoplay/#web_audio @ http://localhost:8820/assets/js/sfx.js:88
[  209032ms] [WARNING] The AudioContext was not allowed to start. It must be resumed (or created) after a user gesture on the page. https://developer.chrome.com/blog/autoplay/#web_audio @ http://localhost:8820/assets/js/sfx.js:29
[  209034ms] [WARNING] The AudioContext was not allowed to start. It must be resumed (or created) after a user gesture on the page. https://developer.chrome.com/blog/autoplay/#web_audio @ http://localhost:8820/assets/js/sfx.js:88
[  209034ms] [WARNING] The AudioContext was not allowed to start. It must be resumed (or created) after a user gesture on the page. https://developer.chrome.com/blog/autoplay/#web_audio @ http://localhost:8820/assets/js/sfx.js:29
[  209035ms] [WARNING] The AudioContext was not allowed to start. It must be resumed (or created) after a user gesture on the page. https://developer.chrome.com/blog/autoplay/#web_audio @ http://localhost:8820/assets/js/sfx.js:29
[  209035ms] [WARNING] The AudioContext was not allowed to start. It must be resumed (or created) after a user gesture on the page. https://developer.chrome.com/blog/autoplay/#web_audio @ http://localhost:8820/assets/js/sfx.js:88
[  209035ms] [WARNING] The AudioContext was not allowed to start. It must be resumed (or created) after a user gesture on the page. https://developer.chrome.com/blog/autoplay/#web_audio @ http://localhost:8820/assets/js/sfx.js:29
[  209036ms] [WARNING] The AudioContext was not allowed to start. It must be resumed (or created) after a user gesture on the page. https://developer.chrome.com/blog/autoplay/#web_audio @ http://localhost:8820/assets/js/sfx.js:88
[  209036ms] [WARNING] The AudioContext was not allowed to start. It must be resumed (or created) after a user gesture on the page. https://developer.chrome.com/blog/autoplay/#web_audio @ http://localhost:8820/assets/js/sfx.js:29
[  209036ms] [WARNING] The AudioContext was not allowed to start. It must be resumed (or created) after a user gesture on the page. https://developer.chrome.com/blog/autoplay/#web_audio @ http://localhost:8820/assets/js/sfx.js:88
[  209036ms] [WARNING] The AudioContext was not allowed to start. It must be resumed (or created) after a user gesture on the page. https://developer.chrome.com/blog/autoplay/#web_audio @ http://localhost:8820/assets/js/sfx.js:29
[  209037ms] [WARNING] The AudioContext was not allowed to start. It must be resumed (or created) after a user gesture on the page. https://developer.chrome.com/blog/autoplay/#web_audio @ http://localhost:8820/assets/js/sfx.js:88
[  209324ms] [WARNING] The AudioContext was not allowed to start. It must be resumed (or created) after a user gesture on the page. https://developer.chrome.com/blog/autoplay/#web_audio @ http://localhost:8820/assets/js/sfx.js:29
[  209325ms] [WARNING] The AudioContext was not allowed to start. It must be resumed (or created) after a user gesture on the page. https://developer.chrome.com/blog/autoplay/#web_audio @ http://localhost:8820/assets/js/sfx.js:88
[  209625ms] [WARNING] The AudioContext was not allowed to start. It must be resumed (or created) after a user gesture on the page. https://developer.chrome.com/blog/autoplay/#web_audio @ http://localhost:8820/assets/js/sfx.js:29
[  209625ms] [WARNING] The AudioContext was not allowed to start. It must be resumed (or created) after a user gesture on the page. https://developer.chrome.com/blog/autoplay/#web_audio @ http://localhost:8820/assets/js/sfx.js:88
[  209625ms] [WARNING] The AudioContext was not allowed to start. It must be resumed (or created) after a user gesture on the page. https://developer.chrome.com/blog/autoplay/#web_audio @ http://localhost:8820/assets/js/sfx.js:29
[  209625ms] [WARNING] The AudioContext was not allowed to start. It must be resumed (or created) after a user gesture on the page. https://developer.chrome.com/blog/autoplay/#web_audio @ http://localhost:8820/assets/js/sfx.js:88
[  209904ms] [WARNING] The AudioContext was not allowed to start. It must be resumed (or created) after a user gesture on the page. https://developer.chrome.com/blog/autoplay/#web_audio @ http://localhost:8820/assets/js/sfx.js:29
[  209905ms] [WARNING] The AudioContext was not allowed to start. It must be resumed (or created) after a user gesture on the page. https://developer.chrome.com/blog/autoplay/#web_audio @ http://localhost:8820/assets/js/sfx.js:88
[  210196ms] [WARNING] The AudioContext was not allowed to start. It must be resumed (or created) after a user gesture on the page. https://developer.chrome.com/blog/autoplay/#web_audio @ http://localhost:8820/assets/js/sfx.js:29
[  210196ms] [WARNING] The AudioContext was not allowed to start. It must be resumed (or created) after a user gesture on the page. https://developer.chrome.com/blog/autoplay/#web_audio @ http://localhost:8820/assets/js/sfx.js:88
[  210197ms] [WARNING] The AudioContext was not allowed to start. It must be resumed (or created) after a user gesture on the page. https://developer.chrome.com/blog/autoplay/#web_audio @ http://localhost:8820/assets/js/sfx.js:29
[  210197ms] [WARNING] The AudioContext was not allowed to start. It must be resumed (or created) after a user gesture on the page. https://developer.chrome.com/blog/autoplay/#web_audio @ http://localhost:8820/assets/js/sfx.js:88
[  210510ms] [WARNING] The AudioContext was not allowed to start. It must be resumed (or created) after a user gesture on the page. https://developer.chrome.com/blog/autoplay/#web_audio @ http://localhost:8820/assets/js/sfx.js:253
[  210510ms] [WARNING] The AudioContext was not allowed to start. It must be resumed (or created) after a user gesture on the page. https://developer.chrome.com/blog/autoplay/#web_audio @ http://localhost:8820/assets/js/sfx.js:29
[  210510ms] [WARNING] The AudioContext was not allowed to start. It must be resumed (or created) after a user gesture on the page. https://developer.chrome.com/blog/autoplay/#web_audio @ http://localhost:8820/assets/js/sfx.js:29
[  210512ms] [WARNING] The AudioContext was not allowed to start. It must be resumed (or created) after a user gesture on the page. https://developer.chrome.com/blog/autoplay/#web_audio @ http://localhost:8820/assets/js/sfx.js:88
[  210512ms] [WARNING] The AudioContext was not allowed to start. It must be resumed (or created) after a user gesture on the page. https://developer.chrome.com/blog/autoplay/#web_audio @ http://localhost:8820/assets/js/sfx.js:29
[  210514ms] [WARNING] The AudioContext was not allowed to start. It must be resumed (or created) after a user gesture on the page. https://developer.chrome.com/blog/autoplay/#web_audio @ http://localhost:8820/assets/js/sfx.js:88
[  210514ms] [WARNING] The AudioContext was not allowed to start. It must be resumed (or created) after a user gesture on the page. https://developer.chrome.com/blog/autoplay/#web_audio @ http://localhost:8820/assets/js/sfx.js:29
[  210514ms] [WARNING] The AudioContext was not allowed to start. It must be resumed (or created) after a user gesture on the page. https://developer.chrome.com/blog/autoplay/#web_audio @ http://localhost:8820/assets/js/sfx.js:29
[  210514ms] [WARNING] The AudioContext was not allowed to start. It must be resumed (or created) after a user gesture on the page. https://developer.chrome.com/blog/autoplay/#web_audio @ http://localhost:8820/assets/js/sfx.js:88
[  210515ms] [WARNING] The AudioContext was not allowed to start. It must be resumed (or created) after a user gesture on the page. https://developer.chrome.com/blog/autoplay/#web_audio @ http://localhost:8820/assets/js/sfx.js:29
[  210515ms] [WARNING] The AudioContext was not allowed to start. It must be resumed (or created) after a user gesture on the page. https://developer.chrome.com/blog/autoplay/#web_audio @ http://localhost:8820/assets/js/sfx.js:88
[  210515ms] [WARNING] The AudioContext was not allowed to start. It must be resumed (or created) after a user gesture on the page. https://developer.chrome.com/blog/autoplay/#web_audio @ http://localhost:8820/assets/js/sfx.js:29
[  210515ms] [WARNING] The AudioContext was not allowed to start. It must be resumed (or created) after a user gesture on the page. https://developer.chrome.com/blog/autoplay/#web_audio @ http://localhost:8820/assets/js/sfx.js:88
[  210515ms] [WARNING] The AudioContext was not allowed to start. It must be resumed (or created) after a user gesture on the page. https://developer.chrome.com/blog/autoplay/#web_audio @ http://localhost:8820/assets/js/sfx.js:29
[  210515ms] [WARNING] The AudioContext was not allowed to start. It must be resumed (or created) after a user gesture on the page. https://developer.chrome.com/blog/autoplay/#web_audio @ http://localhost:8820/assets/js/sfx.js:88
[  210803ms] [WARNING] The AudioContext was not allowed to start. It must be resumed (or created) after a user gesture on the page. https://developer.chrome.com/blog/autoplay/#web_audio @ http://localhost:8820/assets/js/sfx.js:29
[  210803ms] [WARNING] The AudioContext was not allowed to start. It must be resumed (or created) after a user gesture on the page. https://developer.chrome.com/blog/autoplay/#web_audio @ http://localhost:8820/assets/js/sfx.js:88
[  211097ms] [WARNING] The AudioContext was not allowed to start. It must be resumed (or created) after a user gesture on the page. https://developer.chrome.com/blog/autoplay/#web_audio @ http://localhost:8820/assets/js/sfx.js:29
[  211098ms] [WARNING] The AudioContext was not allowed to start. It must be resumed (or created) after a user gesture on the page. https://developer.chrome.com/blog/autoplay/#web_audio @ http://localhost:8820/assets/js/sfx.js:88
[  211098ms] [WARNING] The AudioContext was not allowed to start. It must be resumed (or created) after a user gesture on the page. https://developer.chrome.com/blog/autoplay/#web_audio @ http://localhost:8820/assets/js/sfx.js:29
[  211098ms] [WARNING] The AudioContext was not allowed to start. It must be resumed (or created) after a user gesture on the page. https://developer.chrome.com/blog/autoplay/#web_audio @ http://localhost:8820/assets/js/sfx.js:88
[  211380ms] [WARNING] The AudioContext was not allowed to start. It must be resumed (or created) after a user gesture on the page. https://developer.chrome.com/blog/autoplay/#web_audio @ http://localhost:8820/assets/js/sfx.js:29
[  211380ms] [WARNING] The AudioContext was not allowed to start. It must be resumed (or created) after a user gesture on the page. https://developer.chrome.com/blog/autoplay/#web_audio @ http://localhost:8820/assets/js/sfx.js:88
[  211669ms] [WARNING] The AudioContext was not allowed to start. It must be resumed (or created) after a user gesture on the page. https://developer.chrome.com/blog/autoplay/#web_audio @ http://localhost:8820/assets/js/sfx.js:29
[  211670ms] [WARNING] The AudioContext was not allowed to start. It must be resumed (or created) after a user gesture on the page. https://developer.chrome.com/blog/autoplay/#web_audio @ http://localhost:8820/assets/js/sfx.js:88
[  211670ms] [WARNING] The AudioContext was not allowed to start. It must be resumed (or created) after a user gesture on the page. https://developer.chrome.com/blog/autoplay/#web_audio @ http://localhost:8820/assets/js/sfx.js:29
[  211670ms] [WARNING] The AudioContext was not allowed to start. It must be resumed (or created) after a user gesture on the page. https://developer.chrome.com/blog/autoplay/#web_audio @ http://localhost:8820/assets/js/sfx.js:88
[  211940ms] [WARNING] The AudioContext was not allowed to start. It must be resumed (or created) after a user gesture on the page. https://developer.chrome.com/blog/autoplay/#web_audio @ http://localhost:8820/assets/js/sfx.js:253
[  211940ms] [WARNING] The AudioContext was not allowed to start. It must be resumed (or created) after a user gesture on the page. https://developer.chrome.com/blog/autoplay/#web_audio @ http://localhost:8820/assets/js/sfx.js:29
[  211941ms] [WARNING] The AudioContext was not allowed to start. It must be resumed (or created) after a user gesture on the page. https://developer.chrome.com/blog/autoplay/#web_audio @ http://localhost:8820/assets/js/sfx.js:29
[  211943ms] [WARNING] The AudioContext was not allowed to start. It must be resumed (or created) after a user gesture on the page. https://developer.chrome.com/blog/autoplay/#web_audio @ http://localhost:8820/assets/js/sfx.js:88
[  211943ms] [WARNING] The AudioContext was not allowed to start. It must be resumed (or created) after a user gesture on the page. https://developer.chrome.com/blog/autoplay/#web_audio @ http://localhost:8820/assets/js/sfx.js:29
[  211944ms] [WARNING] The AudioContext was not allowed to start. It must be resumed (or created) after a user gesture on the page. https://developer.chrome.com/blog/autoplay/#web_audio @ http://localhost:8820/assets/js/sfx.js:88
[  211944ms] [WARNING] The AudioContext was not allowed to start. It must be resumed (or created) after a user gesture on the page. https://developer.chrome.com/blog/autoplay/#web_audio @ http://localhost:8820/assets/js/sfx.js:29
[  211944ms] [WARNING] The AudioContext was not allowed to start. It must be resumed (or created) after a user gesture on the page. https://developer.chrome.com/blog/autoplay/#web_audio @ http://localhost:8820/assets/js/sfx.js:29
[  211944ms] [WARNING] The AudioContext was not allowed to start. It must be resumed (or created) after a user gesture on the page. https://developer.chrome.com/blog/autoplay/#web_audio @ http://localhost:8820/assets/js/sfx.js:88
[  211944ms] [WARNING] The AudioContext was not allowed to start. It must be resumed (or created) after a user gesture on the page. https://developer.chrome.com/blog/autoplay/#web_audio @ http://localhost:8820/assets/js/sfx.js:29
[  211944ms] [WARNING] The AudioContext was not allowed to start. It must be resumed (or created) after a user gesture on the page. https://developer.chrome.com/blog/autoplay/#web_audio @ http://localhost:8820/assets/js/sfx.js:88
[  211945ms] [WARNING] The AudioContext was not allowed to start. It must be resumed (or created) after a user gesture on the page. https://developer.chrome.com/blog/autoplay/#web_audio @ http://localhost:8820/assets/js/sfx.js:29
[  211945ms] [WARNING] The AudioContext was not allowed to start. It must be resumed (or created) after a user gesture on the page. https://developer.chrome.com/blog/autoplay/#web_audio @ http://localhost:8820/assets/js/sfx.js:88
[  211945ms] [WARNING] The AudioContext was not allowed to start. It must be resumed (or created) after a user gesture on the page. https://developer.chrome.com/blog/autoplay/#web_audio @ http://localhost:8820/assets/js/sfx.js:29
[  211945ms] [WARNING] The AudioContext was not allowed to start. It must be resumed (or created) after a user gesture on the page. https://developer.chrome.com/blog/autoplay/#web_audio @ http://localhost:8820/assets/js/sfx.js:88
[  212235ms] [WARNING] The AudioContext was not allowed to start. It must be resumed (or created) after a user gesture on the page. https://developer.chrome.com/blog/autoplay/#web_audio @ http://localhost:8820/assets/js/sfx.js:29
[  212235ms] [WARNING] The AudioContext was not allowed to start. It must be resumed (or created) after a user gesture on the page. https://developer.chrome.com/blog/autoplay/#web_audio @ http://localhost:8820/assets/js/sfx.js:88
[  212527ms] [WARNING] The AudioContext was not allowed to start. It must be resumed (or created) after a user gesture on the page. https://developer.chrome.com/blog/autoplay/#web_audio @ http://localhost:8820/assets/js/sfx.js:29
[  212528ms] [WARNING] The AudioContext was not allowed to start. It must be resumed (or created) after a user gesture on the page. https://developer.chrome.com/blog/autoplay/#web_audio @ http://localhost:8820/assets/js/sfx.js:88
[  212528ms] [WARNING] The AudioContext was not allowed to start. It must be resumed (or created) after a user gesture on the page. https://developer.chrome.com/blog/autoplay/#web_audio @ http://localhost:8820/assets/js/sfx.js:29
[  212528ms] [WARNING] The AudioContext was not allowed to start. It must be resumed (or created) after a user gesture on the page. https://developer.chrome.com/blog/autoplay/#web_audio @ http://localhost:8820/assets/js/sfx.js:88
[  212810ms] [WARNING] The AudioContext was not allowed to start. It must be resumed (or created) after a user gesture on the page. https://developer.chrome.com/blog/autoplay/#web_audio @ http://localhost:8820/assets/js/sfx.js:29
[  212810ms] [WARNING] The AudioContext was not allowed to start. It must be resumed (or created) after a user gesture on the page. https://developer.chrome.com/blog/autoplay/#web_audio @ http://localhost:8820/assets/js/sfx.js:88
[  213098ms] [WARNING] The AudioContext was not allowed to start. It must be resumed (or created) after a user gesture on the page. https://developer.chrome.com/blog/autoplay/#web_audio @ http://localhost:8820/assets/js/sfx.js:29
[  213099ms] [WARNING] The AudioContext was not allowed to start. It must be resumed (or created) after a user gesture on the page. https://developer.chrome.com/blog/autoplay/#web_audio @ http://localhost:8820/assets/js/sfx.js:88
[  213099ms] [WARNING] The AudioContext was not allowed to start. It must be resumed (or created) after a user gesture on the page. https://developer.chrome.com/blog/autoplay/#web_audio @ http://localhost:8820/assets/js/sfx.js:29
[  213099ms] [WARNING] The AudioContext was not allowed to start. It must be resumed (or created) after a user gesture on the page. https://developer.chrome.com/blog/autoplay/#web_audio @ http://localhost:8820/assets/js/sfx.js:88
[  213384ms] [WARNING] The AudioContext was not allowed to start. It must be resumed (or created) after a user gesture on the page. https://developer.chrome.com/blog/autoplay/#web_audio @ http://localhost:8820/assets/js/sfx.js:253
[  213384ms] [WARNING] The AudioContext was not allowed to start. It must be resumed (or created) after a user gesture on the page. https://developer.chrome.com/blog/autoplay/#web_audio @ http://localhost:8820/assets/js/sfx.js:29
[  213384ms] [WARNING] The AudioContext was not allowed to start. It must be resumed (or created) after a user gesture on the page. https://developer.chrome.com/blog/autoplay/#web_audio @ http://localhost:8820/assets/js/sfx.js:29
[  213389ms] [WARNING] The AudioContext was not allowed to start. It must be resumed (or created) after a user gesture on the page. https://developer.chrome.com/blog/autoplay/#web_audio @ http://localhost:8820/assets/js/sfx.js:88
[  213389ms] [WARNING] The AudioContext was not allowed to start. It must be resumed (or created) after a user gesture on the page. https://developer.chrome.com/blog/autoplay/#web_audio @ http://localhost:8820/assets/js/sfx.js:29
[  213389ms] [WARNING] The AudioContext was not allowed to start. It must be resumed (or created) after a user gesture on the page. https://developer.chrome.com/blog/autoplay/#web_audio @ http://localhost:8820/assets/js/sfx.js:88
[  213389ms] [WARNING] The AudioContext was not allowed to start. It must be resumed (or created) after a user gesture on the page. https://developer.chrome.com/blog/autoplay/#web_audio @ http://localhost:8820/assets/js/sfx.js:29
[  213389ms] [WARNING] The AudioContext was not allowed to start. It must be resumed (or created) after a user gesture on the page. https://developer.chrome.com/blog/autoplay/#web_audio @ http://localhost:8820/assets/js/sfx.js:29
[  213392ms] [WARNING] The AudioContext was not allowed to start. It must be resumed (or created) after a user gesture on the page. https://developer.chrome.com/blog/autoplay/#web_audio @ http://localhost:8820/assets/js/sfx.js:88
[  213392ms] [WARNING] The AudioContext was not allowed to start. It must be resumed (or created) after a user gesture on the page. https://developer.chrome.com/blog/autoplay/#web_audio @ http://localhost:8820/assets/js/sfx.js:29
[  213393ms] [WARNING] The AudioContext was not allowed to start. It must be resumed (or created) after a user gesture on the page. https://developer.chrome.com/blog/autoplay/#web_audio @ http://localhost:8820/assets/js/sfx.js:88
[  213393ms] [WARNING] The AudioContext was not allowed to start. It must be resumed (or created) after a user gesture on the page. https://developer.chrome.com/blog/autoplay/#web_audio @ http://localhost:8820/assets/js/sfx.js:29
[  213393ms] [WARNING] The AudioContext was not allowed to start. It must be resumed (or created) after a user gesture on the page. https://developer.chrome.com/blog/autoplay/#web_audio @ http://localhost:8820/assets/js/sfx.js:88
[  213393ms] [WARNING] The AudioContext was not allowed to start. It must be resumed (or created) after a user gesture on the page. https://developer.chrome.com/blog/autoplay/#web_audio @ http://localhost:8820/assets/js/sfx.js:29
[  213393ms] [WARNING] The AudioContext was not allowed to start. It must be resumed (or created) after a user gesture on the page. https://developer.chrome.com/blog/autoplay/#web_audio @ http://localhost:8820/assets/js/sfx.js:88
[  213729ms] [WARNING] The AudioContext was not allowed to start. It must be resumed (or created) after a user gesture on the page. https://developer.chrome.com/blog/autoplay/#web_audio @ http://localhost:8820/assets/js/sfx.js:29
[  213730ms] [WARNING] The AudioContext was not allowed to start. It must be resumed (or created) after a user gesture on the page. https://developer.chrome.com/blog/autoplay/#web_audio @ http://localhost:8820/assets/js/sfx.js:88
[  214079ms] [WARNING] The AudioContext was not allowed to start. It must be resumed (or created) after a user gesture on the page. https://developer.chrome.com/blog/autoplay/#web_audio @ http://localhost:8820/assets/js/sfx.js:29
[  214080ms] [WARNING] The AudioContext was not allowed to start. It must be resumed (or created) after a user gesture on the page. https://developer.chrome.com/blog/autoplay/#web_audio @ http://localhost:8820/assets/js/sfx.js:88
[  214080ms] [WARNING] The AudioContext was not allowed to start. It must be resumed (or created) after a user gesture on the page. https://developer.chrome.com/blog/autoplay/#web_audio @ http://localhost:8820/assets/js/sfx.js:29
[  214080ms] [WARNING] The AudioContext was not allowed to start. It must be resumed (or created) after a user gesture on the page. https://developer.chrome.com/blog/autoplay/#web_audio @ http://localhost:8820/assets/js/sfx.js:88
[  214413ms] [WARNING] The AudioContext was not allowed to start. It must be resumed (or created) after a user gesture on the page. https://developer.chrome.com/blog/autoplay/#web_audio @ http://localhost:8820/assets/js/sfx.js:29
[  214413ms] [WARNING] The AudioContext was not allowed to start. It must be resumed (or created) after a user gesture on the page. https://developer.chrome.com/blog/autoplay/#web_audio @ http://localhost:8820/assets/js/sfx.js:88
[  214791ms] [WARNING] The AudioContext was not allowed to start. It must be resumed (or created) after a user gesture on the page. https://developer.chrome.com/blog/autoplay/#web_audio @ http://localhost:8820/assets/js/sfx.js:253
[  214791ms] [WARNING] The AudioContext was not allowed to start. It must be resumed (or created) after a user gesture on the page. https://developer.chrome.com/blog/autoplay/#web_audio @ http://localhost:8820/assets/js/sfx.js:29
[  214791ms] [WARNING] The AudioContext was not allowed to start. It must be resumed (or created) after a user gesture on the page. https://developer.chrome.com/blog/autoplay/#web_audio @ http://localhost:8820/assets/js/sfx.js:29
[  214794ms] [WARNING] The AudioContext was not allowed to start. It must be resumed (or created) after a user gesture on the page. https://developer.chrome.com/blog/autoplay/#web_audio @ http://localhost:8820/assets/js/sfx.js:88
[  214794ms] [WARNING] The AudioContext was not allowed to start. It must be resumed (or created) after a user gesture on the page. https://developer.chrome.com/blog/autoplay/#web_audio @ http://localhost:8820/assets/js/sfx.js:29
[  214794ms] [WARNING] The AudioContext was not allowed to start. It must be resumed (or created) after a user gesture on the page. https://developer.chrome.com/blog/autoplay/#web_audio @ http://localhost:8820/assets/js/sfx.js:88
[  214794ms] [WARNING] The AudioContext was not allowed to start. It must be resumed (or created) after a user gesture on the page. https://developer.chrome.com/blog/autoplay/#web_audio @ http://localhost:8820/assets/js/sfx.js:29
[  214794ms] [WARNING] The AudioContext was not allowed to start. It must be resumed (or created) after a user gesture on the page. https://developer.chrome.com/blog/autoplay/#web_audio @ http://localhost:8820/assets/js/sfx.js:29
[  214796ms] [WARNING] The AudioContext was not allowed to start. It must be resumed (or created) after a user gesture on the page. https://developer.chrome.com/blog/autoplay/#web_audio @ http://localhost:8820/assets/js/sfx.js:88
[  214796ms] [WARNING] The AudioContext was not allowed to start. It must be resumed (or created) after a user gesture on the page. https://developer.chrome.com/blog/autoplay/#web_audio @ http://localhost:8820/assets/js/sfx.js:29
[  214796ms] [WARNING] The AudioContext was not allowed to start. It must be resumed (or created) after a user gesture on the page. https://developer.chrome.com/blog/autoplay/#web_audio @ http://localhost:8820/assets/js/sfx.js:88
[  214797ms] [WARNING] The AudioContext was not allowed to start. It must be resumed (or created) after a user gesture on the page. https://developer.chrome.com/blog/autoplay/#web_audio @ http://localhost:8820/assets/js/sfx.js:29
[  214797ms] [WARNING] The AudioContext was not allowed to start. It must be resumed (or created) after a user gesture on the page. https://developer.chrome.com/blog/autoplay/#web_audio @ http://localhost:8820/assets/js/sfx.js:88
[  214797ms] [WARNING] The AudioContext was not allowed to start. It must be resumed (or created) after a user gesture on the page. https://developer.chrome.com/blog/autoplay/#web_audio @ http://localhost:8820/assets/js/sfx.js:29
[  214797ms] [WARNING] The AudioContext was not allowed to start. It must be resumed (or created) after a user gesture on the page. https://developer.chrome.com/blog/autoplay/#web_audio @ http://localhost:8820/assets/js/sfx.js:88
[  215137ms] [WARNING] The AudioContext was not allowed to start. It must be resumed (or created) after a user gesture on the page. https://developer.chrome.com/blog/autoplay/#web_audio @ http://localhost:8820/assets/js/sfx.js:29
[  215137ms] [WARNING] The AudioContext was not allowed to start. It must be resumed (or created) after a user gesture on the page. https://developer.chrome.com/blog/autoplay/#web_audio @ http://localhost:8820/assets/js/sfx.js:88
[  215480ms] [WARNING] The AudioContext was not allowed to start. It must be resumed (or created) after a user gesture on the page. https://developer.chrome.com/blog/autoplay/#web_audio @ http://localhost:8820/assets/js/sfx.js:29
[  215480ms] [WARNING] The AudioContext was not allowed to start. It must be resumed (or created) after a user gesture on the page. https://developer.chrome.com/blog/autoplay/#web_audio @ http://localhost:8820/assets/js/sfx.js:88
[  215480ms] [WARNING] The AudioContext was not allowed to start. It must be resumed (or created) after a user gesture on the page. https://developer.chrome.com/blog/autoplay/#web_audio @ http://localhost:8820/assets/js/sfx.js:29
[  215481ms] [WARNING] The AudioContext was not allowed to start. It must be resumed (or created) after a user gesture on the page. https://developer.chrome.com/blog/autoplay/#web_audio @ http://localhost:8820/assets/js/sfx.js:88
[  215824ms] [WARNING] The AudioContext was not allowed to start. It must be resumed (or created) after a user gesture on the page. https://developer.chrome.com/blog/autoplay/#web_audio @ http://localhost:8820/assets/js/sfx.js:29
[  215824ms] [WARNING] The AudioContext was not allowed to start. It must be resumed (or created) after a user gesture on the page. https://developer.chrome.com/blog/autoplay/#web_audio @ http://localhost:8820/assets/js/sfx.js:88
[  216217ms] [WARNING] The AudioContext was not allowed to start. It must be resumed (or created) after a user gesture on the page. https://developer.chrome.com/blog/autoplay/#web_audio @ http://localhost:8820/assets/js/sfx.js:253
[  216217ms] [WARNING] The AudioContext was not allowed to start. It must be resumed (or created) after a user gesture on the page. https://developer.chrome.com/blog/autoplay/#web_audio @ http://localhost:8820/assets/js/sfx.js:29
[  216217ms] [WARNING] The AudioContext was not allowed to start. It must be resumed (or created) after a user gesture on the page. https://developer.chrome.com/blog/autoplay/#web_audio @ http://localhost:8820/assets/js/sfx.js:29
[  216222ms] [WARNING] The AudioContext was not allowed to start. It must be resumed (or created) after a user gesture on the page. https://developer.chrome.com/blog/autoplay/#web_audio @ http://localhost:8820/assets/js/sfx.js:88
[  216222ms] [WARNING] The AudioContext was not allowed to start. It must be resumed (or created) after a user gesture on the page. https://developer.chrome.com/blog/autoplay/#web_audio @ http://localhost:8820/assets/js/sfx.js:29
[  216222ms] [WARNING] The AudioContext was not allowed to start. It must be resumed (or created) after a user gesture on the page. https://developer.chrome.com/blog/autoplay/#web_audio @ http://localhost:8820/assets/js/sfx.js:88
[  216223ms] [WARNING] The AudioContext was not allowed to start. It must be resumed (or created) after a user gesture on the page. https://developer.chrome.com/blog/autoplay/#web_audio @ http://localhost:8820/assets/js/sfx.js:29
[  216223ms] [WARNING] The AudioContext was not allowed to start. It must be resumed (or created) after a user gesture on the page. https://developer.chrome.com/blog/autoplay/#web_audio @ http://localhost:8820/assets/js/sfx.js:29
[  216225ms] [WARNING] The AudioContext was not allowed to start. It must be resumed (or created) after a user gesture on the page. https://developer.chrome.com/blog/autoplay/#web_audio @ http://localhost:8820/assets/js/sfx.js:88
[  216225ms] [WARNING] The AudioContext was not allowed to start. It must be resumed (or created) after a user gesture on the page. https://developer.chrome.com/blog/autoplay/#web_audio @ http://localhost:8820/assets/js/sfx.js:29
[  216225ms] [WARNING] The AudioContext was not allowed to start. It must be resumed (or created) after a user gesture on the page. https://developer.chrome.com/blog/autoplay/#web_audio @ http://localhost:8820/assets/js/sfx.js:88
[  216225ms] [WARNING] The AudioContext was not allowed to start. It must be resumed (or created) after a user gesture on the page. https://developer.chrome.com/blog/autoplay/#web_audio @ http://localhost:8820/assets/js/sfx.js:29
[  216225ms] [WARNING] The AudioContext was not allowed to start. It must be resumed (or created) after a user gesture on the page. https://developer.chrome.com/blog/autoplay/#web_audio @ http://localhost:8820/assets/js/sfx.js:88
[  216225ms] [WARNING] The AudioContext was not allowed to start. It must be resumed (or created) after a user gesture on the page. https://developer.chrome.com/blog/autoplay/#web_audio @ http://localhost:8820/assets/js/sfx.js:29
[  216225ms] [WARNING] The AudioContext was not allowed to start. It must be resumed (or created) after a user gesture on the page. https://developer.chrome.com/blog/autoplay/#web_audio @ http://localhost:8820/assets/js/sfx.js:88
[  216563ms] [WARNING] The AudioContext was not allowed to start. It must be resumed (or created) after a user gesture on the page. https://developer.chrome.com/blog/autoplay/#web_audio @ http://localhost:8820/assets/js/sfx.js:29
[  216563ms] [WARNING] The AudioContext was not allowed to start. It must be resumed (or created) after a user gesture on the page. https://developer.chrome.com/blog/autoplay/#web_audio @ http://localhost:8820/assets/js/sfx.js:88
[  216913ms] [WARNING] The AudioContext was not allowed to start. It must be resumed (or created) after a user gesture on the page. https://developer.chrome.com/blog/autoplay/#web_audio @ http://localhost:8820/assets/js/sfx.js:29
[  216913ms] [WARNING] The AudioContext was not allowed to start. It must be resumed (or created) after a user gesture on the page. https://developer.chrome.com/blog/autoplay/#web_audio @ http://localhost:8820/assets/js/sfx.js:88
[  216913ms] [WARNING] The AudioContext was not allowed to start. It must be resumed (or created) after a user gesture on the page. https://developer.chrome.com/blog/autoplay/#web_audio @ http://localhost:8820/assets/js/sfx.js:29
[  216913ms] [WARNING] The AudioContext was not allowed to start. It must be resumed (or created) after a user gesture on the page. https://developer.chrome.com/blog/autoplay/#web_audio @ http://localhost:8820/assets/js/sfx.js:88
[  217246ms] [WARNING] The AudioContext was not allowed to start. It must be resumed (or created) after a user gesture on the page. https://developer.chrome.com/blog/autoplay/#web_audio @ http://localhost:8820/assets/js/sfx.js:29
[  217247ms] [WARNING] The AudioContext was not allowed to start. It must be resumed (or created) after a user gesture on the page. https://developer.chrome.com/blog/autoplay/#web_audio @ http://localhost:8820/assets/js/sfx.js:88
[  217666ms] [WARNING] The AudioContext was not allowed to start. It must be resumed (or created) after a user gesture on the page. https://developer.chrome.com/blog/autoplay/#web_audio @ http://localhost:8820/assets/js/sfx.js:253
[  217666ms] [WARNING] The AudioContext was not allowed to start. It must be resumed (or created) after a user gesture on the page. https://developer.chrome.com/blog/autoplay/#web_audio @ http://localhost:8820/assets/js/sfx.js:29
[  217666ms] [WARNING] The AudioContext was not allowed to start. It must be resumed (or created) after a user gesture on the page. https://developer.chrome.com/blog/autoplay/#web_audio @ http://localhost:8820/assets/js/sfx.js:29
[  217670ms] [WARNING] The AudioContext was not allowed to start. It must be resumed (or created) after a user gesture on the page. https://developer.chrome.com/blog/autoplay/#web_audio @ http://localhost:8820/assets/js/sfx.js:88
[  217670ms] [WARNING] The AudioContext was not allowed to start. It must be resumed (or created) after a user gesture on the page. https://developer.chrome.com/blog/autoplay/#web_audio @ http://localhost:8820/assets/js/sfx.js:29
[  217671ms] [WARNING] The AudioContext was not allowed to start. It must be resumed (or created) after a user gesture on the page. https://developer.chrome.com/blog/autoplay/#web_audio @ http://localhost:8820/assets/js/sfx.js:88
[  217672ms] [WARNING] The AudioContext was not allowed to start. It must be resumed (or created) after a user gesture on the page. https://developer.chrome.com/blog/autoplay/#web_audio @ http://localhost:8820/assets/js/sfx.js:29
[  217672ms] [WARNING] The AudioContext was not allowed to start. It must be resumed (or created) after a user gesture on the page. https://developer.chrome.com/blog/autoplay/#web_audio @ http://localhost:8820/assets/js/sfx.js:29
[  217672ms] [WARNING] The AudioContext was not allowed to start. It must be resumed (or created) after a user gesture on the page. https://developer.chrome.com/blog/autoplay/#web_audio @ http://localhost:8820/assets/js/sfx.js:88
[  217672ms] [WARNING] The AudioContext was not allowed to start. It must be resumed (or created) after a user gesture on the page. https://developer.chrome.com/blog/autoplay/#web_audio @ http://localhost:8820/assets/js/sfx.js:29
[  217672ms] [WARNING] The AudioContext was not allowed to start. It must be resumed (or created) after a user gesture on the page. https://developer.chrome.com/blog/autoplay/#web_audio @ http://localhost:8820/assets/js/sfx.js:88
[  217672ms] [WARNING] The AudioContext was not allowed to start. It must be resumed (or created) after a user gesture on the page. https://developer.chrome.com/blog/autoplay/#web_audio @ http://localhost:8820/assets/js/sfx.js:29
[  217672ms] [WARNING] The AudioContext was not allowed to start. It must be resumed (or created) after a user gesture on the page. https://developer.chrome.com/blog/autoplay/#web_audio @ http://localhost:8820/assets/js/sfx.js:88
[  217672ms] [WARNING] The AudioContext was not allowed to start. It must be resumed (or created) after a user gesture on the page. https://developer.chrome.com/blog/autoplay/#web_audio @ http://localhost:8820/assets/js/sfx.js:29
[  217672ms] [WARNING] The AudioContext was not allowed to start. It must be resumed (or created) after a user gesture on the page. https://developer.chrome.com/blog/autoplay/#web_audio @ http://localhost:8820/assets/js/sfx.js:88
[  217879ms] [WARNING] The AudioContext was not allowed to start. It must be resumed (or created) after a user gesture on the page. https://developer.chrome.com/blog/autoplay/#web_audio @ http://localhost:8820/assets/js/sfx.js:29
[  217880ms] [WARNING] The AudioContext was not allowed to start. It must be resumed (or created) after a user gesture on the page. https://developer.chrome.com/blog/autoplay/#web_audio @ http://localhost:8820/assets/js/sfx.js:88
[  218094ms] [WARNING] The AudioContext was not allowed to start. It must be resumed (or created) after a user gesture on the page. https://developer.chrome.com/blog/autoplay/#web_audio @ http://localhost:8820/assets/js/sfx.js:29
[  218094ms] [WARNING] The AudioContext was not allowed to start. It must be resumed (or created) after a user gesture on the page. https://developer.chrome.com/blog/autoplay/#web_audio @ http://localhost:8820/assets/js/sfx.js:88
[  218094ms] [WARNING] The AudioContext was not allowed to start. It must be resumed (or created) after a user gesture on the page. https://developer.chrome.com/blog/autoplay/#web_audio @ http://localhost:8820/assets/js/sfx.js:29
[  218094ms] [WARNING] The AudioContext was not allowed to start. It must be resumed (or created) after a user gesture on the page. https://developer.chrome.com/blog/autoplay/#web_audio @ http://localhost:8820/assets/js/sfx.js:88
[  218296ms] [WARNING] The AudioContext was not allowed to start. It must be resumed (or created) after a user gesture on the page. https://developer.chrome.com/blog/autoplay/#web_audio @ http://localhost:8820/assets/js/sfx.js:29
[  218297ms] [WARNING] The AudioContext was not allowed to start. It must be resumed (or created) after a user gesture on the page. https://developer.chrome.com/blog/autoplay/#web_audio @ http://localhost:8820/assets/js/sfx.js:88
[  218495ms] [WARNING] The AudioContext was not allowed to start. It must be resumed (or created) after a user gesture on the page. https://developer.chrome.com/blog/autoplay/#web_audio @ http://localhost:8820/assets/js/sfx.js:29
[  218495ms] [WARNING] The AudioContext was not allowed to start. It must be resumed (or created) after a user gesture on the page. https://developer.chrome.com/blog/autoplay/#web_audio @ http://localhost:8820/assets/js/sfx.js:88
[  218495ms] [WARNING] The AudioContext was not allowed to start. It must be resumed (or created) after a user gesture on the page. https://developer.chrome.com/blog/autoplay/#web_audio @ http://localhost:8820/assets/js/sfx.js:29
[  218495ms] [WARNING] The AudioContext was not allowed to start. It must be resumed (or created) after a user gesture on the page. https://developer.chrome.com/blog/autoplay/#web_audio @ http://localhost:8820/assets/js/sfx.js:88
[  218708ms] [WARNING] The AudioContext was not allowed to start. It must be resumed (or created) after a user gesture on the page. https://developer.chrome.com/blog/autoplay/#web_audio @ http://localhost:8820/assets/js/sfx.js:29
[  218709ms] [WARNING] The AudioContext was not allowed to start. It must be resumed (or created) after a user gesture on the page. https://developer.chrome.com/blog/autoplay/#web_audio @ http://localhost:8820/assets/js/sfx.js:88
[  218913ms] [WARNING] The AudioContext was not allowed to start. It must be resumed (or created) after a user gesture on the page. https://developer.chrome.com/blog/autoplay/#web_audio @ http://localhost:8820/assets/js/sfx.js:29
[  218913ms] [WARNING] The AudioContext was not allowed to start. It must be resumed (or created) after a user gesture on the page. https://developer.chrome.com/blog/autoplay/#web_audio @ http://localhost:8820/assets/js/sfx.js:88
[  218913ms] [WARNING] The AudioContext was not allowed to start. It must be resumed (or created) after a user gesture on the page. https://developer.chrome.com/blog/autoplay/#web_audio @ http://localhost:8820/assets/js/sfx.js:29
[  218914ms] [WARNING] The AudioContext was not allowed to start. It must be resumed (or created) after a user gesture on the page. https://developer.chrome.com/blog/autoplay/#web_audio @ http://localhost:8820/assets/js/sfx.js:88
[  219099ms] [WARNING] The AudioContext was not allowed to start. It must be resumed (or created) after a user gesture on the page. https://developer.chrome.com/blog/autoplay/#web_audio @ http://localhost:8820/assets/js/sfx.js:253
[  219099ms] [WARNING] The AudioContext was not allowed to start. It must be resumed (or created) after a user gesture on the page. https://developer.chrome.com/blog/autoplay/#web_audio @ http://localhost:8820/assets/js/sfx.js:29
[  219099ms] [WARNING] The AudioContext was not allowed to start. It must be resumed (or created) after a user gesture on the page. https://developer.chrome.com/blog/autoplay/#web_audio @ http://localhost:8820/assets/js/sfx.js:29
[  219103ms] [WARNING] The AudioContext was not allowed to start. It must be resumed (or created) after a user gesture on the page. https://developer.chrome.com/blog/autoplay/#web_audio @ http://localhost:8820/assets/js/sfx.js:88
[  219103ms] [WARNING] The AudioContext was not allowed to start. It must be resumed (or created) after a user gesture on the page. https://developer.chrome.com/blog/autoplay/#web_audio @ http://localhost:8820/assets/js/sfx.js:29
[  219104ms] [WARNING] The AudioContext was not allowed to start. It must be resumed (or created) after a user gesture on the page. https://developer.chrome.com/blog/autoplay/#web_audio @ http://localhost:8820/assets/js/sfx.js:88
[  219104ms] [WARNING] The AudioContext was not allowed to start. It must be resumed (or created) after a user gesture on the page. https://developer.chrome.com/blog/autoplay/#web_audio @ http://localhost:8820/assets/js/sfx.js:29
[  219104ms] [WARNING] The AudioContext was not allowed to start. It must be resumed (or created) after a user gesture on the page. https://developer.chrome.com/blog/autoplay/#web_audio @ http://localhost:8820/assets/js/sfx.js:29
[  219105ms] [WARNING] The AudioContext was not allowed to start. It must be resumed (or created) after a user gesture on the page. https://developer.chrome.com/blog/autoplay/#web_audio @ http://localhost:8820/assets/js/sfx.js:88
[  219106ms] [WARNING] The AudioContext was not allowed to start. It must be resumed (or created) after a user gesture on the page. https://developer.chrome.com/blog/autoplay/#web_audio @ http://localhost:8820/assets/js/sfx.js:29
[  219106ms] [WARNING] The AudioContext was not allowed to start. It must be resumed (or created) after a user gesture on the page. https://developer.chrome.com/blog/autoplay/#web_audio @ http://localhost:8820/assets/js/sfx.js:88
[  219106ms] [WARNING] The AudioContext was not allowed to start. It must be resumed (or created) after a user gesture on the page. https://developer.chrome.com/blog/autoplay/#web_audio @ http://localhost:8820/assets/js/sfx.js:29
[  219106ms] [WARNING] The AudioContext was not allowed to start. It must be resumed (or created) after a user gesture on the page. https://developer.chrome.com/blog/autoplay/#web_audio @ http://localhost:8820/assets/js/sfx.js:88
[  219106ms] [WARNING] The AudioContext was not allowed to start. It must be resumed (or created) after a user gesture on the page. https://developer.chrome.com/blog/autoplay/#web_audio @ http://localhost:8820/assets/js/sfx.js:29
[  219106ms] [WARNING] The AudioContext was not allowed to start. It must be resumed (or created) after a user gesture on the page. https://developer.chrome.com/blog/autoplay/#web_audio @ http://localhost:8820/assets/js/sfx.js:88
[  219445ms] [WARNING] The AudioContext was not allowed to start. It must be resumed (or created) after a user gesture on the page. https://developer.chrome.com/blog/autoplay/#web_audio @ http://localhost:8820/assets/js/sfx.js:29
[  219445ms] [WARNING] The AudioContext was not allowed to start. It must be resumed (or created) after a user gesture on the page. https://developer.chrome.com/blog/autoplay/#web_audio @ http://localhost:8820/assets/js/sfx.js:88
[  219790ms] [WARNING] The AudioContext was not allowed to start. It must be resumed (or created) after a user gesture on the page. https://developer.chrome.com/blog/autoplay/#web_audio @ http://localhost:8820/assets/js/sfx.js:29
[  219791ms] [WARNING] The AudioContext was not allowed to start. It must be resumed (or created) after a user gesture on the page. https://developer.chrome.com/blog/autoplay/#web_audio @ http://localhost:8820/assets/js/sfx.js:88
[  219791ms] [WARNING] The AudioContext was not allowed to start. It must be resumed (or created) after a user gesture on the page. https://developer.chrome.com/blog/autoplay/#web_audio @ http://localhost:8820/assets/js/sfx.js:29
[  219791ms] [WARNING] The AudioContext was not allowed to start. It must be resumed (or created) after a user gesture on the page. https://developer.chrome.com/blog/autoplay/#web_audio @ http://localhost:8820/assets/js/sfx.js:88
[  220129ms] [WARNING] The AudioContext was not allowed to start. It must be resumed (or created) after a user gesture on the page. https://developer.chrome.com/blog/autoplay/#web_audio @ http://localhost:8820/assets/js/sfx.js:29
[  220130ms] [WARNING] The AudioContext was not allowed to start. It must be resumed (or created) after a user gesture on the page. https://developer.chrome.com/blog/autoplay/#web_audio @ http://localhost:8820/assets/js/sfx.js:88
[  220512ms] [WARNING] The AudioContext was not allowed to start. It must be resumed (or created) after a user gesture on the page. https://developer.chrome.com/blog/autoplay/#web_audio @ http://localhost:8820/assets/js/sfx.js:253
[  220513ms] [WARNING] The AudioContext was not allowed to start. It must be resumed (or created) after a user gesture on the page. https://developer.chrome.com/blog/autoplay/#web_audio @ http://localhost:8820/assets/js/sfx.js:29
[  220513ms] [WARNING] The AudioContext was not allowed to start. It must be resumed (or created) after a user gesture on the page. https://developer.chrome.com/blog/autoplay/#web_audio @ http://localhost:8820/assets/js/sfx.js:29
[  220515ms] [WARNING] The AudioContext was not allowed to start. It must be resumed (or created) after a user gesture on the page. https://developer.chrome.com/blog/autoplay/#web_audio @ http://localhost:8820/assets/js/sfx.js:88
[  220515ms] [WARNING] The AudioContext was not allowed to start. It must be resumed (or created) after a user gesture on the page. https://developer.chrome.com/blog/autoplay/#web_audio @ http://localhost:8820/assets/js/sfx.js:29
[  220515ms] [WARNING] The AudioContext was not allowed to start. It must be resumed (or created) after a user gesture on the page. https://developer.chrome.com/blog/autoplay/#web_audio @ http://localhost:8820/assets/js/sfx.js:88
[  220515ms] [WARNING] The AudioContext was not allowed to start. It must be resumed (or created) after a user gesture on the page. https://developer.chrome.com/blog/autoplay/#web_audio @ http://localhost:8820/assets/js/sfx.js:29
[  220515ms] [WARNING] The AudioContext was not allowed to start. It must be resumed (or created) after a user gesture on the page. https://developer.chrome.com/blog/autoplay/#web_audio @ http://localhost:8820/assets/js/sfx.js:29
[  220518ms] [WARNING] The AudioContext was not allowed to start. It must be resumed (or created) after a user gesture on the page. https://developer.chrome.com/blog/autoplay/#web_audio @ http://localhost:8820/assets/js/sfx.js:88
[  220518ms] [WARNING] The AudioContext was not allowed to start. It must be resumed (or created) after a user gesture on the page. https://developer.chrome.com/blog/autoplay/#web_audio @ http://localhost:8820/assets/js/sfx.js:29
[  220519ms] [WARNING] The AudioContext was not allowed to start. It must be resumed (or created) after a user gesture on the page. https://developer.chrome.com/blog/autoplay/#web_audio @ http://localhost:8820/assets/js/sfx.js:88
[  220519ms] [WARNING] The AudioContext was not allowed to start. It must be resumed (or created) after a user gesture on the page. https://developer.chrome.com/blog/autoplay/#web_audio @ http://localhost:8820/assets/js/sfx.js:29
[  220519ms] [WARNING] The AudioContext was not allowed to start. It must be resumed (or created) after a user gesture on the page. https://developer.chrome.com/blog/autoplay/#web_audio @ http://localhost:8820/assets/js/sfx.js:88
[  220519ms] [WARNING] The AudioContext was not allowed to start. It must be resumed (or created) after a user gesture on the page. https://developer.chrome.com/blog/autoplay/#web_audio @ http://localhost:8820/assets/js/sfx.js:29
[  220519ms] [WARNING] The AudioContext was not allowed to start. It must be resumed (or created) after a user gesture on the page. https://developer.chrome.com/blog/autoplay/#web_audio @ http://localhost:8820/assets/js/sfx.js:88
[  220861ms] [WARNING] The AudioContext was not allowed to start. It must be resumed (or created) after a user gesture on the page. https://developer.chrome.com/blog/autoplay/#web_audio @ http://localhost:8820/assets/js/sfx.js:29
[  220862ms] [WARNING] The AudioContext was not allowed to start. It must be resumed (or created) after a user gesture on the page. https://developer.chrome.com/blog/autoplay/#web_audio @ http://localhost:8820/assets/js/sfx.js:88
[  221197ms] [WARNING] The AudioContext was not allowed to start. It must be resumed (or created) after a user gesture on the page. https://developer.chrome.com/blog/autoplay/#web_audio @ http://localhost:8820/assets/js/sfx.js:29
[  221197ms] [WARNING] The AudioContext was not allowed to start. It must be resumed (or created) after a user gesture on the page. https://developer.chrome.com/blog/autoplay/#web_audio @ http://localhost:8820/assets/js/sfx.js:88
[  221197ms] [WARNING] The AudioContext was not allowed to start. It must be resumed (or created) after a user gesture on the page. https://developer.chrome.com/blog/autoplay/#web_audio @ http://localhost:8820/assets/js/sfx.js:29
[  221198ms] [WARNING] The AudioContext was not allowed to start. It must be resumed (or created) after a user gesture on the page. https://developer.chrome.com/blog/autoplay/#web_audio @ http://localhost:8820/assets/js/sfx.js:88
[  221549ms] [WARNING] The AudioContext was not allowed to start. It must be resumed (or created) after a user gesture on the page. https://developer.chrome.com/blog/autoplay/#web_audio @ http://localhost:8820/assets/js/sfx.js:29
[  221550ms] [WARNING] The AudioContext was not allowed to start. It must be resumed (or created) after a user gesture on the page. https://developer.chrome.com/blog/autoplay/#web_audio @ http://localhost:8820/assets/js/sfx.js:88
[  221934ms] [WARNING] The AudioContext was not allowed to start. It must be resumed (or created) after a user gesture on the page. https://developer.chrome.com/blog/autoplay/#web_audio @ http://localhost:8820/assets/js/sfx.js:253
[  221935ms] [WARNING] The AudioContext was not allowed to start. It must be resumed (or created) after a user gesture on the page. https://developer.chrome.com/blog/autoplay/#web_audio @ http://localhost:8820/assets/js/sfx.js:29
[  221935ms] [WARNING] The AudioContext was not allowed to start. It must be resumed (or created) after a user gesture on the page. https://developer.chrome.com/blog/autoplay/#web_audio @ http://localhost:8820/assets/js/sfx.js:29
[  221938ms] [WARNING] The AudioContext was not allowed to start. It must be resumed (or created) after a user gesture on the page. https://developer.chrome.com/blog/autoplay/#web_audio @ http://localhost:8820/assets/js/sfx.js:88
[  221938ms] [WARNING] The AudioContext was not allowed to start. It must be resumed (or created) after a user gesture on the page. https://developer.chrome.com/blog/autoplay/#web_audio @ http://localhost:8820/assets/js/sfx.js:29
[  221938ms] [WARNING] The AudioContext was not allowed to start. It must be resumed (or created) after a user gesture on the page. https://developer.chrome.com/blog/autoplay/#web_audio @ http://localhost:8820/assets/js/sfx.js:88
[  221938ms] [WARNING] The AudioContext was not allowed to start. It must be resumed (or created) after a user gesture on the page. https://developer.chrome.com/blog/autoplay/#web_audio @ http://localhost:8820/assets/js/sfx.js:29
[  221938ms] [WARNING] The AudioContext was not allowed to start. It must be resumed (or created) after a user gesture on the page. https://developer.chrome.com/blog/autoplay/#web_audio @ http://localhost:8820/assets/js/sfx.js:29
[  221940ms] [WARNING] The AudioContext was not allowed to start. It must be resumed (or created) after a user gesture on the page. https://developer.chrome.com/blog/autoplay/#web_audio @ http://localhost:8820/assets/js/sfx.js:88
[  221940ms] [WARNING] The AudioContext was not allowed to start. It must be resumed (or created) after a user gesture on the page. https://developer.chrome.com/blog/autoplay/#web_audio @ http://localhost:8820/assets/js/sfx.js:29
[  221940ms] [WARNING] The AudioContext was not allowed to start. It must be resumed (or created) after a user gesture on the page. https://developer.chrome.com/blog/autoplay/#web_audio @ http://localhost:8820/assets/js/sfx.js:88
[  221940ms] [WARNING] The AudioContext was not allowed to start. It must be resumed (or created) after a user gesture on the page. https://developer.chrome.com/blog/autoplay/#web_audio @ http://localhost:8820/assets/js/sfx.js:29
[  221940ms] [WARNING] The AudioContext was not allowed to start. It must be resumed (or created) after a user gesture on the page. https://developer.chrome.com/blog/autoplay/#web_audio @ http://localhost:8820/assets/js/sfx.js:88
[  221940ms] [WARNING] The AudioContext was not allowed to start. It must be resumed (or created) after a user gesture on the page. https://developer.chrome.com/blog/autoplay/#web_audio @ http://localhost:8820/assets/js/sfx.js:29
[  221940ms] [WARNING] The AudioContext was not allowed to start. It must be resumed (or created) after a user gesture on the page. https://developer.chrome.com/blog/autoplay/#web_audio @ http://localhost:8820/assets/js/sfx.js:88
[  222280ms] [WARNING] The AudioContext was not allowed to start. It must be resumed (or created) after a user gesture on the page. https://developer.chrome.com/blog/autoplay/#web_audio @ http://localhost:8820/assets/js/sfx.js:29
[  222280ms] [WARNING] The AudioContext was not allowed to start. It must be resumed (or created) after a user gesture on the page. https://developer.chrome.com/blog/autoplay/#web_audio @ http://localhost:8820/assets/js/sfx.js:88
[  222623ms] [WARNING] The AudioContext was not allowed to start. It must be resumed (or created) after a user gesture on the page. https://developer.chrome.com/blog/autoplay/#web_audio @ http://localhost:8820/assets/js/sfx.js:29
[  222624ms] [WARNING] The AudioContext was not allowed to start. It must be resumed (or created) after a user gesture on the page. https://developer.chrome.com/blog/autoplay/#web_audio @ http://localhost:8820/assets/js/sfx.js:88
[  222624ms] [WARNING] The AudioContext was not allowed to start. It must be resumed (or created) after a user gesture on the page. https://developer.chrome.com/blog/autoplay/#web_audio @ http://localhost:8820/assets/js/sfx.js:29
[  222624ms] [WARNING] The AudioContext was not allowed to start. It must be resumed (or created) after a user gesture on the page. https://developer.chrome.com/blog/autoplay/#web_audio @ http://localhost:8820/assets/js/sfx.js:88
[  222963ms] [WARNING] The AudioContext was not allowed to start. It must be resumed (or created) after a user gesture on the page. https://developer.chrome.com/blog/autoplay/#web_audio @ http://localhost:8820/assets/js/sfx.js:29
[  222963ms] [WARNING] The AudioContext was not allowed to start. It must be resumed (or created) after a user gesture on the page. https://developer.chrome.com/blog/autoplay/#web_audio @ http://localhost:8820/assets/js/sfx.js:88
[  223398ms] [WARNING] The AudioContext was not allowed to start. It must be resumed (or created) after a user gesture on the page. https://developer.chrome.com/blog/autoplay/#web_audio @ http://localhost:8820/assets/js/sfx.js:253
[  223398ms] [WARNING] The AudioContext was not allowed to start. It must be resumed (or created) after a user gesture on the page. https://developer.chrome.com/blog/autoplay/#web_audio @ http://localhost:8820/assets/js/sfx.js:29
[  223398ms] [WARNING] The AudioContext was not allowed to start. It must be resumed (or created) after a user gesture on the page. https://developer.chrome.com/blog/autoplay/#web_audio @ http://localhost:8820/assets/js/sfx.js:29
[  223400ms] [WARNING] The AudioContext was not allowed to start. It must be resumed (or created) after a user gesture on the page. https://developer.chrome.com/blog/autoplay/#web_audio @ http://localhost:8820/assets/js/sfx.js:88
[  223400ms] [WARNING] The AudioContext was not allowed to start. It must be resumed (or created) after a user gesture on the page. https://developer.chrome.com/blog/autoplay/#web_audio @ http://localhost:8820/assets/js/sfx.js:29
[  223402ms] [WARNING] The AudioContext was not allowed to start. It must be resumed (or created) after a user gesture on the page. https://developer.chrome.com/blog/autoplay/#web_audio @ http://localhost:8820/assets/js/sfx.js:88
[  223402ms] [WARNING] The AudioContext was not allowed to start. It must be resumed (or created) after a user gesture on the page. https://developer.chrome.com/blog/autoplay/#web_audio @ http://localhost:8820/assets/js/sfx.js:29
[  223402ms] [WARNING] The AudioContext was not allowed to start. It must be resumed (or created) after a user gesture on the page. https://developer.chrome.com/blog/autoplay/#web_audio @ http://localhost:8820/assets/js/sfx.js:29
[  223403ms] [WARNING] The AudioContext was not allowed to start. It must be resumed (or created) after a user gesture on the page. https://developer.chrome.com/blog/autoplay/#web_audio @ http://localhost:8820/assets/js/sfx.js:88
[  223403ms] [WARNING] The AudioContext was not allowed to start. It must be resumed (or created) after a user gesture on the page. https://developer.chrome.com/blog/autoplay/#web_audio @ http://localhost:8820/assets/js/sfx.js:29
[  223403ms] [WARNING] The AudioContext was not allowed to start. It must be resumed (or created) after a user gesture on the page. https://developer.chrome.com/blog/autoplay/#web_audio @ http://localhost:8820/assets/js/sfx.js:88
[  223403ms] [WARNING] The AudioContext was not allowed to start. It must be resumed (or created) after a user gesture on the page. https://developer.chrome.com/blog/autoplay/#web_audio @ http://localhost:8820/assets/js/sfx.js:29
[  223403ms] [WARNING] The AudioContext was not allowed to start. It must be resumed (or created) after a user gesture on the page. https://developer.chrome.com/blog/autoplay/#web_audio @ http://localhost:8820/assets/js/sfx.js:88
[  223403ms] [WARNING] The AudioContext was not allowed to start. It must be resumed (or created) after a user gesture on the page. https://developer.chrome.com/blog/autoplay/#web_audio @ http://localhost:8820/assets/js/sfx.js:29
[  223404ms] [WARNING] The AudioContext was not allowed to start. It must be resumed (or created) after a user gesture on the page. https://developer.chrome.com/blog/autoplay/#web_audio @ http://localhost:8820/assets/js/sfx.js:88
[  223698ms] [WARNING] The AudioContext was not allowed to start. It must be resumed (or created) after a user gesture on the page. https://developer.chrome.com/blog/autoplay/#web_audio @ http://localhost:8820/assets/js/sfx.js:29
[  223699ms] [WARNING] The AudioContext was not allowed to start. It must be resumed (or created) after a user gesture on the page. https://developer.chrome.com/blog/autoplay/#web_audio @ http://localhost:8820/assets/js/sfx.js:88
[  223979ms] [WARNING] The AudioContext was not allowed to start. It must be resumed (or created) after a user gesture on the page. https://developer.chrome.com/blog/autoplay/#web_audio @ http://localhost:8820/assets/js/sfx.js:29
[  223980ms] [WARNING] The AudioContext was not allowed to start. It must be resumed (or created) after a user gesture on the page. https://developer.chrome.com/blog/autoplay/#web_audio @ http://localhost:8820/assets/js/sfx.js:88
[  223980ms] [WARNING] The AudioContext was not allowed to start. It must be resumed (or created) after a user gesture on the page. https://developer.chrome.com/blog/autoplay/#web_audio @ http://localhost:8820/assets/js/sfx.js:29
[  223980ms] [WARNING] The AudioContext was not allowed to start. It must be resumed (or created) after a user gesture on the page. https://developer.chrome.com/blog/autoplay/#web_audio @ http://localhost:8820/assets/js/sfx.js:88
[  224273ms] [WARNING] The AudioContext was not allowed to start. It must be resumed (or created) after a user gesture on the page. https://developer.chrome.com/blog/autoplay/#web_audio @ http://localhost:8820/assets/js/sfx.js:29
[  224274ms] [WARNING] The AudioContext was not allowed to start. It must be resumed (or created) after a user gesture on the page. https://developer.chrome.com/blog/autoplay/#web_audio @ http://localhost:8820/assets/js/sfx.js:88
[  224563ms] [WARNING] The AudioContext was not allowed to start. It must be resumed (or created) after a user gesture on the page. https://developer.chrome.com/blog/autoplay/#web_audio @ http://localhost:8820/assets/js/sfx.js:29
[  224564ms] [WARNING] The AudioContext was not allowed to start. It must be resumed (or created) after a user gesture on the page. https://developer.chrome.com/blog/autoplay/#web_audio @ http://localhost:8820/assets/js/sfx.js:88
[  224564ms] [WARNING] The AudioContext was not allowed to start. It must be resumed (or created) after a user gesture on the page. https://developer.chrome.com/blog/autoplay/#web_audio @ http://localhost:8820/assets/js/sfx.js:29
[  224564ms] [WARNING] The AudioContext was not allowed to start. It must be resumed (or created) after a user gesture on the page. https://developer.chrome.com/blog/autoplay/#web_audio @ http://localhost:8820/assets/js/sfx.js:88
[  224847ms] [WARNING] The AudioContext was not allowed to start. It must be resumed (or created) after a user gesture on the page. https://developer.chrome.com/blog/autoplay/#web_audio @ http://localhost:8820/assets/js/sfx.js:253
[  224847ms] [WARNING] The AudioContext was not allowed to start. It must be resumed (or created) after a user gesture on the page. https://developer.chrome.com/blog/autoplay/#web_audio @ http://localhost:8820/assets/js/sfx.js:29
[  224847ms] [WARNING] The AudioContext was not allowed to start. It must be resumed (or created) after a user gesture on the page. https://developer.chrome.com/blog/autoplay/#web_audio @ http://localhost:8820/assets/js/sfx.js:29
[  224850ms] [WARNING] The AudioContext was not allowed to start. It must be resumed (or created) after a user gesture on the page. https://developer.chrome.com/blog/autoplay/#web_audio @ http://localhost:8820/assets/js/sfx.js:88
[  224850ms] [WARNING] The AudioContext was not allowed to start. It must be resumed (or created) after a user gesture on the page. https://developer.chrome.com/blog/autoplay/#web_audio @ http://localhost:8820/assets/js/sfx.js:29
[  224850ms] [WARNING] The AudioContext was not allowed to start. It must be resumed (or created) after a user gesture on the page. https://developer.chrome.com/blog/autoplay/#web_audio @ http://localhost:8820/assets/js/sfx.js:88
[  224851ms] [WARNING] The AudioContext was not allowed to start. It must be resumed (or created) after a user gesture on the page. https://developer.chrome.com/blog/autoplay/#web_audio @ http://localhost:8820/assets/js/sfx.js:29
[  224851ms] [WARNING] The AudioContext was not allowed to start. It must be resumed (or created) after a user gesture on the page. https://developer.chrome.com/blog/autoplay/#web_audio @ http://localhost:8820/assets/js/sfx.js:29
[  224853ms] [WARNING] The AudioContext was not allowed to start. It must be resumed (or created) after a user gesture on the page. https://developer.chrome.com/blog/autoplay/#web_audio @ http://localhost:8820/assets/js/sfx.js:88
[  224853ms] [WARNING] The AudioContext was not allowed to start. It must be resumed (or created) after a user gesture on the page. https://developer.chrome.com/blog/autoplay/#web_audio @ http://localhost:8820/assets/js/sfx.js:29
[  224853ms] [WARNING] The AudioContext was not allowed to start. It must be resumed (or created) after a user gesture on the page. https://developer.chrome.com/blog/autoplay/#web_audio @ http://localhost:8820/assets/js/sfx.js:88
[  224853ms] [WARNING] The AudioContext was not allowed to start. It must be resumed (or created) after a user gesture on the page. https://developer.chrome.com/blog/autoplay/#web_audio @ http://localhost:8820/assets/js/sfx.js:29
[  224853ms] [WARNING] The AudioContext was not allowed to start. It must be resumed (or created) after a user gesture on the page. https://developer.chrome.com/blog/autoplay/#web_audio @ http://localhost:8820/assets/js/sfx.js:88
[  224854ms] [WARNING] The AudioContext was not allowed to start. It must be resumed (or created) after a user gesture on the page. https://developer.chrome.com/blog/autoplay/#web_audio @ http://localhost:8820/assets/js/sfx.js:29
[  224854ms] [WARNING] The AudioContext was not allowed to start. It must be resumed (or created) after a user gesture on the page. https://developer.chrome.com/blog/autoplay/#web_audio @ http://localhost:8820/assets/js/sfx.js:88
[  225197ms] [WARNING] The AudioContext was not allowed to start. It must be resumed (or created) after a user gesture on the page. https://developer.chrome.com/blog/autoplay/#web_audio @ http://localhost:8820/assets/js/sfx.js:29
[  225197ms] [WARNING] The AudioContext was not allowed to start. It must be resumed (or created) after a user gesture on the page. https://developer.chrome.com/blog/autoplay/#web_audio @ http://localhost:8820/assets/js/sfx.js:88
[  225533ms] [WARNING] The AudioContext was not allowed to start. It must be resumed (or created) after a user gesture on the page. https://developer.chrome.com/blog/autoplay/#web_audio @ http://localhost:8820/assets/js/sfx.js:29
[  225533ms] [WARNING] The AudioContext was not allowed to start. It must be resumed (or created) after a user gesture on the page. https://developer.chrome.com/blog/autoplay/#web_audio @ http://localhost:8820/assets/js/sfx.js:88
[  225533ms] [WARNING] The AudioContext was not allowed to start. It must be resumed (or created) after a user gesture on the page. https://developer.chrome.com/blog/autoplay/#web_audio @ http://localhost:8820/assets/js/sfx.js:29
[  225534ms] [WARNING] The AudioContext was not allowed to start. It must be resumed (or created) after a user gesture on the page. https://developer.chrome.com/blog/autoplay/#web_audio @ http://localhost:8820/assets/js/sfx.js:88
[  225876ms] [WARNING] The AudioContext was not allowed to start. It must be resumed (or created) after a user gesture on the page. https://developer.chrome.com/blog/autoplay/#web_audio @ http://localhost:8820/assets/js/sfx.js:29
[  225877ms] [WARNING] The AudioContext was not allowed to start. It must be resumed (or created) after a user gesture on the page. https://developer.chrome.com/blog/autoplay/#web_audio @ http://localhost:8820/assets/js/sfx.js:88
[  226325ms] [WARNING] The AudioContext was not allowed to start. It must be resumed (or created) after a user gesture on the page. https://developer.chrome.com/blog/autoplay/#web_audio @ http://localhost:8820/assets/js/sfx.js:253
[  226325ms] [WARNING] The AudioContext was not allowed to start. It must be resumed (or created) after a user gesture on the page. https://developer.chrome.com/blog/autoplay/#web_audio @ http://localhost:8820/assets/js/sfx.js:29
[  226325ms] [WARNING] The AudioContext was not allowed to start. It must be resumed (or created) after a user gesture on the page. https://developer.chrome.com/blog/autoplay/#web_audio @ http://localhost:8820/assets/js/sfx.js:29
[  226330ms] [WARNING] The AudioContext was not allowed to start. It must be resumed (or created) after a user gesture on the page. https://developer.chrome.com/blog/autoplay/#web_audio @ http://localhost:8820/assets/js/sfx.js:88
[  226330ms] [WARNING] The AudioContext was not allowed to start. It must be resumed (or created) after a user gesture on the page. https://developer.chrome.com/blog/autoplay/#web_audio @ http://localhost:8820/assets/js/sfx.js:29
[  226331ms] [WARNING] The AudioContext was not allowed to start. It must be resumed (or created) after a user gesture on the page. https://developer.chrome.com/blog/autoplay/#web_audio @ http://localhost:8820/assets/js/sfx.js:88
[  226331ms] [WARNING] The AudioContext was not allowed to start. It must be resumed (or created) after a user gesture on the page. https://developer.chrome.com/blog/autoplay/#web_audio @ http://localhost:8820/assets/js/sfx.js:29
[  226331ms] [WARNING] The AudioContext was not allowed to start. It must be resumed (or created) after a user gesture on the page. https://developer.chrome.com/blog/autoplay/#web_audio @ http://localhost:8820/assets/js/sfx.js:29
[  226334ms] [WARNING] The AudioContext was not allowed to start. It must be resumed (or created) after a user gesture on the page. https://developer.chrome.com/blog/autoplay/#web_audio @ http://localhost:8820/assets/js/sfx.js:88
[  226334ms] [WARNING] The AudioContext was not allowed to start. It must be resumed (or created) after a user gesture on the page. https://developer.chrome.com/blog/autoplay/#web_audio @ http://localhost:8820/assets/js/sfx.js:29
[  226334ms] [WARNING] The AudioContext was not allowed to start. It must be resumed (or created) after a user gesture on the page. https://developer.chrome.com/blog/autoplay/#web_audio @ http://localhost:8820/assets/js/sfx.js:88
[  226334ms] [WARNING] The AudioContext was not allowed to start. It must be resumed (or created) after a user gesture on the page. https://developer.chrome.com/blog/autoplay/#web_audio @ http://localhost:8820/assets/js/sfx.js:29
[  226334ms] [WARNING] The AudioContext was not allowed to start. It must be resumed (or created) after a user gesture on the page. https://developer.chrome.com/blog/autoplay/#web_audio @ http://localhost:8820/assets/js/sfx.js:88
[  226334ms] [WARNING] The AudioContext was not allowed to start. It must be resumed (or created) after a user gesture on the page. https://developer.chrome.com/blog/autoplay/#web_audio @ http://localhost:8820/assets/js/sfx.js:29
[  226334ms] [WARNING] The AudioContext was not allowed to start. It must be resumed (or created) after a user gesture on the page. https://developer.chrome.com/blog/autoplay/#web_audio @ http://localhost:8820/assets/js/sfx.js:88
[  226671ms] [WARNING] The AudioContext was not allowed to start. It must be resumed (or created) after a user gesture on the page. https://developer.chrome.com/blog/autoplay/#web_audio @ http://localhost:8820/assets/js/sfx.js:29
[  226671ms] [WARNING] The AudioContext was not allowed to start. It must be resumed (or created) after a user gesture on the page. https://developer.chrome.com/blog/autoplay/#web_audio @ http://localhost:8820/assets/js/sfx.js:88
[  227013ms] [WARNING] The AudioContext was not allowed to start. It must be resumed (or created) after a user gesture on the page. https://developer.chrome.com/blog/autoplay/#web_audio @ http://localhost:8820/assets/js/sfx.js:29
[  227013ms] [WARNING] The AudioContext was not allowed to start. It must be resumed (or created) after a user gesture on the page. https://developer.chrome.com/blog/autoplay/#web_audio @ http://localhost:8820/assets/js/sfx.js:88
[  227013ms] [WARNING] The AudioContext was not allowed to start. It must be resumed (or created) after a user gesture on the page. https://developer.chrome.com/blog/autoplay/#web_audio @ http://localhost:8820/assets/js/sfx.js:29
[  227014ms] [WARNING] The AudioContext was not allowed to start. It must be resumed (or created) after a user gesture on the page. https://developer.chrome.com/blog/autoplay/#web_audio @ http://localhost:8820/assets/js/sfx.js:88
[  227354ms] [WARNING] The AudioContext was not allowed to start. It must be resumed (or created) after a user gesture on the page. https://developer.chrome.com/blog/autoplay/#web_audio @ http://localhost:8820/assets/js/sfx.js:29
[  227354ms] [WARNING] The AudioContext was not allowed to start. It must be resumed (or created) after a user gesture on the page. https://developer.chrome.com/blog/autoplay/#web_audio @ http://localhost:8820/assets/js/sfx.js:88
[  227853ms] [WARNING] The AudioContext was not allowed to start. It must be resumed (or created) after a user gesture on the page. https://developer.chrome.com/blog/autoplay/#web_audio @ http://localhost:8820/assets/js/sfx.js:253
[  227853ms] [WARNING] The AudioContext was not allowed to start. It must be resumed (or created) after a user gesture on the page. https://developer.chrome.com/blog/autoplay/#web_audio @ http://localhost:8820/assets/js/sfx.js:29
[  227853ms] [WARNING] The AudioContext was not allowed to start. It must be resumed (or created) after a user gesture on the page. https://developer.chrome.com/blog/autoplay/#web_audio @ http://localhost:8820/assets/js/sfx.js:29
[  227857ms] [WARNING] The AudioContext was not allowed to start. It must be resumed (or created) after a user gesture on the page. https://developer.chrome.com/blog/autoplay/#web_audio @ http://localhost:8820/assets/js/sfx.js:88
[  227857ms] [WARNING] The AudioContext was not allowed to start. It must be resumed (or created) after a user gesture on the page. https://developer.chrome.com/blog/autoplay/#web_audio @ http://localhost:8820/assets/js/sfx.js:29
[  227860ms] [WARNING] The AudioContext was not allowed to start. It must be resumed (or created) after a user gesture on the page. https://developer.chrome.com/blog/autoplay/#web_audio @ http://localhost:8820/assets/js/sfx.js:88
[  227860ms] [WARNING] The AudioContext was not allowed to start. It must be resumed (or created) after a user gesture on the page. https://developer.chrome.com/blog/autoplay/#web_audio @ http://localhost:8820/assets/js/sfx.js:29
[  227861ms] [WARNING] The AudioContext was not allowed to start. It must be resumed (or created) after a user gesture on the page. https://developer.chrome.com/blog/autoplay/#web_audio @ http://localhost:8820/assets/js/sfx.js:29
[  227861ms] [WARNING] The AudioContext was not allowed to start. It must be resumed (or created) after a user gesture on the page. https://developer.chrome.com/blog/autoplay/#web_audio @ http://localhost:8820/assets/js/sfx.js:88
[  227861ms] [WARNING] The AudioContext was not allowed to start. It must be resumed (or created) after a user gesture on the page. https://developer.chrome.com/blog/autoplay/#web_audio @ http://localhost:8820/assets/js/sfx.js:29
[  227861ms] [WARNING] The AudioContext was not allowed to start. It must be resumed (or created) after a user gesture on the page. https://developer.chrome.com/blog/autoplay/#web_audio @ http://localhost:8820/assets/js/sfx.js:88
[  227861ms] [WARNING] The AudioContext was not allowed to start. It must be resumed (or created) after a user gesture on the page. https://developer.chrome.com/blog/autoplay/#web_audio @ http://localhost:8820/assets/js/sfx.js:29
[  227861ms] [WARNING] The AudioContext was not allowed to start. It must be resumed (or created) after a user gesture on the page. https://developer.chrome.com/blog/autoplay/#web_audio @ http://localhost:8820/assets/js/sfx.js:88
[  227862ms] [WARNING] The AudioContext was not allowed to start. It must be resumed (or created) after a user gesture on the page. https://developer.chrome.com/blog/autoplay/#web_audio @ http://localhost:8820/assets/js/sfx.js:29
[  227862ms] [WARNING] The AudioContext was not allowed to start. It must be resumed (or created) after a user gesture on the page. https://developer.chrome.com/blog/autoplay/#web_audio @ http://localhost:8820/assets/js/sfx.js:88
[  228069ms] [WARNING] The AudioContext was not allowed to start. It must be resumed (or created) after a user gesture on the page. https://developer.chrome.com/blog/autoplay/#web_audio @ http://localhost:8820/assets/js/sfx.js:29
[  228069ms] [WARNING] The AudioContext was not allowed to start. It must be resumed (or created) after a user gesture on the page. https://developer.chrome.com/blog/autoplay/#web_audio @ http://localhost:8820/assets/js/sfx.js:88
[  228271ms] [WARNING] The AudioContext was not allowed to start. It must be resumed (or created) after a user gesture on the page. https://developer.chrome.com/blog/autoplay/#web_audio @ http://localhost:8820/assets/js/sfx.js:29
[  228272ms] [WARNING] The AudioContext was not allowed to start. It must be resumed (or created) after a user gesture on the page. https://developer.chrome.com/blog/autoplay/#web_audio @ http://localhost:8820/assets/js/sfx.js:88
[  228272ms] [WARNING] The AudioContext was not allowed to start. It must be resumed (or created) after a user gesture on the page. https://developer.chrome.com/blog/autoplay/#web_audio @ http://localhost:8820/assets/js/sfx.js:29
[  228272ms] [WARNING] The AudioContext was not allowed to start. It must be resumed (or created) after a user gesture on the page. https://developer.chrome.com/blog/autoplay/#web_audio @ http://localhost:8820/assets/js/sfx.js:88
[  228480ms] [WARNING] The AudioContext was not allowed to start. It must be resumed (or created) after a user gesture on the page. https://developer.chrome.com/blog/autoplay/#web_audio @ http://localhost:8820/assets/js/sfx.js:29
[  228480ms] [WARNING] The AudioContext was not allowed to start. It must be resumed (or created) after a user gesture on the page. https://developer.chrome.com/blog/autoplay/#web_audio @ http://localhost:8820/assets/js/sfx.js:88
[  228684ms] [WARNING] The AudioContext was not allowed to start. It must be resumed (or created) after a user gesture on the page. https://developer.chrome.com/blog/autoplay/#web_audio @ http://localhost:8820/assets/js/sfx.js:29
[  228685ms] [WARNING] The AudioContext was not allowed to start. It must be resumed (or created) after a user gesture on the page. https://developer.chrome.com/blog/autoplay/#web_audio @ http://localhost:8820/assets/js/sfx.js:88
[  228685ms] [WARNING] The AudioContext was not allowed to start. It must be resumed (or created) after a user gesture on the page. https://developer.chrome.com/blog/autoplay/#web_audio @ http://localhost:8820/assets/js/sfx.js:29
[  228685ms] [WARNING] The AudioContext was not allowed to start. It must be resumed (or created) after a user gesture on the page. https://developer.chrome.com/blog/autoplay/#web_audio @ http://localhost:8820/assets/js/sfx.js:88
[  228893ms] [WARNING] The AudioContext was not allowed to start. It must be resumed (or created) after a user gesture on the page. https://developer.chrome.com/blog/autoplay/#web_audio @ http://localhost:8820/assets/js/sfx.js:29
[  228894ms] [WARNING] The AudioContext was not allowed to start. It must be resumed (or created) after a user gesture on the page. https://developer.chrome.com/blog/autoplay/#web_audio @ http://localhost:8820/assets/js/sfx.js:88
[  229095ms] [WARNING] The AudioContext was not allowed to start. It must be resumed (or created) after a user gesture on the page. https://developer.chrome.com/blog/autoplay/#web_audio @ http://localhost:8820/assets/js/sfx.js:29
[  229096ms] [WARNING] The AudioContext was not allowed to start. It must be resumed (or created) after a user gesture on the page. https://developer.chrome.com/blog/autoplay/#web_audio @ http://localhost:8820/assets/js/sfx.js:88
[  229096ms] [WARNING] The AudioContext was not allowed to start. It must be resumed (or created) after a user gesture on the page. https://developer.chrome.com/blog/autoplay/#web_audio @ http://localhost:8820/assets/js/sfx.js:29
[  229096ms] [WARNING] The AudioContext was not allowed to start. It must be resumed (or created) after a user gesture on the page. https://developer.chrome.com/blog/autoplay/#web_audio @ http://localhost:8820/assets/js/sfx.js:88
[  229319ms] [WARNING] The AudioContext was not allowed to start. It must be resumed (or created) after a user gesture on the page. https://developer.chrome.com/blog/autoplay/#web_audio @ http://localhost:8820/assets/js/sfx.js:253
[  229319ms] [WARNING] The AudioContext was not allowed to start. It must be resumed (or created) after a user gesture on the page. https://developer.chrome.com/blog/autoplay/#web_audio @ http://localhost:8820/assets/js/sfx.js:29
[  229319ms] [WARNING] The AudioContext was not allowed to start. It must be resumed (or created) after a user gesture on the page. https://developer.chrome.com/blog/autoplay/#web_audio @ http://localhost:8820/assets/js/sfx.js:29
[  229321ms] [WARNING] The AudioContext was not allowed to start. It must be resumed (or created) after a user gesture on the page. https://developer.chrome.com/blog/autoplay/#web_audio @ http://localhost:8820/assets/js/sfx.js:88
[  229321ms] [WARNING] The AudioContext was not allowed to start. It must be resumed (or created) after a user gesture on the page. https://developer.chrome.com/blog/autoplay/#web_audio @ http://localhost:8820/assets/js/sfx.js:29
[  229321ms] [WARNING] The AudioContext was not allowed to start. It must be resumed (or created) after a user gesture on the page. https://developer.chrome.com/blog/autoplay/#web_audio @ http://localhost:8820/assets/js/sfx.js:88
[  229322ms] [WARNING] The AudioContext was not allowed to start. It must be resumed (or created) after a user gesture on the page. https://developer.chrome.com/blog/autoplay/#web_audio @ http://localhost:8820/assets/js/sfx.js:29
[  229322ms] [WARNING] The AudioContext was not allowed to start. It must be resumed (or created) after a user gesture on the page. https://developer.chrome.com/blog/autoplay/#web_audio @ http://localhost:8820/assets/js/sfx.js:29
[  229323ms] [WARNING] The AudioContext was not allowed to start. It must be resumed (or created) after a user gesture on the page. https://developer.chrome.com/blog/autoplay/#web_audio @ http://localhost:8820/assets/js/sfx.js:88
[  229323ms] [WARNING] The AudioContext was not allowed to start. It must be resumed (or created) after a user gesture on the page. https://developer.chrome.com/blog/autoplay/#web_audio @ http://localhost:8820/assets/js/sfx.js:29
[  229323ms] [WARNING] The AudioContext was not allowed to start. It must be resumed (or created) after a user gesture on the page. https://developer.chrome.com/blog/autoplay/#web_audio @ http://localhost:8820/assets/js/sfx.js:88
[  229324ms] [WARNING] The AudioContext was not allowed to start. It must be resumed (or created) after a user gesture on the page. https://developer.chrome.com/blog/autoplay/#web_audio @ http://localhost:8820/assets/js/sfx.js:29
[  229324ms] [WARNING] The AudioContext was not allowed to start. It must be resumed (or created) after a user gesture on the page. https://developer.chrome.com/blog/autoplay/#web_audio @ http://localhost:8820/assets/js/sfx.js:88
[  229324ms] [WARNING] The AudioContext was not allowed to start. It must be resumed (or created) after a user gesture on the page. https://developer.chrome.com/blog/autoplay/#web_audio @ http://localhost:8820/assets/js/sfx.js:29
[  229324ms] [WARNING] The AudioContext was not allowed to start. It must be resumed (or created) after a user gesture on the page. https://developer.chrome.com/blog/autoplay/#web_audio @ http://localhost:8820/assets/js/sfx.js:88
[  229664ms] [WARNING] The AudioContext was not allowed to start. It must be resumed (or created) after a user gesture on the page. https://developer.chrome.com/blog/autoplay/#web_audio @ http://localhost:8820/assets/js/sfx.js:29
[  229664ms] [WARNING] The AudioContext was not allowed to start. It must be resumed (or created) after a user gesture on the page. https://developer.chrome.com/blog/autoplay/#web_audio @ http://localhost:8820/assets/js/sfx.js:88
[  230013ms] [WARNING] The AudioContext was not allowed to start. It must be resumed (or created) after a user gesture on the page. https://developer.chrome.com/blog/autoplay/#web_audio @ http://localhost:8820/assets/js/sfx.js:29
[  230013ms] [WARNING] The AudioContext was not allowed to start. It must be resumed (or created) after a user gesture on the page. https://developer.chrome.com/blog/autoplay/#web_audio @ http://localhost:8820/assets/js/sfx.js:88
[  230013ms] [WARNING] The AudioContext was not allowed to start. It must be resumed (or created) after a user gesture on the page. https://developer.chrome.com/blog/autoplay/#web_audio @ http://localhost:8820/assets/js/sfx.js:29
[  230014ms] [WARNING] The AudioContext was not allowed to start. It must be resumed (or created) after a user gesture on the page. https://developer.chrome.com/blog/autoplay/#web_audio @ http://localhost:8820/assets/js/sfx.js:88
[  230346ms] [WARNING] The AudioContext was not allowed to start. It must be resumed (or created) after a user gesture on the page. https://developer.chrome.com/blog/autoplay/#web_audio @ http://localhost:8820/assets/js/sfx.js:29
[  230346ms] [WARNING] The AudioContext was not allowed to start. It must be resumed (or created) after a user gesture on the page. https://developer.chrome.com/blog/autoplay/#web_audio @ http://localhost:8820/assets/js/sfx.js:88
[  230810ms] [WARNING] The AudioContext was not allowed to start. It must be resumed (or created) after a user gesture on the page. https://developer.chrome.com/blog/autoplay/#web_audio @ http://localhost:8820/assets/js/sfx.js:253
[  230810ms] [WARNING] The AudioContext was not allowed to start. It must be resumed (or created) after a user gesture on the page. https://developer.chrome.com/blog/autoplay/#web_audio @ http://localhost:8820/assets/js/sfx.js:29
[  230810ms] [WARNING] The AudioContext was not allowed to start. It must be resumed (or created) after a user gesture on the page. https://developer.chrome.com/blog/autoplay/#web_audio @ http://localhost:8820/assets/js/sfx.js:29
[  230814ms] [WARNING] The AudioContext was not allowed to start. It must be resumed (or created) after a user gesture on the page. https://developer.chrome.com/blog/autoplay/#web_audio @ http://localhost:8820/assets/js/sfx.js:88
[  230814ms] [WARNING] The AudioContext was not allowed to start. It must be resumed (or created) after a user gesture on the page. https://developer.chrome.com/blog/autoplay/#web_audio @ http://localhost:8820/assets/js/sfx.js:29
[  230815ms] [WARNING] The AudioContext was not allowed to start. It must be resumed (or created) after a user gesture on the page. https://developer.chrome.com/blog/autoplay/#web_audio @ http://localhost:8820/assets/js/sfx.js:88
[  230815ms] [WARNING] The AudioContext was not allowed to start. It must be resumed (or created) after a user gesture on the page. https://developer.chrome.com/blog/autoplay/#web_audio @ http://localhost:8820/assets/js/sfx.js:29
[  230815ms] [WARNING] The AudioContext was not allowed to start. It must be resumed (or created) after a user gesture on the page. https://developer.chrome.com/blog/autoplay/#web_audio @ http://localhost:8820/assets/js/sfx.js:29
[  230817ms] [WARNING] The AudioContext was not allowed to start. It must be resumed (or created) after a user gesture on the page. https://developer.chrome.com/blog/autoplay/#web_audio @ http://localhost:8820/assets/js/sfx.js:88
[  230817ms] [WARNING] The AudioContext was not allowed to start. It must be resumed (or created) after a user gesture on the page. https://developer.chrome.com/blog/autoplay/#web_audio @ http://localhost:8820/assets/js/sfx.js:29
[  230818ms] [WARNING] The AudioContext was not allowed to start. It must be resumed (or created) after a user gesture on the page. https://developer.chrome.com/blog/autoplay/#web_audio @ http://localhost:8820/assets/js/sfx.js:88
[  230818ms] [WARNING] The AudioContext was not allowed to start. It must be resumed (or created) after a user gesture on the page. https://developer.chrome.com/blog/autoplay/#web_audio @ http://localhost:8820/assets/js/sfx.js:29
[  230818ms] [WARNING] The AudioContext was not allowed to start. It must be resumed (or created) after a user gesture on the page. https://developer.chrome.com/blog/autoplay/#web_audio @ http://localhost:8820/assets/js/sfx.js:88
[  230818ms] [WARNING] The AudioContext was not allowed to start. It must be resumed (or created) after a user gesture on the page. https://developer.chrome.com/blog/autoplay/#web_audio @ http://localhost:8820/assets/js/sfx.js:29
[  230819ms] [WARNING] The AudioContext was not allowed to start. It must be resumed (or created) after a user gesture on the page. https://developer.chrome.com/blog/autoplay/#web_audio @ http://localhost:8820/assets/js/sfx.js:88
[  231166ms] [WARNING] The AudioContext was not allowed to start. It must be resumed (or created) after a user gesture on the page. https://developer.chrome.com/blog/autoplay/#web_audio @ http://localhost:8820/assets/js/sfx.js:29
[  231166ms] [WARNING] The AudioContext was not allowed to start. It must be resumed (or created) after a user gesture on the page. https://developer.chrome.com/blog/autoplay/#web_audio @ http://localhost:8820/assets/js/sfx.js:88
[  231499ms] [WARNING] The AudioContext was not allowed to start. It must be resumed (or created) after a user gesture on the page. https://developer.chrome.com/blog/autoplay/#web_audio @ http://localhost:8820/assets/js/sfx.js:29
[  231499ms] [WARNING] The AudioContext was not allowed to start. It must be resumed (or created) after a user gesture on the page. https://developer.chrome.com/blog/autoplay/#web_audio @ http://localhost:8820/assets/js/sfx.js:88
[  231499ms] [WARNING] The AudioContext was not allowed to start. It must be resumed (or created) after a user gesture on the page. https://developer.chrome.com/blog/autoplay/#web_audio @ http://localhost:8820/assets/js/sfx.js:29
[  231500ms] [WARNING] The AudioContext was not allowed to start. It must be resumed (or created) after a user gesture on the page. https://developer.chrome.com/blog/autoplay/#web_audio @ http://localhost:8820/assets/js/sfx.js:88
[  231842ms] [WARNING] The AudioContext was not allowed to start. It must be resumed (or created) after a user gesture on the page. https://developer.chrome.com/blog/autoplay/#web_audio @ http://localhost:8820/assets/js/sfx.js:29
[  231842ms] [WARNING] The AudioContext was not allowed to start. It must be resumed (or created) after a user gesture on the page. https://developer.chrome.com/blog/autoplay/#web_audio @ http://localhost:8820/assets/js/sfx.js:88
[  232326ms] [WARNING] The AudioContext was not allowed to start. It must be resumed (or created) after a user gesture on the page. https://developer.chrome.com/blog/autoplay/#web_audio @ http://localhost:8820/assets/js/sfx.js:253
[  232326ms] [WARNING] The AudioContext was not allowed to start. It must be resumed (or created) after a user gesture on the page. https://developer.chrome.com/blog/autoplay/#web_audio @ http://localhost:8820/assets/js/sfx.js:29
[  232326ms] [WARNING] The AudioContext was not allowed to start. It must be resumed (or created) after a user gesture on the page. https://developer.chrome.com/blog/autoplay/#web_audio @ http://localhost:8820/assets/js/sfx.js:29
[  232328ms] [WARNING] The AudioContext was not allowed to start. It must be resumed (or created) after a user gesture on the page. https://developer.chrome.com/blog/autoplay/#web_audio @ http://localhost:8820/assets/js/sfx.js:88
[  232329ms] [WARNING] The AudioContext was not allowed to start. It must be resumed (or created) after a user gesture on the page. https://developer.chrome.com/blog/autoplay/#web_audio @ http://localhost:8820/assets/js/sfx.js:29
[  232329ms] [WARNING] The AudioContext was not allowed to start. It must be resumed (or created) after a user gesture on the page. https://developer.chrome.com/blog/autoplay/#web_audio @ http://localhost:8820/assets/js/sfx.js:88
[  232329ms] [WARNING] The AudioContext was not allowed to start. It must be resumed (or created) after a user gesture on the page. https://developer.chrome.com/blog/autoplay/#web_audio @ http://localhost:8820/assets/js/sfx.js:29
[  232329ms] [WARNING] The AudioContext was not allowed to start. It must be resumed (or created) after a user gesture on the page. https://developer.chrome.com/blog/autoplay/#web_audio @ http://localhost:8820/assets/js/sfx.js:29
[  232331ms] [WARNING] The AudioContext was not allowed to start. It must be resumed (or created) after a user gesture on the page. https://developer.chrome.com/blog/autoplay/#web_audio @ http://localhost:8820/assets/js/sfx.js:88
[  232332ms] [WARNING] The AudioContext was not allowed to start. It must be resumed (or created) after a user gesture on the page. https://developer.chrome.com/blog/autoplay/#web_audio @ http://localhost:8820/assets/js/sfx.js:29
[  232332ms] [WARNING] The AudioContext was not allowed to start. It must be resumed (or created) after a user gesture on the page. https://developer.chrome.com/blog/autoplay/#web_audio @ http://localhost:8820/assets/js/sfx.js:88
[  232332ms] [WARNING] The AudioContext was not allowed to start. It must be resumed (or created) after a user gesture on the page. https://developer.chrome.com/blog/autoplay/#web_audio @ http://localhost:8820/assets/js/sfx.js:29
[  232332ms] [WARNING] The AudioContext was not allowed to start. It must be resumed (or created) after a user gesture on the page. https://developer.chrome.com/blog/autoplay/#web_audio @ http://localhost:8820/assets/js/sfx.js:88
[  232332ms] [WARNING] The AudioContext was not allowed to start. It must be resumed (or created) after a user gesture on the page. https://developer.chrome.com/blog/autoplay/#web_audio @ http://localhost:8820/assets/js/sfx.js:29
[  232332ms] [WARNING] The AudioContext was not allowed to start. It must be resumed (or created) after a user gesture on the page. https://developer.chrome.com/blog/autoplay/#web_audio @ http://localhost:8820/assets/js/sfx.js:88
[  232675ms] [WARNING] The AudioContext was not allowed to start. It must be resumed (or created) after a user gesture on the page. https://developer.chrome.com/blog/autoplay/#web_audio @ http://localhost:8820/assets/js/sfx.js:29
[  232676ms] [WARNING] The AudioContext was not allowed to start. It must be resumed (or created) after a user gesture on the page. https://developer.chrome.com/blog/autoplay/#web_audio @ http://localhost:8820/assets/js/sfx.js:88
[  233015ms] [WARNING] The AudioContext was not allowed to start. It must be resumed (or created) after a user gesture on the page. https://developer.chrome.com/blog/autoplay/#web_audio @ http://localhost:8820/assets/js/sfx.js:29
[  233016ms] [WARNING] The AudioContext was not allowed to start. It must be resumed (or created) after a user gesture on the page. https://developer.chrome.com/blog/autoplay/#web_audio @ http://localhost:8820/assets/js/sfx.js:88
[  233016ms] [WARNING] The AudioContext was not allowed to start. It must be resumed (or created) after a user gesture on the page. https://developer.chrome.com/blog/autoplay/#web_audio @ http://localhost:8820/assets/js/sfx.js:29
[  233016ms] [WARNING] The AudioContext was not allowed to start. It must be resumed (or created) after a user gesture on the page. https://developer.chrome.com/blog/autoplay/#web_audio @ http://localhost:8820/assets/js/sfx.js:88
[  233361ms] [WARNING] The AudioContext was not allowed to start. It must be resumed (or created) after a user gesture on the page. https://developer.chrome.com/blog/autoplay/#web_audio @ http://localhost:8820/assets/js/sfx.js:29
[  233362ms] [WARNING] The AudioContext was not allowed to start. It must be resumed (or created) after a user gesture on the page. https://developer.chrome.com/blog/autoplay/#web_audio @ http://localhost:8820/assets/js/sfx.js:88
[  233690ms] [WARNING] The AudioContext was not allowed to start. It must be resumed (or created) after a user gesture on the page. https://developer.chrome.com/blog/autoplay/#web_audio @ http://localhost:8820/assets/js/sfx.js:29
[  233690ms] [WARNING] The AudioContext was not allowed to start. It must be resumed (or created) after a user gesture on the page. https://developer.chrome.com/blog/autoplay/#web_audio @ http://localhost:8820/assets/js/sfx.js:88
[  233690ms] [WARNING] The AudioContext was not allowed to start. It must be resumed (or created) after a user gesture on the page. https://developer.chrome.com/blog/autoplay/#web_audio @ http://localhost:8820/assets/js/sfx.js:29
[  233691ms] [WARNING] The AudioContext was not allowed to start. It must be resumed (or created) after a user gesture on the page. https://developer.chrome.com/blog/autoplay/#web_audio @ http://localhost:8820/assets/js/sfx.js:88
[  233927ms] [WARNING] The AudioContext was not allowed to start. It must be resumed (or created) after a user gesture on the page. https://developer.chrome.com/blog/autoplay/#web_audio @ http://localhost:8820/assets/js/sfx.js:253
[  233927ms] [WARNING] The AudioContext was not allowed to start. It must be resumed (or created) after a user gesture on the page. https://developer.chrome.com/blog/autoplay/#web_audio @ http://localhost:8820/assets/js/sfx.js:29
[  233927ms] [WARNING] The AudioContext was not allowed to start. It must be resumed (or created) after a user gesture on the page. https://developer.chrome.com/blog/autoplay/#web_audio @ http://localhost:8820/assets/js/sfx.js:29
[  233930ms] [WARNING] The AudioContext was not allowed to start. It must be resumed (or created) after a user gesture on the page. https://developer.chrome.com/blog/autoplay/#web_audio @ http://localhost:8820/assets/js/sfx.js:88
[  233930ms] [WARNING] The AudioContext was not allowed to start. It must be resumed (or created) after a user gesture on the page. https://developer.chrome.com/blog/autoplay/#web_audio @ http://localhost:8820/assets/js/sfx.js:29
[  233930ms] [WARNING] The AudioContext was not allowed to start. It must be resumed (or created) after a user gesture on the page. https://developer.chrome.com/blog/autoplay/#web_audio @ http://localhost:8820/assets/js/sfx.js:88
[  233931ms] [WARNING] The AudioContext was not allowed to start. It must be resumed (or created) after a user gesture on the page. https://developer.chrome.com/blog/autoplay/#web_audio @ http://localhost:8820/assets/js/sfx.js:29
[  233931ms] [WARNING] The AudioContext was not allowed to start. It must be resumed (or created) after a user gesture on the page. https://developer.chrome.com/blog/autoplay/#web_audio @ http://localhost:8820/assets/js/sfx.js:29
[  233933ms] [WARNING] The AudioContext was not allowed to start. It must be resumed (or created) after a user gesture on the page. https://developer.chrome.com/blog/autoplay/#web_audio @ http://localhost:8820/assets/js/sfx.js:88
[  233933ms] [WARNING] The AudioContext was not allowed to start. It must be resumed (or created) after a user gesture on the page. https://developer.chrome.com/blog/autoplay/#web_audio @ http://localhost:8820/assets/js/sfx.js:29
[  233933ms] [WARNING] The AudioContext was not allowed to start. It must be resumed (or created) after a user gesture on the page. https://developer.chrome.com/blog/autoplay/#web_audio @ http://localhost:8820/assets/js/sfx.js:88
[  233933ms] [WARNING] The AudioContext was not allowed to start. It must be resumed (or created) after a user gesture on the page. https://developer.chrome.com/blog/autoplay/#web_audio @ http://localhost:8820/assets/js/sfx.js:29
[  233933ms] [WARNING] The AudioContext was not allowed to start. It must be resumed (or created) after a user gesture on the page. https://developer.chrome.com/blog/autoplay/#web_audio @ http://localhost:8820/assets/js/sfx.js:88
[  233933ms] [WARNING] The AudioContext was not allowed to start. It must be resumed (or created) after a user gesture on the page. https://developer.chrome.com/blog/autoplay/#web_audio @ http://localhost:8820/assets/js/sfx.js:29
[  233933ms] [WARNING] The AudioContext was not allowed to start. It must be resumed (or created) after a user gesture on the page. https://developer.chrome.com/blog/autoplay/#web_audio @ http://localhost:8820/assets/js/sfx.js:88
[  234280ms] [WARNING] The AudioContext was not allowed to start. It must be resumed (or created) after a user gesture on the page. https://developer.chrome.com/blog/autoplay/#web_audio @ http://localhost:8820/assets/js/sfx.js:29
[  234280ms] [WARNING] The AudioContext was not allowed to start. It must be resumed (or created) after a user gesture on the page. https://developer.chrome.com/blog/autoplay/#web_audio @ http://localhost:8820/assets/js/sfx.js:88
[  234613ms] [WARNING] The AudioContext was not allowed to start. It must be resumed (or created) after a user gesture on the page. https://developer.chrome.com/blog/autoplay/#web_audio @ http://localhost:8820/assets/js/sfx.js:29
[  234614ms] [WARNING] The AudioContext was not allowed to start. It must be resumed (or created) after a user gesture on the page. https://developer.chrome.com/blog/autoplay/#web_audio @ http://localhost:8820/assets/js/sfx.js:88
[  234614ms] [WARNING] The AudioContext was not allowed to start. It must be resumed (or created) after a user gesture on the page. https://developer.chrome.com/blog/autoplay/#web_audio @ http://localhost:8820/assets/js/sfx.js:29
[  234614ms] [WARNING] The AudioContext was not allowed to start. It must be resumed (or created) after a user gesture on the page. https://developer.chrome.com/blog/autoplay/#web_audio @ http://localhost:8820/assets/js/sfx.js:88
[  234963ms] [WARNING] The AudioContext was not allowed to start. It must be resumed (or created) after a user gesture on the page. https://developer.chrome.com/blog/autoplay/#web_audio @ http://localhost:8820/assets/js/sfx.js:29
[  234964ms] [WARNING] The AudioContext was not allowed to start. It must be resumed (or created) after a user gesture on the page. https://developer.chrome.com/blog/autoplay/#web_audio @ http://localhost:8820/assets/js/sfx.js:88
[  235291ms] [WARNING] The AudioContext was not allowed to start. It must be resumed (or created) after a user gesture on the page. https://developer.chrome.com/blog/autoplay/#web_audio @ http://localhost:8820/assets/js/sfx.js:29
[  235292ms] [WARNING] The AudioContext was not allowed to start. It must be resumed (or created) after a user gesture on the page. https://developer.chrome.com/blog/autoplay/#web_audio @ http://localhost:8820/assets/js/sfx.js:88
[  235292ms] [WARNING] The AudioContext was not allowed to start. It must be resumed (or created) after a user gesture on the page. https://developer.chrome.com/blog/autoplay/#web_audio @ http://localhost:8820/assets/js/sfx.js:29
[  235292ms] [WARNING] The AudioContext was not allowed to start. It must be resumed (or created) after a user gesture on the page. https://developer.chrome.com/blog/autoplay/#web_audio @ http://localhost:8820/assets/js/sfx.js:88
[  235487ms] [WARNING] The AudioContext was not allowed to start. It must be resumed (or created) after a user gesture on the page. https://developer.chrome.com/blog/autoplay/#web_audio @ http://localhost:8820/assets/js/sfx.js:253
[  235488ms] [WARNING] The AudioContext was not allowed to start. It must be resumed (or created) after a user gesture on the page. https://developer.chrome.com/blog/autoplay/#web_audio @ http://localhost:8820/assets/js/sfx.js:29
[  235488ms] [WARNING] The AudioContext was not allowed to start. It must be resumed (or created) after a user gesture on the page. https://developer.chrome.com/blog/autoplay/#web_audio @ http://localhost:8820/assets/js/sfx.js:29
[  235492ms] [WARNING] The AudioContext was not allowed to start. It must be resumed (or created) after a user gesture on the page. https://developer.chrome.com/blog/autoplay/#web_audio @ http://localhost:8820/assets/js/sfx.js:88
[  235492ms] [WARNING] The AudioContext was not allowed to start. It must be resumed (or created) after a user gesture on the page. https://developer.chrome.com/blog/autoplay/#web_audio @ http://localhost:8820/assets/js/sfx.js:29
[  235492ms] [WARNING] The AudioContext was not allowed to start. It must be resumed (or created) after a user gesture on the page. https://developer.chrome.com/blog/autoplay/#web_audio @ http://localhost:8820/assets/js/sfx.js:88
[  235492ms] [WARNING] The AudioContext was not allowed to start. It must be resumed (or created) after a user gesture on the page. https://developer.chrome.com/blog/autoplay/#web_audio @ http://localhost:8820/assets/js/sfx.js:29
[  235492ms] [WARNING] The AudioContext was not allowed to start. It must be resumed (or created) after a user gesture on the page. https://developer.chrome.com/blog/autoplay/#web_audio @ http://localhost:8820/assets/js/sfx.js:29
[  235493ms] [WARNING] The AudioContext was not allowed to start. It must be resumed (or created) after a user gesture on the page. https://developer.chrome.com/blog/autoplay/#web_audio @ http://localhost:8820/assets/js/sfx.js:88
[  235493ms] [WARNING] The AudioContext was not allowed to start. It must be resumed (or created) after a user gesture on the page. https://developer.chrome.com/blog/autoplay/#web_audio @ http://localhost:8820/assets/js/sfx.js:29
[  235494ms] [WARNING] The AudioContext was not allowed to start. It must be resumed (or created) after a user gesture on the page. https://developer.chrome.com/blog/autoplay/#web_audio @ http://localhost:8820/assets/js/sfx.js:88
[  235494ms] [WARNING] The AudioContext was not allowed to start. It must be resumed (or created) after a user gesture on the page. https://developer.chrome.com/blog/autoplay/#web_audio @ http://localhost:8820/assets/js/sfx.js:29
[  235494ms] [WARNING] The AudioContext was not allowed to start. It must be resumed (or created) after a user gesture on the page. https://developer.chrome.com/blog/autoplay/#web_audio @ http://localhost:8820/assets/js/sfx.js:88
[  235494ms] [WARNING] The AudioContext was not allowed to start. It must be resumed (or created) after a user gesture on the page. https://developer.chrome.com/blog/autoplay/#web_audio @ http://localhost:8820/assets/js/sfx.js:29
[  235494ms] [WARNING] The AudioContext was not allowed to start. It must be resumed (or created) after a user gesture on the page. https://developer.chrome.com/blog/autoplay/#web_audio @ http://localhost:8820/assets/js/sfx.js:88
[  235835ms] [WARNING] The AudioContext was not allowed to start. It must be resumed (or created) after a user gesture on the page. https://developer.chrome.com/blog/autoplay/#web_audio @ http://localhost:8820/assets/js/sfx.js:29
[  235835ms] [WARNING] The AudioContext was not allowed to start. It must be resumed (or created) after a user gesture on the page. https://developer.chrome.com/blog/autoplay/#web_audio @ http://localhost:8820/assets/js/sfx.js:88
[  236182ms] [WARNING] The AudioContext was not allowed to start. It must be resumed (or created) after a user gesture on the page. https://developer.chrome.com/blog/autoplay/#web_audio @ http://localhost:8820/assets/js/sfx.js:29
[  236182ms] [WARNING] The AudioContext was not allowed to start. It must be resumed (or created) after a user gesture on the page. https://developer.chrome.com/blog/autoplay/#web_audio @ http://localhost:8820/assets/js/sfx.js:88
[  236183ms] [WARNING] The AudioContext was not allowed to start. It must be resumed (or created) after a user gesture on the page. https://developer.chrome.com/blog/autoplay/#web_audio @ http://localhost:8820/assets/js/sfx.js:29
[  236183ms] [WARNING] The AudioContext was not allowed to start. It must be resumed (or created) after a user gesture on the page. https://developer.chrome.com/blog/autoplay/#web_audio @ http://localhost:8820/assets/js/sfx.js:88
[  236513ms] [WARNING] The AudioContext was not allowed to start. It must be resumed (or created) after a user gesture on the page. https://developer.chrome.com/blog/autoplay/#web_audio @ http://localhost:8820/assets/js/sfx.js:29
[  236513ms] [WARNING] The AudioContext was not allowed to start. It must be resumed (or created) after a user gesture on the page. https://developer.chrome.com/blog/autoplay/#web_audio @ http://localhost:8820/assets/js/sfx.js:88
[  237003ms] [WARNING] The AudioContext was not allowed to start. It must be resumed (or created) after a user gesture on the page. https://developer.chrome.com/blog/autoplay/#web_audio @ http://localhost:8820/assets/js/sfx.js:253
[  237004ms] [WARNING] The AudioContext was not allowed to start. It must be resumed (or created) after a user gesture on the page. https://developer.chrome.com/blog/autoplay/#web_audio @ http://localhost:8820/assets/js/sfx.js:29
[  237004ms] [WARNING] The AudioContext was not allowed to start. It must be resumed (or created) after a user gesture on the page. https://developer.chrome.com/blog/autoplay/#web_audio @ http://localhost:8820/assets/js/sfx.js:29
[  237008ms] [WARNING] The AudioContext was not allowed to start. It must be resumed (or created) after a user gesture on the page. https://developer.chrome.com/blog/autoplay/#web_audio @ http://localhost:8820/assets/js/sfx.js:88
[  237008ms] [WARNING] The AudioContext was not allowed to start. It must be resumed (or created) after a user gesture on the page. https://developer.chrome.com/blog/autoplay/#web_audio @ http://localhost:8820/assets/js/sfx.js:29
[  237009ms] [WARNING] The AudioContext was not allowed to start. It must be resumed (or created) after a user gesture on the page. https://developer.chrome.com/blog/autoplay/#web_audio @ http://localhost:8820/assets/js/sfx.js:88
[  237009ms] [WARNING] The AudioContext was not allowed to start. It must be resumed (or created) after a user gesture on the page. https://developer.chrome.com/blog/autoplay/#web_audio @ http://localhost:8820/assets/js/sfx.js:29
[  237010ms] [WARNING] The AudioContext was not allowed to start. It must be resumed (or created) after a user gesture on the page. https://developer.chrome.com/blog/autoplay/#web_audio @ http://localhost:8820/assets/js/sfx.js:29
[  237013ms] [WARNING] The AudioContext was not allowed to start. It must be resumed (or created) after a user gesture on the page. https://developer.chrome.com/blog/autoplay/#web_audio @ http://localhost:8820/assets/js/sfx.js:88
[  237013ms] [WARNING] The AudioContext was not allowed to start. It must be resumed (or created) after a user gesture on the page. https://developer.chrome.com/blog/autoplay/#web_audio @ http://localhost:8820/assets/js/sfx.js:29
[  237013ms] [WARNING] The AudioContext was not allowed to start. It must be resumed (or created) after a user gesture on the page. https://developer.chrome.com/blog/autoplay/#web_audio @ http://localhost:8820/assets/js/sfx.js:88
[  237013ms] [WARNING] The AudioContext was not allowed to start. It must be resumed (or created) after a user gesture on the page. https://developer.chrome.com/blog/autoplay/#web_audio @ http://localhost:8820/assets/js/sfx.js:29
[  237014ms] [WARNING] The AudioContext was not allowed to start. It must be resumed (or created) after a user gesture on the page. https://developer.chrome.com/blog/autoplay/#web_audio @ http://localhost:8820/assets/js/sfx.js:88
[  237014ms] [WARNING] The AudioContext was not allowed to start. It must be resumed (or created) after a user gesture on the page. https://developer.chrome.com/blog/autoplay/#web_audio @ http://localhost:8820/assets/js/sfx.js:29
[  237014ms] [WARNING] The AudioContext was not allowed to start. It must be resumed (or created) after a user gesture on the page. https://developer.chrome.com/blog/autoplay/#web_audio @ http://localhost:8820/assets/js/sfx.js:88
[  237364ms] [WARNING] The AudioContext was not allowed to start. It must be resumed (or created) after a user gesture on the page. https://developer.chrome.com/blog/autoplay/#web_audio @ http://localhost:8820/assets/js/sfx.js:29
[  237364ms] [WARNING] The AudioContext was not allowed to start. It must be resumed (or created) after a user gesture on the page. https://developer.chrome.com/blog/autoplay/#web_audio @ http://localhost:8820/assets/js/sfx.js:88
[  237697ms] [WARNING] The AudioContext was not allowed to start. It must be resumed (or created) after a user gesture on the page. https://developer.chrome.com/blog/autoplay/#web_audio @ http://localhost:8820/assets/js/sfx.js:29
[  237697ms] [WARNING] The AudioContext was not allowed to start. It must be resumed (or created) after a user gesture on the page. https://developer.chrome.com/blog/autoplay/#web_audio @ http://localhost:8820/assets/js/sfx.js:88
[  237697ms] [WARNING] The AudioContext was not allowed to start. It must be resumed (or created) after a user gesture on the page. https://developer.chrome.com/blog/autoplay/#web_audio @ http://localhost:8820/assets/js/sfx.js:29
[  237697ms] [WARNING] The AudioContext was not allowed to start. It must be resumed (or created) after a user gesture on the page. https://developer.chrome.com/blog/autoplay/#web_audio @ http://localhost:8820/assets/js/sfx.js:88
[  238030ms] [WARNING] The AudioContext was not allowed to start. It must be resumed (or created) after a user gesture on the page. https://developer.chrome.com/blog/autoplay/#web_audio @ http://localhost:8820/assets/js/sfx.js:29
[  238030ms] [WARNING] The AudioContext was not allowed to start. It must be resumed (or created) after a user gesture on the page. https://developer.chrome.com/blog/autoplay/#web_audio @ http://localhost:8820/assets/js/sfx.js:88
[  238527ms] [WARNING] The AudioContext was not allowed to start. It must be resumed (or created) after a user gesture on the page. https://developer.chrome.com/blog/autoplay/#web_audio @ http://localhost:8820/assets/js/sfx.js:253
[  238527ms] [WARNING] The AudioContext was not allowed to start. It must be resumed (or created) after a user gesture on the page. https://developer.chrome.com/blog/autoplay/#web_audio @ http://localhost:8820/assets/js/sfx.js:29
[  238527ms] [WARNING] The AudioContext was not allowed to start. It must be resumed (or created) after a user gesture on the page. https://developer.chrome.com/blog/autoplay/#web_audio @ http://localhost:8820/assets/js/sfx.js:29
[  238531ms] [WARNING] The AudioContext was not allowed to start. It must be resumed (or created) after a user gesture on the page. https://developer.chrome.com/blog/autoplay/#web_audio @ http://localhost:8820/assets/js/sfx.js:88
[  238531ms] [WARNING] The AudioContext was not allowed to start. It must be resumed (or created) after a user gesture on the page. https://developer.chrome.com/blog/autoplay/#web_audio @ http://localhost:8820/assets/js/sfx.js:29
[  238531ms] [WARNING] The AudioContext was not allowed to start. It must be resumed (or created) after a user gesture on the page. https://developer.chrome.com/blog/autoplay/#web_audio @ http://localhost:8820/assets/js/sfx.js:88
[  238532ms] [WARNING] The AudioContext was not allowed to start. It must be resumed (or created) after a user gesture on the page. https://developer.chrome.com/blog/autoplay/#web_audio @ http://localhost:8820/assets/js/sfx.js:29
[  238532ms] [WARNING] The AudioContext was not allowed to start. It must be resumed (or created) after a user gesture on the page. https://developer.chrome.com/blog/autoplay/#web_audio @ http://localhost:8820/assets/js/sfx.js:29
[  238536ms] [WARNING] The AudioContext was not allowed to start. It must be resumed (or created) after a user gesture on the page. https://developer.chrome.com/blog/autoplay/#web_audio @ http://localhost:8820/assets/js/sfx.js:88
[  238536ms] [WARNING] The AudioContext was not allowed to start. It must be resumed (or created) after a user gesture on the page. https://developer.chrome.com/blog/autoplay/#web_audio @ http://localhost:8820/assets/js/sfx.js:29
[  238536ms] [WARNING] The AudioContext was not allowed to start. It must be resumed (or created) after a user gesture on the page. https://developer.chrome.com/blog/autoplay/#web_audio @ http://localhost:8820/assets/js/sfx.js:88
[  238536ms] [WARNING] The AudioContext was not allowed to start. It must be resumed (or created) after a user gesture on the page. https://developer.chrome.com/blog/autoplay/#web_audio @ http://localhost:8820/assets/js/sfx.js:29
[  238536ms] [WARNING] The AudioContext was not allowed to start. It must be resumed (or created) after a user gesture on the page. https://developer.chrome.com/blog/autoplay/#web_audio @ http://localhost:8820/assets/js/sfx.js:88
[  238536ms] [WARNING] The AudioContext was not allowed to start. It must be resumed (or created) after a user gesture on the page. https://developer.chrome.com/blog/autoplay/#web_audio @ http://localhost:8820/assets/js/sfx.js:29
[  238536ms] [WARNING] The AudioContext was not allowed to start. It must be resumed (or created) after a user gesture on the page. https://developer.chrome.com/blog/autoplay/#web_audio @ http://localhost:8820/assets/js/sfx.js:88
[  238876ms] [WARNING] The AudioContext was not allowed to start. It must be resumed (or created) after a user gesture on the page. https://developer.chrome.com/blog/autoplay/#web_audio @ http://localhost:8820/assets/js/sfx.js:29
[  238876ms] [WARNING] The AudioContext was not allowed to start. It must be resumed (or created) after a user gesture on the page. https://developer.chrome.com/blog/autoplay/#web_audio @ http://localhost:8820/assets/js/sfx.js:88
[  239212ms] [WARNING] The AudioContext was not allowed to start. It must be resumed (or created) after a user gesture on the page. https://developer.chrome.com/blog/autoplay/#web_audio @ http://localhost:8820/assets/js/sfx.js:29
[  239213ms] [WARNING] The AudioContext was not allowed to start. It must be resumed (or created) after a user gesture on the page. https://developer.chrome.com/blog/autoplay/#web_audio @ http://localhost:8820/assets/js/sfx.js:88
[  239213ms] [WARNING] The AudioContext was not allowed to start. It must be resumed (or created) after a user gesture on the page. https://developer.chrome.com/blog/autoplay/#web_audio @ http://localhost:8820/assets/js/sfx.js:29
[  239213ms] [WARNING] The AudioContext was not allowed to start. It must be resumed (or created) after a user gesture on the page. https://developer.chrome.com/blog/autoplay/#web_audio @ http://localhost:8820/assets/js/sfx.js:88
[  239563ms] [WARNING] The AudioContext was not allowed to start. It must be resumed (or created) after a user gesture on the page. https://developer.chrome.com/blog/autoplay/#web_audio @ http://localhost:8820/assets/js/sfx.js:29
[  239563ms] [WARNING] The AudioContext was not allowed to start. It must be resumed (or created) after a user gesture on the page. https://developer.chrome.com/blog/autoplay/#web_audio @ http://localhost:8820/assets/js/sfx.js:88
[  240030ms] [WARNING] The AudioContext was not allowed to start. It must be resumed (or created) after a user gesture on the page. https://developer.chrome.com/blog/autoplay/#web_audio @ http://localhost:8820/assets/js/sfx.js:253
[  240030ms] [WARNING] The AudioContext was not allowed to start. It must be resumed (or created) after a user gesture on the page. https://developer.chrome.com/blog/autoplay/#web_audio @ http://localhost:8820/assets/js/sfx.js:29
[  240030ms] [WARNING] The AudioContext was not allowed to start. It must be resumed (or created) after a user gesture on the page. https://developer.chrome.com/blog/autoplay/#web_audio @ http://localhost:8820/assets/js/sfx.js:29
[  240035ms] [WARNING] The AudioContext was not allowed to start. It must be resumed (or created) after a user gesture on the page. https://developer.chrome.com/blog/autoplay/#web_audio @ http://localhost:8820/assets/js/sfx.js:88
[  240035ms] [WARNING] The AudioContext was not allowed to start. It must be resumed (or created) after a user gesture on the page. https://developer.chrome.com/blog/autoplay/#web_audio @ http://localhost:8820/assets/js/sfx.js:29
[  240037ms] [WARNING] The AudioContext was not allowed to start. It must be resumed (or created) after a user gesture on the page. https://developer.chrome.com/blog/autoplay/#web_audio @ http://localhost:8820/assets/js/sfx.js:88
[  240038ms] [WARNING] The AudioContext was not allowed to start. It must be resumed (or created) after a user gesture on the page. https://developer.chrome.com/blog/autoplay/#web_audio @ http://localhost:8820/assets/js/sfx.js:29
[  240038ms] [WARNING] The AudioContext was not allowed to start. It must be resumed (or created) after a user gesture on the page. https://developer.chrome.com/blog/autoplay/#web_audio @ http://localhost:8820/assets/js/sfx.js:29
[  240038ms] [WARNING] The AudioContext was not allowed to start. It must be resumed (or created) after a user gesture on the page. https://developer.chrome.com/blog/autoplay/#web_audio @ http://localhost:8820/assets/js/sfx.js:88
[  240039ms] [WARNING] The AudioContext was not allowed to start. It must be resumed (or created) after a user gesture on the page. https://developer.chrome.com/blog/autoplay/#web_audio @ http://localhost:8820/assets/js/sfx.js:29
[  240039ms] [WARNING] The AudioContext was not allowed to start. It must be resumed (or created) after a user gesture on the page. https://developer.chrome.com/blog/autoplay/#web_audio @ http://localhost:8820/assets/js/sfx.js:88
[  240039ms] [WARNING] The AudioContext was not allowed to start. It must be resumed (or created) after a user gesture on the page. https://developer.chrome.com/blog/autoplay/#web_audio @ http://localhost:8820/assets/js/sfx.js:29
[  240039ms] [WARNING] The AudioContext was not allowed to start. It must be resumed (or created) after a user gesture on the page. https://developer.chrome.com/blog/autoplay/#web_audio @ http://localhost:8820/assets/js/sfx.js:88
[  240039ms] [WARNING] The AudioContext was not allowed to start. It must be resumed (or created) after a user gesture on the page. https://developer.chrome.com/blog/autoplay/#web_audio @ http://localhost:8820/assets/js/sfx.js:29
[  240039ms] [WARNING] The AudioContext was not allowed to start. It must be resumed (or created) after a user gesture on the page. https://developer.chrome.com/blog/autoplay/#web_audio @ http://localhost:8820/assets/js/sfx.js:88
[  240331ms] [WARNING] The AudioContext was not allowed to start. It must be resumed (or created) after a user gesture on the page. https://developer.chrome.com/blog/autoplay/#web_audio @ http://localhost:8820/assets/js/sfx.js:29
[  240332ms] [WARNING] The AudioContext was not allowed to start. It must be resumed (or created) after a user gesture on the page. https://developer.chrome.com/blog/autoplay/#web_audio @ http://localhost:8820/assets/js/sfx.js:88
[  240622ms] [WARNING] The AudioContext was not allowed to start. It must be resumed (or created) after a user gesture on the page. https://developer.chrome.com/blog/autoplay/#web_audio @ http://localhost:8820/assets/js/sfx.js:29
[  240623ms] [WARNING] The AudioContext was not allowed to start. It must be resumed (or created) after a user gesture on the page. https://developer.chrome.com/blog/autoplay/#web_audio @ http://localhost:8820/assets/js/sfx.js:88
[  240623ms] [WARNING] The AudioContext was not allowed to start. It must be resumed (or created) after a user gesture on the page. https://developer.chrome.com/blog/autoplay/#web_audio @ http://localhost:8820/assets/js/sfx.js:29
[  240623ms] [WARNING] The AudioContext was not allowed to start. It must be resumed (or created) after a user gesture on the page. https://developer.chrome.com/blog/autoplay/#web_audio @ http://localhost:8820/assets/js/sfx.js:88
[  240912ms] [WARNING] The AudioContext was not allowed to start. It must be resumed (or created) after a user gesture on the page. https://developer.chrome.com/blog/autoplay/#web_audio @ http://localhost:8820/assets/js/sfx.js:29
[  240913ms] [WARNING] The AudioContext was not allowed to start. It must be resumed (or created) after a user gesture on the page. https://developer.chrome.com/blog/autoplay/#web_audio @ http://localhost:8820/assets/js/sfx.js:88
[  241196ms] [WARNING] The AudioContext was not allowed to start. It must be resumed (or created) after a user gesture on the page. https://developer.chrome.com/blog/autoplay/#web_audio @ http://localhost:8820/assets/js/sfx.js:29
[  241196ms] [WARNING] The AudioContext was not allowed to start. It must be resumed (or created) after a user gesture on the page. https://developer.chrome.com/blog/autoplay/#web_audio @ http://localhost:8820/assets/js/sfx.js:88
[  241197ms] [WARNING] The AudioContext was not allowed to start. It must be resumed (or created) after a user gesture on the page. https://developer.chrome.com/blog/autoplay/#web_audio @ http://localhost:8820/assets/js/sfx.js:29
[  241197ms] [WARNING] The AudioContext was not allowed to start. It must be resumed (or created) after a user gesture on the page. https://developer.chrome.com/blog/autoplay/#web_audio @ http://localhost:8820/assets/js/sfx.js:88
[  241570ms] [WARNING] The AudioContext was not allowed to start. It must be resumed (or created) after a user gesture on the page. https://developer.chrome.com/blog/autoplay/#web_audio @ http://localhost:8820/assets/js/sfx.js:253
[  241570ms] [WARNING] The AudioContext was not allowed to start. It must be resumed (or created) after a user gesture on the page. https://developer.chrome.com/blog/autoplay/#web_audio @ http://localhost:8820/assets/js/sfx.js:29
[  241570ms] [WARNING] The AudioContext was not allowed to start. It must be resumed (or created) after a user gesture on the page. https://developer.chrome.com/blog/autoplay/#web_audio @ http://localhost:8820/assets/js/sfx.js:29
[  241574ms] [WARNING] The AudioContext was not allowed to start. It must be resumed (or created) after a user gesture on the page. https://developer.chrome.com/blog/autoplay/#web_audio @ http://localhost:8820/assets/js/sfx.js:88
[  241575ms] [WARNING] The AudioContext was not allowed to start. It must be resumed (or created) after a user gesture on the page. https://developer.chrome.com/blog/autoplay/#web_audio @ http://localhost:8820/assets/js/sfx.js:29
[  241575ms] [WARNING] The AudioContext was not allowed to start. It must be resumed (or created) after a user gesture on the page. https://developer.chrome.com/blog/autoplay/#web_audio @ http://localhost:8820/assets/js/sfx.js:88
[  241575ms] [WARNING] The AudioContext was not allowed to start. It must be resumed (or created) after a user gesture on the page. https://developer.chrome.com/blog/autoplay/#web_audio @ http://localhost:8820/assets/js/sfx.js:29
[  241575ms] [WARNING] The AudioContext was not allowed to start. It must be resumed (or created) after a user gesture on the page. https://developer.chrome.com/blog/autoplay/#web_audio @ http://localhost:8820/assets/js/sfx.js:29
[  241577ms] [WARNING] The AudioContext was not allowed to start. It must be resumed (or created) after a user gesture on the page. https://developer.chrome.com/blog/autoplay/#web_audio @ http://localhost:8820/assets/js/sfx.js:88
[  241577ms] [WARNING] The AudioContext was not allowed to start. It must be resumed (or created) after a user gesture on the page. https://developer.chrome.com/blog/autoplay/#web_audio @ http://localhost:8820/assets/js/sfx.js:29
[  241577ms] [WARNING] The AudioContext was not allowed to start. It must be resumed (or created) after a user gesture on the page. https://developer.chrome.com/blog/autoplay/#web_audio @ http://localhost:8820/assets/js/sfx.js:88
[  241577ms] [WARNING] The AudioContext was not allowed to start. It must be resumed (or created) after a user gesture on the page. https://developer.chrome.com/blog/autoplay/#web_audio @ http://localhost:8820/assets/js/sfx.js:29
[  241577ms] [WARNING] The AudioContext was not allowed to start. It must be resumed (or created) after a user gesture on the page. https://developer.chrome.com/blog/autoplay/#web_audio @ http://localhost:8820/assets/js/sfx.js:88
[  241577ms] [WARNING] The AudioContext was not allowed to start. It must be resumed (or created) after a user gesture on the page. https://developer.chrome.com/blog/autoplay/#web_audio @ http://localhost:8820/assets/js/sfx.js:29
[  241577ms] [WARNING] The AudioContext was not allowed to start. It must be resumed (or created) after a user gesture on the page. https://developer.chrome.com/blog/autoplay/#web_audio @ http://localhost:8820/assets/js/sfx.js:88
[  241928ms] [WARNING] The AudioContext was not allowed to start. It must be resumed (or created) after a user gesture on the page. https://developer.chrome.com/blog/autoplay/#web_audio @ http://localhost:8820/assets/js/sfx.js:29
[  241928ms] [WARNING] The AudioContext was not allowed to start. It must be resumed (or created) after a user gesture on the page. https://developer.chrome.com/blog/autoplay/#web_audio @ http://localhost:8820/assets/js/sfx.js:88
[  242263ms] [WARNING] The AudioContext was not allowed to start. It must be resumed (or created) after a user gesture on the page. https://developer.chrome.com/blog/autoplay/#web_audio @ http://localhost:8820/assets/js/sfx.js:29
[  242264ms] [WARNING] The AudioContext was not allowed to start. It must be resumed (or created) after a user gesture on the page. https://developer.chrome.com/blog/autoplay/#web_audio @ http://localhost:8820/assets/js/sfx.js:88
[  242264ms] [WARNING] The AudioContext was not allowed to start. It must be resumed (or created) after a user gesture on the page. https://developer.chrome.com/blog/autoplay/#web_audio @ http://localhost:8820/assets/js/sfx.js:29
[  242264ms] [WARNING] The AudioContext was not allowed to start. It must be resumed (or created) after a user gesture on the page. https://developer.chrome.com/blog/autoplay/#web_audio @ http://localhost:8820/assets/js/sfx.js:88
[  242596ms] [WARNING] The AudioContext was not allowed to start. It must be resumed (or created) after a user gesture on the page. https://developer.chrome.com/blog/autoplay/#web_audio @ http://localhost:8820/assets/js/sfx.js:29
[  242597ms] [WARNING] The AudioContext was not allowed to start. It must be resumed (or created) after a user gesture on the page. https://developer.chrome.com/blog/autoplay/#web_audio @ http://localhost:8820/assets/js/sfx.js:88
[  243056ms] [WARNING] The AudioContext was not allowed to start. It must be resumed (or created) after a user gesture on the page. https://developer.chrome.com/blog/autoplay/#web_audio @ http://localhost:8820/assets/js/sfx.js:253
[  243056ms] [WARNING] The AudioContext was not allowed to start. It must be resumed (or created) after a user gesture on the page. https://developer.chrome.com/blog/autoplay/#web_audio @ http://localhost:8820/assets/js/sfx.js:29
[  243056ms] [WARNING] The AudioContext was not allowed to start. It must be resumed (or created) after a user gesture on the page. https://developer.chrome.com/blog/autoplay/#web_audio @ http://localhost:8820/assets/js/sfx.js:29
[  243060ms] [WARNING] The AudioContext was not allowed to start. It must be resumed (or created) after a user gesture on the page. https://developer.chrome.com/blog/autoplay/#web_audio @ http://localhost:8820/assets/js/sfx.js:88
[  243060ms] [WARNING] The AudioContext was not allowed to start. It must be resumed (or created) after a user gesture on the page. https://developer.chrome.com/blog/autoplay/#web_audio @ http://localhost:8820/assets/js/sfx.js:29
[  243061ms] [WARNING] The AudioContext was not allowed to start. It must be resumed (or created) after a user gesture on the page. https://developer.chrome.com/blog/autoplay/#web_audio @ http://localhost:8820/assets/js/sfx.js:88
[  243061ms] [WARNING] The AudioContext was not allowed to start. It must be resumed (or created) after a user gesture on the page. https://developer.chrome.com/blog/autoplay/#web_audio @ http://localhost:8820/assets/js/sfx.js:29
[  243061ms] [WARNING] The AudioContext was not allowed to start. It must be resumed (or created) after a user gesture on the page. https://developer.chrome.com/blog/autoplay/#web_audio @ http://localhost:8820/assets/js/sfx.js:29
[  243064ms] [WARNING] The AudioContext was not allowed to start. It must be resumed (or created) after a user gesture on the page. https://developer.chrome.com/blog/autoplay/#web_audio @ http://localhost:8820/assets/js/sfx.js:88
[  243064ms] [WARNING] The AudioContext was not allowed to start. It must be resumed (or created) after a user gesture on the page. https://developer.chrome.com/blog/autoplay/#web_audio @ http://localhost:8820/assets/js/sfx.js:29
[  243064ms] [WARNING] The AudioContext was not allowed to start. It must be resumed (or created) after a user gesture on the page. https://developer.chrome.com/blog/autoplay/#web_audio @ http://localhost:8820/assets/js/sfx.js:88
[  243064ms] [WARNING] The AudioContext was not allowed to start. It must be resumed (or created) after a user gesture on the page. https://developer.chrome.com/blog/autoplay/#web_audio @ http://localhost:8820/assets/js/sfx.js:29
[  243065ms] [WARNING] The AudioContext was not allowed to start. It must be resumed (or created) after a user gesture on the page. https://developer.chrome.com/blog/autoplay/#web_audio @ http://localhost:8820/assets/js/sfx.js:88
[  243065ms] [WARNING] The AudioContext was not allowed to start. It must be resumed (or created) after a user gesture on the page. https://developer.chrome.com/blog/autoplay/#web_audio @ http://localhost:8820/assets/js/sfx.js:29
[  243065ms] [WARNING] The AudioContext was not allowed to start. It must be resumed (or created) after a user gesture on the page. https://developer.chrome.com/blog/autoplay/#web_audio @ http://localhost:8820/assets/js/sfx.js:88
[  243409ms] [WARNING] The AudioContext was not allowed to start. It must be resumed (or created) after a user gesture on the page. https://developer.chrome.com/blog/autoplay/#web_audio @ http://localhost:8820/assets/js/sfx.js:29
[  243410ms] [WARNING] The AudioContext was not allowed to start. It must be resumed (or created) after a user gesture on the page. https://developer.chrome.com/blog/autoplay/#web_audio @ http://localhost:8820/assets/js/sfx.js:88
[  243745ms] [WARNING] The AudioContext was not allowed to start. It must be resumed (or created) after a user gesture on the page. https://developer.chrome.com/blog/autoplay/#web_audio @ http://localhost:8820/assets/js/sfx.js:29
[  243746ms] [WARNING] The AudioContext was not allowed to start. It must be resumed (or created) after a user gesture on the page. https://developer.chrome.com/blog/autoplay/#web_audio @ http://localhost:8820/assets/js/sfx.js:88
[  243746ms] [WARNING] The AudioContext was not allowed to start. It must be resumed (or created) after a user gesture on the page. https://developer.chrome.com/blog/autoplay/#web_audio @ http://localhost:8820/assets/js/sfx.js:29
[  243746ms] [WARNING] The AudioContext was not allowed to start. It must be resumed (or created) after a user gesture on the page. https://developer.chrome.com/blog/autoplay/#web_audio @ http://localhost:8820/assets/js/sfx.js:88
[  244095ms] [WARNING] The AudioContext was not allowed to start. It must be resumed (or created) after a user gesture on the page. https://developer.chrome.com/blog/autoplay/#web_audio @ http://localhost:8820/assets/js/sfx.js:29
[  244095ms] [WARNING] The AudioContext was not allowed to start. It must be resumed (or created) after a user gesture on the page. https://developer.chrome.com/blog/autoplay/#web_audio @ http://localhost:8820/assets/js/sfx.js:88
[  244583ms] [WARNING] The AudioContext was not allowed to start. It must be resumed (or created) after a user gesture on the page. https://developer.chrome.com/blog/autoplay/#web_audio @ http://localhost:8820/assets/js/sfx.js:253
[  244583ms] [WARNING] The AudioContext was not allowed to start. It must be resumed (or created) after a user gesture on the page. https://developer.chrome.com/blog/autoplay/#web_audio @ http://localhost:8820/assets/js/sfx.js:29
[  244583ms] [WARNING] The AudioContext was not allowed to start. It must be resumed (or created) after a user gesture on the page. https://developer.chrome.com/blog/autoplay/#web_audio @ http://localhost:8820/assets/js/sfx.js:29
[  244588ms] [WARNING] The AudioContext was not allowed to start. It must be resumed (or created) after a user gesture on the page. https://developer.chrome.com/blog/autoplay/#web_audio @ http://localhost:8820/assets/js/sfx.js:88
[  244588ms] [WARNING] The AudioContext was not allowed to start. It must be resumed (or created) after a user gesture on the page. https://developer.chrome.com/blog/autoplay/#web_audio @ http://localhost:8820/assets/js/sfx.js:29
[  244588ms] [WARNING] The AudioContext was not allowed to start. It must be resumed (or created) after a user gesture on the page. https://developer.chrome.com/blog/autoplay/#web_audio @ http://localhost:8820/assets/js/sfx.js:88
[  244589ms] [WARNING] The AudioContext was not allowed to start. It must be resumed (or created) after a user gesture on the page. https://developer.chrome.com/blog/autoplay/#web_audio @ http://localhost:8820/assets/js/sfx.js:29
[  244589ms] [WARNING] The AudioContext was not allowed to start. It must be resumed (or created) after a user gesture on the page. https://developer.chrome.com/blog/autoplay/#web_audio @ http://localhost:8820/assets/js/sfx.js:29
[  244590ms] [WARNING] The AudioContext was not allowed to start. It must be resumed (or created) after a user gesture on the page. https://developer.chrome.com/blog/autoplay/#web_audio @ http://localhost:8820/assets/js/sfx.js:88
[  244590ms] [WARNING] The AudioContext was not allowed to start. It must be resumed (or created) after a user gesture on the page. https://developer.chrome.com/blog/autoplay/#web_audio @ http://localhost:8820/assets/js/sfx.js:29
[  244590ms] [WARNING] The AudioContext was not allowed to start. It must be resumed (or created) after a user gesture on the page. https://developer.chrome.com/blog/autoplay/#web_audio @ http://localhost:8820/assets/js/sfx.js:88
[  244590ms] [WARNING] The AudioContext was not allowed to start. It must be resumed (or created) after a user gesture on the page. https://developer.chrome.com/blog/autoplay/#web_audio @ http://localhost:8820/assets/js/sfx.js:29
[  244590ms] [WARNING] The AudioContext was not allowed to start. It must be resumed (or created) after a user gesture on the page. https://developer.chrome.com/blog/autoplay/#web_audio @ http://localhost:8820/assets/js/sfx.js:88
[  244590ms] [WARNING] The AudioContext was not allowed to start. It must be resumed (or created) after a user gesture on the page. https://developer.chrome.com/blog/autoplay/#web_audio @ http://localhost:8820/assets/js/sfx.js:29
[  244590ms] [WARNING] The AudioContext was not allowed to start. It must be resumed (or created) after a user gesture on the page. https://developer.chrome.com/blog/autoplay/#web_audio @ http://localhost:8820/assets/js/sfx.js:88
[  244930ms] [WARNING] The AudioContext was not allowed to start. It must be resumed (or created) after a user gesture on the page. https://developer.chrome.com/blog/autoplay/#web_audio @ http://localhost:8820/assets/js/sfx.js:29
[  244930ms] [WARNING] The AudioContext was not allowed to start. It must be resumed (or created) after a user gesture on the page. https://developer.chrome.com/blog/autoplay/#web_audio @ http://localhost:8820/assets/js/sfx.js:88
[  245280ms] [WARNING] The AudioContext was not allowed to start. It must be resumed (or created) after a user gesture on the page. https://developer.chrome.com/blog/autoplay/#web_audio @ http://localhost:8820/assets/js/sfx.js:29
[  245280ms] [WARNING] The AudioContext was not allowed to start. It must be resumed (or created) after a user gesture on the page. https://developer.chrome.com/blog/autoplay/#web_audio @ http://localhost:8820/assets/js/sfx.js:88
[  245280ms] [WARNING] The AudioContext was not allowed to start. It must be resumed (or created) after a user gesture on the page. https://developer.chrome.com/blog/autoplay/#web_audio @ http://localhost:8820/assets/js/sfx.js:29
[  245280ms] [WARNING] The AudioContext was not allowed to start. It must be resumed (or created) after a user gesture on the page. https://developer.chrome.com/blog/autoplay/#web_audio @ http://localhost:8820/assets/js/sfx.js:88
[  245614ms] [WARNING] The AudioContext was not allowed to start. It must be resumed (or created) after a user gesture on the page. https://developer.chrome.com/blog/autoplay/#web_audio @ http://localhost:8820/assets/js/sfx.js:29
[  245614ms] [WARNING] The AudioContext was not allowed to start. It must be resumed (or created) after a user gesture on the page. https://developer.chrome.com/blog/autoplay/#web_audio @ http://localhost:8820/assets/js/sfx.js:88
[  246055ms] [WARNING] The AudioContext was not allowed to start. It must be resumed (or created) after a user gesture on the page. https://developer.chrome.com/blog/autoplay/#web_audio @ http://localhost:8820/assets/js/sfx.js:253
[  246055ms] [WARNING] The AudioContext was not allowed to start. It must be resumed (or created) after a user gesture on the page. https://developer.chrome.com/blog/autoplay/#web_audio @ http://localhost:8820/assets/js/sfx.js:29
[  246055ms] [WARNING] The AudioContext was not allowed to start. It must be resumed (or created) after a user gesture on the page. https://developer.chrome.com/blog/autoplay/#web_audio @ http://localhost:8820/assets/js/sfx.js:29
[  246060ms] [WARNING] The AudioContext was not allowed to start. It must be resumed (or created) after a user gesture on the page. https://developer.chrome.com/blog/autoplay/#web_audio @ http://localhost:8820/assets/js/sfx.js:88
[  246060ms] [WARNING] The AudioContext was not allowed to start. It must be resumed (or created) after a user gesture on the page. https://developer.chrome.com/blog/autoplay/#web_audio @ http://localhost:8820/assets/js/sfx.js:29
[  246060ms] [WARNING] The AudioContext was not allowed to start. It must be resumed (or created) after a user gesture on the page. https://developer.chrome.com/blog/autoplay/#web_audio @ http://localhost:8820/assets/js/sfx.js:88
[  246060ms] [WARNING] The AudioContext was not allowed to start. It must be resumed (or created) after a user gesture on the page. https://developer.chrome.com/blog/autoplay/#web_audio @ http://localhost:8820/assets/js/sfx.js:29
[  246060ms] [WARNING] The AudioContext was not allowed to start. It must be resumed (or created) after a user gesture on the page. https://developer.chrome.com/blog/autoplay/#web_audio @ http://localhost:8820/assets/js/sfx.js:29
[  246062ms] [WARNING] The AudioContext was not allowed to start. It must be resumed (or created) after a user gesture on the page. https://developer.chrome.com/blog/autoplay/#web_audio @ http://localhost:8820/assets/js/sfx.js:88
[  246062ms] [WARNING] The AudioContext was not allowed to start. It must be resumed (or created) after a user gesture on the page. https://developer.chrome.com/blog/autoplay/#web_audio @ http://localhost:8820/assets/js/sfx.js:29
[  246063ms] [WARNING] The AudioContext was not allowed to start. It must be resumed (or created) after a user gesture on the page. https://developer.chrome.com/blog/autoplay/#web_audio @ http://localhost:8820/assets/js/sfx.js:88
[  246063ms] [WARNING] The AudioContext was not allowed to start. It must be resumed (or created) after a user gesture on the page. https://developer.chrome.com/blog/autoplay/#web_audio @ http://localhost:8820/assets/js/sfx.js:29
[  246063ms] [WARNING] The AudioContext was not allowed to start. It must be resumed (or created) after a user gesture on the page. https://developer.chrome.com/blog/autoplay/#web_audio @ http://localhost:8820/assets/js/sfx.js:88
[  246063ms] [WARNING] The AudioContext was not allowed to start. It must be resumed (or created) after a user gesture on the page. https://developer.chrome.com/blog/autoplay/#web_audio @ http://localhost:8820/assets/js/sfx.js:29
[  246063ms] [WARNING] The AudioContext was not allowed to start. It must be resumed (or created) after a user gesture on the page. https://developer.chrome.com/blog/autoplay/#web_audio @ http://localhost:8820/assets/js/sfx.js:88
[  246403ms] [WARNING] The AudioContext was not allowed to start. It must be resumed (or created) after a user gesture on the page. https://developer.chrome.com/blog/autoplay/#web_audio @ http://localhost:8820/assets/js/sfx.js:29
[  246404ms] [WARNING] The AudioContext was not allowed to start. It must be resumed (or created) after a user gesture on the page. https://developer.chrome.com/blog/autoplay/#web_audio @ http://localhost:8820/assets/js/sfx.js:88
[  246746ms] [WARNING] The AudioContext was not allowed to start. It must be resumed (or created) after a user gesture on the page. https://developer.chrome.com/blog/autoplay/#web_audio @ http://localhost:8820/assets/js/sfx.js:29
[  246746ms] [WARNING] The AudioContext was not allowed to start. It must be resumed (or created) after a user gesture on the page. https://developer.chrome.com/blog/autoplay/#web_audio @ http://localhost:8820/assets/js/sfx.js:88
[  246746ms] [WARNING] The AudioContext was not allowed to start. It must be resumed (or created) after a user gesture on the page. https://developer.chrome.com/blog/autoplay/#web_audio @ http://localhost:8820/assets/js/sfx.js:29
[  246747ms] [WARNING] The AudioContext was not allowed to start. It must be resumed (or created) after a user gesture on the page. https://developer.chrome.com/blog/autoplay/#web_audio @ http://localhost:8820/assets/js/sfx.js:88
[  247089ms] [WARNING] The AudioContext was not allowed to start. It must be resumed (or created) after a user gesture on the page. https://developer.chrome.com/blog/autoplay/#web_audio @ http://localhost:8820/assets/js/sfx.js:29
[  247090ms] [WARNING] The AudioContext was not allowed to start. It must be resumed (or created) after a user gesture on the page. https://developer.chrome.com/blog/autoplay/#web_audio @ http://localhost:8820/assets/js/sfx.js:88
[  247541ms] [WARNING] The AudioContext was not allowed to start. It must be resumed (or created) after a user gesture on the page. https://developer.chrome.com/blog/autoplay/#web_audio @ http://localhost:8820/assets/js/sfx.js:253
[  247541ms] [WARNING] The AudioContext was not allowed to start. It must be resumed (or created) after a user gesture on the page. https://developer.chrome.com/blog/autoplay/#web_audio @ http://localhost:8820/assets/js/sfx.js:29
[  247542ms] [WARNING] The AudioContext was not allowed to start. It must be resumed (or created) after a user gesture on the page. https://developer.chrome.com/blog/autoplay/#web_audio @ http://localhost:8820/assets/js/sfx.js:29
[  247548ms] [WARNING] The AudioContext was not allowed to start. It must be resumed (or created) after a user gesture on the page. https://developer.chrome.com/blog/autoplay/#web_audio @ http://localhost:8820/assets/js/sfx.js:88
[  247549ms] [WARNING] The AudioContext was not allowed to start. It must be resumed (or created) after a user gesture on the page. https://developer.chrome.com/blog/autoplay/#web_audio @ http://localhost:8820/assets/js/sfx.js:29
[  247549ms] [WARNING] The AudioContext was not allowed to start. It must be resumed (or created) after a user gesture on the page. https://developer.chrome.com/blog/autoplay/#web_audio @ http://localhost:8820/assets/js/sfx.js:88
[  247549ms] [WARNING] The AudioContext was not allowed to start. It must be resumed (or created) after a user gesture on the page. https://developer.chrome.com/blog/autoplay/#web_audio @ http://localhost:8820/assets/js/sfx.js:29
[  247550ms] [WARNING] The AudioContext was not allowed to start. It must be resumed (or created) after a user gesture on the page. https://developer.chrome.com/blog/autoplay/#web_audio @ http://localhost:8820/assets/js/sfx.js:29
[  247552ms] [WARNING] The AudioContext was not allowed to start. It must be resumed (or created) after a user gesture on the page. https://developer.chrome.com/blog/autoplay/#web_audio @ http://localhost:8820/assets/js/sfx.js:88
[  247552ms] [WARNING] The AudioContext was not allowed to start. It must be resumed (or created) after a user gesture on the page. https://developer.chrome.com/blog/autoplay/#web_audio @ http://localhost:8820/assets/js/sfx.js:29
[  247552ms] [WARNING] The AudioContext was not allowed to start. It must be resumed (or created) after a user gesture on the page. https://developer.chrome.com/blog/autoplay/#web_audio @ http://localhost:8820/assets/js/sfx.js:88
[  247553ms] [WARNING] The AudioContext was not allowed to start. It must be resumed (or created) after a user gesture on the page. https://developer.chrome.com/blog/autoplay/#web_audio @ http://localhost:8820/assets/js/sfx.js:29
[  247553ms] [WARNING] The AudioContext was not allowed to start. It must be resumed (or created) after a user gesture on the page. https://developer.chrome.com/blog/autoplay/#web_audio @ http://localhost:8820/assets/js/sfx.js:88
[  247553ms] [WARNING] The AudioContext was not allowed to start. It must be resumed (or created) after a user gesture on the page. https://developer.chrome.com/blog/autoplay/#web_audio @ http://localhost:8820/assets/js/sfx.js:29
[  247553ms] [WARNING] The AudioContext was not allowed to start. It must be resumed (or created) after a user gesture on the page. https://developer.chrome.com/blog/autoplay/#web_audio @ http://localhost:8820/assets/js/sfx.js:88
[  247895ms] [WARNING] The AudioContext was not allowed to start. It must be resumed (or created) after a user gesture on the page. https://developer.chrome.com/blog/autoplay/#web_audio @ http://localhost:8820/assets/js/sfx.js:29
[  247896ms] [WARNING] The AudioContext was not allowed to start. It must be resumed (or created) after a user gesture on the page. https://developer.chrome.com/blog/autoplay/#web_audio @ http://localhost:8820/assets/js/sfx.js:88
[  248230ms] [WARNING] The AudioContext was not allowed to start. It must be resumed (or created) after a user gesture on the page. https://developer.chrome.com/blog/autoplay/#web_audio @ http://localhost:8820/assets/js/sfx.js:29
[  248230ms] [WARNING] The AudioContext was not allowed to start. It must be resumed (or created) after a user gesture on the page. https://developer.chrome.com/blog/autoplay/#web_audio @ http://localhost:8820/assets/js/sfx.js:88
[  248230ms] [WARNING] The AudioContext was not allowed to start. It must be resumed (or created) after a user gesture on the page. https://developer.chrome.com/blog/autoplay/#web_audio @ http://localhost:8820/assets/js/sfx.js:29
[  248231ms] [WARNING] The AudioContext was not allowed to start. It must be resumed (or created) after a user gesture on the page. https://developer.chrome.com/blog/autoplay/#web_audio @ http://localhost:8820/assets/js/sfx.js:88
[  248572ms] [WARNING] The AudioContext was not allowed to start. It must be resumed (or created) after a user gesture on the page. https://developer.chrome.com/blog/autoplay/#web_audio @ http://localhost:8820/assets/js/sfx.js:29
[  248573ms] [WARNING] The AudioContext was not allowed to start. It must be resumed (or created) after a user gesture on the page. https://developer.chrome.com/blog/autoplay/#web_audio @ http://localhost:8820/assets/js/sfx.js:88
[  249043ms] [WARNING] The AudioContext was not allowed to start. It must be resumed (or created) after a user gesture on the page. https://developer.chrome.com/blog/autoplay/#web_audio @ http://localhost:8820/assets/js/sfx.js:253
[  249044ms] [WARNING] The AudioContext was not allowed to start. It must be resumed (or created) after a user gesture on the page. https://developer.chrome.com/blog/autoplay/#web_audio @ http://localhost:8820/assets/js/sfx.js:29
[  249044ms] [WARNING] The AudioContext was not allowed to start. It must be resumed (or created) after a user gesture on the page. https://developer.chrome.com/blog/autoplay/#web_audio @ http://localhost:8820/assets/js/sfx.js:29
[  249049ms] [WARNING] The AudioContext was not allowed to start. It must be resumed (or created) after a user gesture on the page. https://developer.chrome.com/blog/autoplay/#web_audio @ http://localhost:8820/assets/js/sfx.js:88
[  249049ms] [WARNING] The AudioContext was not allowed to start. It must be resumed (or created) after a user gesture on the page. https://developer.chrome.com/blog/autoplay/#web_audio @ http://localhost:8820/assets/js/sfx.js:29
[  249050ms] [WARNING] The AudioContext was not allowed to start. It must be resumed (or created) after a user gesture on the page. https://developer.chrome.com/blog/autoplay/#web_audio @ http://localhost:8820/assets/js/sfx.js:88
[  249050ms] [WARNING] The AudioContext was not allowed to start. It must be resumed (or created) after a user gesture on the page. https://developer.chrome.com/blog/autoplay/#web_audio @ http://localhost:8820/assets/js/sfx.js:29
[  249050ms] [WARNING] The AudioContext was not allowed to start. It must be resumed (or created) after a user gesture on the page. https://developer.chrome.com/blog/autoplay/#web_audio @ http://localhost:8820/assets/js/sfx.js:29
[  249053ms] [WARNING] The AudioContext was not allowed to start. It must be resumed (or created) after a user gesture on the page. https://developer.chrome.com/blog/autoplay/#web_audio @ http://localhost:8820/assets/js/sfx.js:88
[  249053ms] [WARNING] The AudioContext was not allowed to start. It must be resumed (or created) after a user gesture on the page. https://developer.chrome.com/blog/autoplay/#web_audio @ http://localhost:8820/assets/js/sfx.js:29
[  249054ms] [WARNING] The AudioContext was not allowed to start. It must be resumed (or created) after a user gesture on the page. https://developer.chrome.com/blog/autoplay/#web_audio @ http://localhost:8820/assets/js/sfx.js:88
[  249054ms] [WARNING] The AudioContext was not allowed to start. It must be resumed (or created) after a user gesture on the page. https://developer.chrome.com/blog/autoplay/#web_audio @ http://localhost:8820/assets/js/sfx.js:29
[  249054ms] [WARNING] The AudioContext was not allowed to start. It must be resumed (or created) after a user gesture on the page. https://developer.chrome.com/blog/autoplay/#web_audio @ http://localhost:8820/assets/js/sfx.js:88
[  249054ms] [WARNING] The AudioContext was not allowed to start. It must be resumed (or created) after a user gesture on the page. https://developer.chrome.com/blog/autoplay/#web_audio @ http://localhost:8820/assets/js/sfx.js:29
[  249055ms] [WARNING] The AudioContext was not allowed to start. It must be resumed (or created) after a user gesture on the page. https://developer.chrome.com/blog/autoplay/#web_audio @ http://localhost:8820/assets/js/sfx.js:88
[  249396ms] [WARNING] The AudioContext was not allowed to start. It must be resumed (or created) after a user gesture on the page. https://developer.chrome.com/blog/autoplay/#web_audio @ http://localhost:8820/assets/js/sfx.js:29
[  249396ms] [WARNING] The AudioContext was not allowed to start. It must be resumed (or created) after a user gesture on the page. https://developer.chrome.com/blog/autoplay/#web_audio @ http://localhost:8820/assets/js/sfx.js:88
[  249738ms] [WARNING] The AudioContext was not allowed to start. It must be resumed (or created) after a user gesture on the page. https://developer.chrome.com/blog/autoplay/#web_audio @ http://localhost:8820/assets/js/sfx.js:29
[  249739ms] [WARNING] The AudioContext was not allowed to start. It must be resumed (or created) after a user gesture on the page. https://developer.chrome.com/blog/autoplay/#web_audio @ http://localhost:8820/assets/js/sfx.js:88
[  249739ms] [WARNING] The AudioContext was not allowed to start. It must be resumed (or created) after a user gesture on the page. https://developer.chrome.com/blog/autoplay/#web_audio @ http://localhost:8820/assets/js/sfx.js:29
[  249739ms] [WARNING] The AudioContext was not allowed to start. It must be resumed (or created) after a user gesture on the page. https://developer.chrome.com/blog/autoplay/#web_audio @ http://localhost:8820/assets/js/sfx.js:88
[  250079ms] [WARNING] The AudioContext was not allowed to start. It must be resumed (or created) after a user gesture on the page. https://developer.chrome.com/blog/autoplay/#web_audio @ http://localhost:8820/assets/js/sfx.js:29
[  250079ms] [WARNING] The AudioContext was not allowed to start. It must be resumed (or created) after a user gesture on the page. https://developer.chrome.com/blog/autoplay/#web_audio @ http://localhost:8820/assets/js/sfx.js:88
[  250535ms] [WARNING] The AudioContext was not allowed to start. It must be resumed (or created) after a user gesture on the page. https://developer.chrome.com/blog/autoplay/#web_audio @ http://localhost:8820/assets/js/sfx.js:253
[  250535ms] [WARNING] The AudioContext was not allowed to start. It must be resumed (or created) after a user gesture on the page. https://developer.chrome.com/blog/autoplay/#web_audio @ http://localhost:8820/assets/js/sfx.js:29
[  250535ms] [WARNING] The AudioContext was not allowed to start. It must be resumed (or created) after a user gesture on the page. https://developer.chrome.com/blog/autoplay/#web_audio @ http://localhost:8820/assets/js/sfx.js:29
[  250539ms] [WARNING] The AudioContext was not allowed to start. It must be resumed (or created) after a user gesture on the page. https://developer.chrome.com/blog/autoplay/#web_audio @ http://localhost:8820/assets/js/sfx.js:88
[  250539ms] [WARNING] The AudioContext was not allowed to start. It must be resumed (or created) after a user gesture on the page. https://developer.chrome.com/blog/autoplay/#web_audio @ http://localhost:8820/assets/js/sfx.js:29
[  250539ms] [WARNING] The AudioContext was not allowed to start. It must be resumed (or created) after a user gesture on the page. https://developer.chrome.com/blog/autoplay/#web_audio @ http://localhost:8820/assets/js/sfx.js:88
[  250539ms] [WARNING] The AudioContext was not allowed to start. It must be resumed (or created) after a user gesture on the page. https://developer.chrome.com/blog/autoplay/#web_audio @ http://localhost:8820/assets/js/sfx.js:29
[  250539ms] [WARNING] The AudioContext was not allowed to start. It must be resumed (or created) after a user gesture on the page. https://developer.chrome.com/blog/autoplay/#web_audio @ http://localhost:8820/assets/js/sfx.js:29
[  250542ms] [WARNING] The AudioContext was not allowed to start. It must be resumed (or created) after a user gesture on the page. https://developer.chrome.com/blog/autoplay/#web_audio @ http://localhost:8820/assets/js/sfx.js:88
[  250542ms] [WARNING] The AudioContext was not allowed to start. It must be resumed (or created) after a user gesture on the page. https://developer.chrome.com/blog/autoplay/#web_audio @ http://localhost:8820/assets/js/sfx.js:29
[  250542ms] [WARNING] The AudioContext was not allowed to start. It must be resumed (or created) after a user gesture on the page. https://developer.chrome.com/blog/autoplay/#web_audio @ http://localhost:8820/assets/js/sfx.js:88
[  250542ms] [WARNING] The AudioContext was not allowed to start. It must be resumed (or created) after a user gesture on the page. https://developer.chrome.com/blog/autoplay/#web_audio @ http://localhost:8820/assets/js/sfx.js:29
[  250542ms] [WARNING] The AudioContext was not allowed to start. It must be resumed (or created) after a user gesture on the page. https://developer.chrome.com/blog/autoplay/#web_audio @ http://localhost:8820/assets/js/sfx.js:88
[  250542ms] [WARNING] The AudioContext was not allowed to start. It must be resumed (or created) after a user gesture on the page. https://developer.chrome.com/blog/autoplay/#web_audio @ http://localhost:8820/assets/js/sfx.js:29
[  250543ms] [WARNING] The AudioContext was not allowed to start. It must be resumed (or created) after a user gesture on the page. https://developer.chrome.com/blog/autoplay/#web_audio @ http://localhost:8820/assets/js/sfx.js:88
[  250884ms] [WARNING] The AudioContext was not allowed to start. It must be resumed (or created) after a user gesture on the page. https://developer.chrome.com/blog/autoplay/#web_audio @ http://localhost:8820/assets/js/sfx.js:29
[  250885ms] [WARNING] The AudioContext was not allowed to start. It must be resumed (or created) after a user gesture on the page. https://developer.chrome.com/blog/autoplay/#web_audio @ http://localhost:8820/assets/js/sfx.js:88
[  251222ms] [WARNING] The AudioContext was not allowed to start. It must be resumed (or created) after a user gesture on the page. https://developer.chrome.com/blog/autoplay/#web_audio @ http://localhost:8820/assets/js/sfx.js:29
[  251222ms] [WARNING] The AudioContext was not allowed to start. It must be resumed (or created) after a user gesture on the page. https://developer.chrome.com/blog/autoplay/#web_audio @ http://localhost:8820/assets/js/sfx.js:88
[  251222ms] [WARNING] The AudioContext was not allowed to start. It must be resumed (or created) after a user gesture on the page. https://developer.chrome.com/blog/autoplay/#web_audio @ http://localhost:8820/assets/js/sfx.js:29
[  251222ms] [WARNING] The AudioContext was not allowed to start. It must be resumed (or created) after a user gesture on the page. https://developer.chrome.com/blog/autoplay/#web_audio @ http://localhost:8820/assets/js/sfx.js:88
[  251563ms] [WARNING] The AudioContext was not allowed to start. It must be resumed (or created) after a user gesture on the page. https://developer.chrome.com/blog/autoplay/#web_audio @ http://localhost:8820/assets/js/sfx.js:29
[  251564ms] [WARNING] The AudioContext was not allowed to start. It must be resumed (or created) after a user gesture on the page. https://developer.chrome.com/blog/autoplay/#web_audio @ http://localhost:8820/assets/js/sfx.js:88
[  251904ms] [WARNING] The AudioContext was not allowed to start. It must be resumed (or created) after a user gesture on the page. https://developer.chrome.com/blog/autoplay/#web_audio @ http://localhost:8820/assets/js/sfx.js:29
[  251904ms] [WARNING] The AudioContext was not allowed to start. It must be resumed (or created) after a user gesture on the page. https://developer.chrome.com/blog/autoplay/#web_audio @ http://localhost:8820/assets/js/sfx.js:88
[  251904ms] [WARNING] The AudioContext was not allowed to start. It must be resumed (or created) after a user gesture on the page. https://developer.chrome.com/blog/autoplay/#web_audio @ http://localhost:8820/assets/js/sfx.js:29
[  251904ms] [WARNING] The AudioContext was not allowed to start. It must be resumed (or created) after a user gesture on the page. https://developer.chrome.com/blog/autoplay/#web_audio @ http://localhost:8820/assets/js/sfx.js:88
[  253202ms] [WARNING] The AudioContext was not allowed to start. It must be resumed (or created) after a user gesture on the page. https://developer.chrome.com/blog/autoplay/#web_audio @ http://localhost:8820/assets/js/sfx.js:253
[  253202ms] [WARNING] The AudioContext was not allowed to start. It must be resumed (or created) after a user gesture on the page. https://developer.chrome.com/blog/autoplay/#web_audio @ http://localhost:8820/assets/js/sfx.js:29
[  253202ms] [WARNING] The AudioContext was not allowed to start. It must be resumed (or created) after a user gesture on the page. https://developer.chrome.com/blog/autoplay/#web_audio @ http://localhost:8820/assets/js/sfx.js:29
[  253206ms] [WARNING] The AudioContext was not allowed to start. It must be resumed (or created) after a user gesture on the page. https://developer.chrome.com/blog/autoplay/#web_audio @ http://localhost:8820/assets/js/sfx.js:88
[  253206ms] [WARNING] The AudioContext was not allowed to start. It must be resumed (or created) after a user gesture on the page. https://developer.chrome.com/blog/autoplay/#web_audio @ http://localhost:8820/assets/js/sfx.js:29
[  253208ms] [WARNING] The AudioContext was not allowed to start. It must be resumed (or created) after a user gesture on the page. https://developer.chrome.com/blog/autoplay/#web_audio @ http://localhost:8820/assets/js/sfx.js:88
[  253208ms] [WARNING] The AudioContext was not allowed to start. It must be resumed (or created) after a user gesture on the page. https://developer.chrome.com/blog/autoplay/#web_audio @ http://localhost:8820/assets/js/sfx.js:29
[  253208ms] [WARNING] The AudioContext was not allowed to start. It must be resumed (or created) after a user gesture on the page. https://developer.chrome.com/blog/autoplay/#web_audio @ http://localhost:8820/assets/js/sfx.js:29
[  253209ms] [WARNING] The AudioContext was not allowed to start. It must be resumed (or created) after a user gesture on the page. https://developer.chrome.com/blog/autoplay/#web_audio @ http://localhost:8820/assets/js/sfx.js:88
[  253209ms] [WARNING] The AudioContext was not allowed to start. It must be resumed (or created) after a user gesture on the page. https://developer.chrome.com/blog/autoplay/#web_audio @ http://localhost:8820/assets/js/sfx.js:29
[  253209ms] [WARNING] The AudioContext was not allowed to start. It must be resumed (or created) after a user gesture on the page. https://developer.chrome.com/blog/autoplay/#web_audio @ http://localhost:8820/assets/js/sfx.js:88
[  253209ms] [WARNING] The AudioContext was not allowed to start. It must be resumed (or created) after a user gesture on the page. https://developer.chrome.com/blog/autoplay/#web_audio @ http://localhost:8820/assets/js/sfx.js:29
[  253209ms] [WARNING] The AudioContext was not allowed to start. It must be resumed (or created) after a user gesture on the page. https://developer.chrome.com/blog/autoplay/#web_audio @ http://localhost:8820/assets/js/sfx.js:88
[  253209ms] [WARNING] The AudioContext was not allowed to start. It must be resumed (or created) after a user gesture on the page. https://developer.chrome.com/blog/autoplay/#web_audio @ http://localhost:8820/assets/js/sfx.js:29
[  253209ms] [WARNING] The AudioContext was not allowed to start. It must be resumed (or created) after a user gesture on the page. https://developer.chrome.com/blog/autoplay/#web_audio @ http://localhost:8820/assets/js/sfx.js:88
[  253216ms] [WARNING] The AudioContext was not allowed to start. It must be resumed (or created) after a user gesture on the page. https://developer.chrome.com/blog/autoplay/#web_audio @ http://localhost:8820/assets/js/sfx.js:29
[  253216ms] [WARNING] The AudioContext was not allowed to start. It must be resumed (or created) after a user gesture on the page. https://developer.chrome.com/blog/autoplay/#web_audio @ http://localhost:8820/assets/js/sfx.js:29
[  253216ms] [WARNING] The AudioContext was not allowed to start. It must be resumed (or created) after a user gesture on the page. https://developer.chrome.com/blog/autoplay/#web_audio @ http://localhost:8820/assets/js/sfx.js:88
[  253295ms] [WARNING] The AudioContext was not allowed to start. It must be resumed (or created) after a user gesture on the page. https://developer.chrome.com/blog/autoplay/#web_audio @ http://localhost:8820/assets/js/sfx.js:29
[  253295ms] [WARNING] The AudioContext was not allowed to start. It must be resumed (or created) after a user gesture on the page. https://developer.chrome.com/blog/autoplay/#web_audio @ http://localhost:8820/assets/js/sfx.js:29
[  253295ms] [WARNING] The AudioContext was not allowed to start. It must be resumed (or created) after a user gesture on the page. https://developer.chrome.com/blog/autoplay/#web_audio @ http://localhost:8820/assets/js/sfx.js:88
[  253421ms] [WARNING] The AudioContext was not allowed to start. It must be resumed (or created) after a user gesture on the page. https://developer.chrome.com/blog/autoplay/#web_audio @ http://localhost:8820/assets/js/sfx.js:29
[  253421ms] [WARNING] The AudioContext was not allowed to start. It must be resumed (or created) after a user gesture on the page. https://developer.chrome.com/blog/autoplay/#web_audio @ http://localhost:8820/assets/js/sfx.js:88
[  253428ms] [WARNING] The AudioContext was not allowed to start. It must be resumed (or created) after a user gesture on the page. https://developer.chrome.com/blog/autoplay/#web_audio @ http://localhost:8820/assets/js/sfx.js:29
[  253428ms] [WARNING] The AudioContext was not allowed to start. It must be resumed (or created) after a user gesture on the page. https://developer.chrome.com/blog/autoplay/#web_audio @ http://localhost:8820/assets/js/sfx.js:29
[  253428ms] [WARNING] The AudioContext was not allowed to start. It must be resumed (or created) after a user gesture on the page. https://developer.chrome.com/blog/autoplay/#web_audio @ http://localhost:8820/assets/js/sfx.js:88
[  253561ms] [WARNING] The AudioContext was not allowed to start. It must be resumed (or created) after a user gesture on the page. https://developer.chrome.com/blog/autoplay/#web_audio @ http://localhost:8820/assets/js/sfx.js:29
[  253561ms] [WARNING] The AudioContext was not allowed to start. It must be resumed (or created) after a user gesture on the page. https://developer.chrome.com/blog/autoplay/#web_audio @ http://localhost:8820/assets/js/sfx.js:29
[  253561ms] [WARNING] The AudioContext was not allowed to start. It must be resumed (or created) after a user gesture on the page. https://developer.chrome.com/blog/autoplay/#web_audio @ http://localhost:8820/assets/js/sfx.js:88
[  253620ms] [WARNING] The AudioContext was not allowed to start. It must be resumed (or created) after a user gesture on the page. https://developer.chrome.com/blog/autoplay/#web_audio @ http://localhost:8820/assets/js/sfx.js:29
[  253620ms] [WARNING] The AudioContext was not allowed to start. It must be resumed (or created) after a user gesture on the page. https://developer.chrome.com/blog/autoplay/#web_audio @ http://localhost:8820/assets/js/sfx.js:88
[  253620ms] [WARNING] The AudioContext was not allowed to start. It must be resumed (or created) after a user gesture on the page. https://developer.chrome.com/blog/autoplay/#web_audio @ http://localhost:8820/assets/js/sfx.js:29
[  253620ms] [WARNING] The AudioContext was not allowed to start. It must be resumed (or created) after a user gesture on the page. https://developer.chrome.com/blog/autoplay/#web_audio @ http://localhost:8820/assets/js/sfx.js:88
[  253694ms] [WARNING] The AudioContext was not allowed to start. It must be resumed (or created) after a user gesture on the page. https://developer.chrome.com/blog/autoplay/#web_audio @ http://localhost:8820/assets/js/sfx.js:29
[  253695ms] [WARNING] The AudioContext was not allowed to start. It must be resumed (or created) after a user gesture on the page. https://developer.chrome.com/blog/autoplay/#web_audio @ http://localhost:8820/assets/js/sfx.js:29
[  253695ms] [WARNING] The AudioContext was not allowed to start. It must be resumed (or created) after a user gesture on the page. https://developer.chrome.com/blog/autoplay/#web_audio @ http://localhost:8820/assets/js/sfx.js:88
[  253824ms] [WARNING] The AudioContext was not allowed to start. It must be resumed (or created) after a user gesture on the page. https://developer.chrome.com/blog/autoplay/#web_audio @ http://localhost:8820/assets/js/sfx.js:29
[  253825ms] [WARNING] The AudioContext was not allowed to start. It must be resumed (or created) after a user gesture on the page. https://developer.chrome.com/blog/autoplay/#web_audio @ http://localhost:8820/assets/js/sfx.js:88
[  253828ms] [WARNING] The AudioContext was not allowed to start. It must be resumed (or created) after a user gesture on the page. https://developer.chrome.com/blog/autoplay/#web_audio @ http://localhost:8820/assets/js/sfx.js:29
[  253828ms] [WARNING] The AudioContext was not allowed to start. It must be resumed (or created) after a user gesture on the page. https://developer.chrome.com/blog/autoplay/#web_audio @ http://localhost:8820/assets/js/sfx.js:29
[  253828ms] [WARNING] The AudioContext was not allowed to start. It must be resumed (or created) after a user gesture on the page. https://developer.chrome.com/blog/autoplay/#web_audio @ http://localhost:8820/assets/js/sfx.js:88
[  253962ms] [WARNING] The AudioContext was not allowed to start. It must be resumed (or created) after a user gesture on the page. https://developer.chrome.com/blog/autoplay/#web_audio @ http://localhost:8820/assets/js/sfx.js:29
[  253962ms] [WARNING] The AudioContext was not allowed to start. It must be resumed (or created) after a user gesture on the page. https://developer.chrome.com/blog/autoplay/#web_audio @ http://localhost:8820/assets/js/sfx.js:29
[  253962ms] [WARNING] The AudioContext was not allowed to start. It must be resumed (or created) after a user gesture on the page. https://developer.chrome.com/blog/autoplay/#web_audio @ http://localhost:8820/assets/js/sfx.js:88
[  254030ms] [WARNING] The AudioContext was not allowed to start. It must be resumed (or created) after a user gesture on the page. https://developer.chrome.com/blog/autoplay/#web_audio @ http://localhost:8820/assets/js/sfx.js:29
[  254030ms] [WARNING] The AudioContext was not allowed to start. It must be resumed (or created) after a user gesture on the page. https://developer.chrome.com/blog/autoplay/#web_audio @ http://localhost:8820/assets/js/sfx.js:88
[  254030ms] [WARNING] The AudioContext was not allowed to start. It must be resumed (or created) after a user gesture on the page. https://developer.chrome.com/blog/autoplay/#web_audio @ http://localhost:8820/assets/js/sfx.js:29
[  254031ms] [WARNING] The AudioContext was not allowed to start. It must be resumed (or created) after a user gesture on the page. https://developer.chrome.com/blog/autoplay/#web_audio @ http://localhost:8820/assets/js/sfx.js:88
[  254094ms] [WARNING] The AudioContext was not allowed to start. It must be resumed (or created) after a user gesture on the page. https://developer.chrome.com/blog/autoplay/#web_audio @ http://localhost:8820/assets/js/sfx.js:29
[  254095ms] [WARNING] The AudioContext was not allowed to start. It must be resumed (or created) after a user gesture on the page. https://developer.chrome.com/blog/autoplay/#web_audio @ http://localhost:8820/assets/js/sfx.js:29
[  254095ms] [WARNING] The AudioContext was not allowed to start. It must be resumed (or created) after a user gesture on the page. https://developer.chrome.com/blog/autoplay/#web_audio @ http://localhost:8820/assets/js/sfx.js:88
[  254228ms] [WARNING] The AudioContext was not allowed to start. It must be resumed (or created) after a user gesture on the page. https://developer.chrome.com/blog/autoplay/#web_audio @ http://localhost:8820/assets/js/sfx.js:29
[  254228ms] [WARNING] The AudioContext was not allowed to start. It must be resumed (or created) after a user gesture on the page. https://developer.chrome.com/blog/autoplay/#web_audio @ http://localhost:8820/assets/js/sfx.js:29
[  254228ms] [WARNING] The AudioContext was not allowed to start. It must be resumed (or created) after a user gesture on the page. https://developer.chrome.com/blog/autoplay/#web_audio @ http://localhost:8820/assets/js/sfx.js:88
[  254247ms] [WARNING] The AudioContext was not allowed to start. It must be resumed (or created) after a user gesture on the page. https://developer.chrome.com/blog/autoplay/#web_audio @ http://localhost:8820/assets/js/sfx.js:29
[  254247ms] [WARNING] The AudioContext was not allowed to start. It must be resumed (or created) after a user gesture on the page. https://developer.chrome.com/blog/autoplay/#web_audio @ http://localhost:8820/assets/js/sfx.js:88
[  254361ms] [WARNING] The AudioContext was not allowed to start. It must be resumed (or created) after a user gesture on the page. https://developer.chrome.com/blog/autoplay/#web_audio @ http://localhost:8820/assets/js/sfx.js:29
[  254361ms] [WARNING] The AudioContext was not allowed to start. It must be resumed (or created) after a user gesture on the page. https://developer.chrome.com/blog/autoplay/#web_audio @ http://localhost:8820/assets/js/sfx.js:29
[  254362ms] [WARNING] The AudioContext was not allowed to start. It must be resumed (or created) after a user gesture on the page. https://developer.chrome.com/blog/autoplay/#web_audio @ http://localhost:8820/assets/js/sfx.js:88
[  254447ms] [WARNING] The AudioContext was not allowed to start. It must be resumed (or created) after a user gesture on the page. https://developer.chrome.com/blog/autoplay/#web_audio @ http://localhost:8820/assets/js/sfx.js:29
[  254447ms] [WARNING] The AudioContext was not allowed to start. It must be resumed (or created) after a user gesture on the page. https://developer.chrome.com/blog/autoplay/#web_audio @ http://localhost:8820/assets/js/sfx.js:88
[  254447ms] [WARNING] The AudioContext was not allowed to start. It must be resumed (or created) after a user gesture on the page. https://developer.chrome.com/blog/autoplay/#web_audio @ http://localhost:8820/assets/js/sfx.js:29
[  254447ms] [WARNING] The AudioContext was not allowed to start. It must be resumed (or created) after a user gesture on the page. https://developer.chrome.com/blog/autoplay/#web_audio @ http://localhost:8820/assets/js/sfx.js:88
[  254495ms] [WARNING] The AudioContext was not allowed to start. It must be resumed (or created) after a user gesture on the page. https://developer.chrome.com/blog/autoplay/#web_audio @ http://localhost:8820/assets/js/sfx.js:29
[  254495ms] [WARNING] The AudioContext was not allowed to start. It must be resumed (or created) after a user gesture on the page. https://developer.chrome.com/blog/autoplay/#web_audio @ http://localhost:8820/assets/js/sfx.js:29
[  254495ms] [WARNING] The AudioContext was not allowed to start. It must be resumed (or created) after a user gesture on the page. https://developer.chrome.com/blog/autoplay/#web_audio @ http://localhost:8820/assets/js/sfx.js:88
[  255866ms] [WARNING] The AudioContext was not allowed to start. It must be resumed (or created) after a user gesture on the page. https://developer.chrome.com/blog/autoplay/#web_audio @ http://localhost:8820/assets/js/sfx.js:253
[  255866ms] [WARNING] The AudioContext was not allowed to start. It must be resumed (or created) after a user gesture on the page. https://developer.chrome.com/blog/autoplay/#web_audio @ http://localhost:8820/assets/js/sfx.js:29
[  255866ms] [WARNING] The AudioContext was not allowed to start. It must be resumed (or created) after a user gesture on the page. https://developer.chrome.com/blog/autoplay/#web_audio @ http://localhost:8820/assets/js/sfx.js:29
[  255871ms] [WARNING] The AudioContext was not allowed to start. It must be resumed (or created) after a user gesture on the page. https://developer.chrome.com/blog/autoplay/#web_audio @ http://localhost:8820/assets/js/sfx.js:88
[  255871ms] [WARNING] The AudioContext was not allowed to start. It must be resumed (or created) after a user gesture on the page. https://developer.chrome.com/blog/autoplay/#web_audio @ http://localhost:8820/assets/js/sfx.js:29
[  255873ms] [WARNING] The AudioContext was not allowed to start. It must be resumed (or created) after a user gesture on the page. https://developer.chrome.com/blog/autoplay/#web_audio @ http://localhost:8820/assets/js/sfx.js:88
[  255873ms] [WARNING] The AudioContext was not allowed to start. It must be resumed (or created) after a user gesture on the page. https://developer.chrome.com/blog/autoplay/#web_audio @ http://localhost:8820/assets/js/sfx.js:29
[  255873ms] [WARNING] The AudioContext was not allowed to start. It must be resumed (or created) after a user gesture on the page. https://developer.chrome.com/blog/autoplay/#web_audio @ http://localhost:8820/assets/js/sfx.js:29
[  255873ms] [WARNING] The AudioContext was not allowed to start. It must be resumed (or created) after a user gesture on the page. https://developer.chrome.com/blog/autoplay/#web_audio @ http://localhost:8820/assets/js/sfx.js:88
[  255873ms] [WARNING] The AudioContext was not allowed to start. It must be resumed (or created) after a user gesture on the page. https://developer.chrome.com/blog/autoplay/#web_audio @ http://localhost:8820/assets/js/sfx.js:29
[  255874ms] [WARNING] The AudioContext was not allowed to start. It must be resumed (or created) after a user gesture on the page. https://developer.chrome.com/blog/autoplay/#web_audio @ http://localhost:8820/assets/js/sfx.js:88
[  255874ms] [WARNING] The AudioContext was not allowed to start. It must be resumed (or created) after a user gesture on the page. https://developer.chrome.com/blog/autoplay/#web_audio @ http://localhost:8820/assets/js/sfx.js:29
[  255874ms] [WARNING] The AudioContext was not allowed to start. It must be resumed (or created) after a user gesture on the page. https://developer.chrome.com/blog/autoplay/#web_audio @ http://localhost:8820/assets/js/sfx.js:88
[  255874ms] [WARNING] The AudioContext was not allowed to start. It must be resumed (or created) after a user gesture on the page. https://developer.chrome.com/blog/autoplay/#web_audio @ http://localhost:8820/assets/js/sfx.js:29
[  255874ms] [WARNING] The AudioContext was not allowed to start. It must be resumed (or created) after a user gesture on the page. https://developer.chrome.com/blog/autoplay/#web_audio @ http://localhost:8820/assets/js/sfx.js:88
[  256162ms] [WARNING] The AudioContext was not allowed to start. It must be resumed (or created) after a user gesture on the page. https://developer.chrome.com/blog/autoplay/#web_audio @ http://localhost:8820/assets/js/sfx.js:29
[  256162ms] [WARNING] The AudioContext was not allowed to start. It must be resumed (or created) after a user gesture on the page. https://developer.chrome.com/blog/autoplay/#web_audio @ http://localhost:8820/assets/js/sfx.js:88
[  256461ms] [WARNING] The AudioContext was not allowed to start. It must be resumed (or created) after a user gesture on the page. https://developer.chrome.com/blog/autoplay/#web_audio @ http://localhost:8820/assets/js/sfx.js:29
[  256461ms] [WARNING] The AudioContext was not allowed to start. It must be resumed (or created) after a user gesture on the page. https://developer.chrome.com/blog/autoplay/#web_audio @ http://localhost:8820/assets/js/sfx.js:88
[  256461ms] [WARNING] The AudioContext was not allowed to start. It must be resumed (or created) after a user gesture on the page. https://developer.chrome.com/blog/autoplay/#web_audio @ http://localhost:8820/assets/js/sfx.js:29
[  256462ms] [WARNING] The AudioContext was not allowed to start. It must be resumed (or created) after a user gesture on the page. https://developer.chrome.com/blog/autoplay/#web_audio @ http://localhost:8820/assets/js/sfx.js:88
[  256739ms] [WARNING] The AudioContext was not allowed to start. It must be resumed (or created) after a user gesture on the page. https://developer.chrome.com/blog/autoplay/#web_audio @ http://localhost:8820/assets/js/sfx.js:29
[  256739ms] [WARNING] The AudioContext was not allowed to start. It must be resumed (or created) after a user gesture on the page. https://developer.chrome.com/blog/autoplay/#web_audio @ http://localhost:8820/assets/js/sfx.js:88
[  257029ms] [WARNING] The AudioContext was not allowed to start. It must be resumed (or created) after a user gesture on the page. https://developer.chrome.com/blog/autoplay/#web_audio @ http://localhost:8820/assets/js/sfx.js:29
[  257029ms] [WARNING] The AudioContext was not allowed to start. It must be resumed (or created) after a user gesture on the page. https://developer.chrome.com/blog/autoplay/#web_audio @ http://localhost:8820/assets/js/sfx.js:88
[  257029ms] [WARNING] The AudioContext was not allowed to start. It must be resumed (or created) after a user gesture on the page. https://developer.chrome.com/blog/autoplay/#web_audio @ http://localhost:8820/assets/js/sfx.js:29
[  257029ms] [WARNING] The AudioContext was not allowed to start. It must be resumed (or created) after a user gesture on the page. https://developer.chrome.com/blog/autoplay/#web_audio @ http://localhost:8820/assets/js/sfx.js:88
[  258585ms] [WARNING] The AudioContext was not allowed to start. It must be resumed (or created) after a user gesture on the page. https://developer.chrome.com/blog/autoplay/#web_audio @ http://localhost:8820/assets/js/sfx.js:253
[  258585ms] [WARNING] The AudioContext was not allowed to start. It must be resumed (or created) after a user gesture on the page. https://developer.chrome.com/blog/autoplay/#web_audio @ http://localhost:8820/assets/js/sfx.js:29
[  258585ms] [WARNING] The AudioContext was not allowed to start. It must be resumed (or created) after a user gesture on the page. https://developer.chrome.com/blog/autoplay/#web_audio @ http://localhost:8820/assets/js/sfx.js:29
[  258587ms] [WARNING] The AudioContext was not allowed to start. It must be resumed (or created) after a user gesture on the page. https://developer.chrome.com/blog/autoplay/#web_audio @ http://localhost:8820/assets/js/sfx.js:88
[  258587ms] [WARNING] The AudioContext was not allowed to start. It must be resumed (or created) after a user gesture on the page. https://developer.chrome.com/blog/autoplay/#web_audio @ http://localhost:8820/assets/js/sfx.js:29
[  258589ms] [WARNING] The AudioContext was not allowed to start. It must be resumed (or created) after a user gesture on the page. https://developer.chrome.com/blog/autoplay/#web_audio @ http://localhost:8820/assets/js/sfx.js:88
[  258589ms] [WARNING] The AudioContext was not allowed to start. It must be resumed (or created) after a user gesture on the page. https://developer.chrome.com/blog/autoplay/#web_audio @ http://localhost:8820/assets/js/sfx.js:29
[  258589ms] [WARNING] The AudioContext was not allowed to start. It must be resumed (or created) after a user gesture on the page. https://developer.chrome.com/blog/autoplay/#web_audio @ http://localhost:8820/assets/js/sfx.js:29
[  258589ms] [WARNING] The AudioContext was not allowed to start. It must be resumed (or created) after a user gesture on the page. https://developer.chrome.com/blog/autoplay/#web_audio @ http://localhost:8820/assets/js/sfx.js:88
[  258589ms] [WARNING] The AudioContext was not allowed to start. It must be resumed (or created) after a user gesture on the page. https://developer.chrome.com/blog/autoplay/#web_audio @ http://localhost:8820/assets/js/sfx.js:29
[  258589ms] [WARNING] The AudioContext was not allowed to start. It must be resumed (or created) after a user gesture on the page. https://developer.chrome.com/blog/autoplay/#web_audio @ http://localhost:8820/assets/js/sfx.js:88
[  258589ms] [WARNING] The AudioContext was not allowed to start. It must be resumed (or created) after a user gesture on the page. https://developer.chrome.com/blog/autoplay/#web_audio @ http://localhost:8820/assets/js/sfx.js:29
[  258590ms] [WARNING] The AudioContext was not allowed to start. It must be resumed (or created) after a user gesture on the page. https://developer.chrome.com/blog/autoplay/#web_audio @ http://localhost:8820/assets/js/sfx.js:88
[  258590ms] [WARNING] The AudioContext was not allowed to start. It must be resumed (or created) after a user gesture on the page. https://developer.chrome.com/blog/autoplay/#web_audio @ http://localhost:8820/assets/js/sfx.js:29
[  258590ms] [WARNING] The AudioContext was not allowed to start. It must be resumed (or created) after a user gesture on the page. https://developer.chrome.com/blog/autoplay/#web_audio @ http://localhost:8820/assets/js/sfx.js:88
[  258880ms] [WARNING] The AudioContext was not allowed to start. It must be resumed (or created) after a user gesture on the page. https://developer.chrome.com/blog/autoplay/#web_audio @ http://localhost:8820/assets/js/sfx.js:29
[  258880ms] [WARNING] The AudioContext was not allowed to start. It must be resumed (or created) after a user gesture on the page. https://developer.chrome.com/blog/autoplay/#web_audio @ http://localhost:8820/assets/js/sfx.js:88
[  259175ms] [WARNING] The AudioContext was not allowed to start. It must be resumed (or created) after a user gesture on the page. https://developer.chrome.com/blog/autoplay/#web_audio @ http://localhost:8820/assets/js/sfx.js:29
[  259175ms] [WARNING] The AudioContext was not allowed to start. It must be resumed (or created) after a user gesture on the page. https://developer.chrome.com/blog/autoplay/#web_audio @ http://localhost:8820/assets/js/sfx.js:88
[  259175ms] [WARNING] The AudioContext was not allowed to start. It must be resumed (or created) after a user gesture on the page. https://developer.chrome.com/blog/autoplay/#web_audio @ http://localhost:8820/assets/js/sfx.js:29
[  259176ms] [WARNING] The AudioContext was not allowed to start. It must be resumed (or created) after a user gesture on the page. https://developer.chrome.com/blog/autoplay/#web_audio @ http://localhost:8820/assets/js/sfx.js:88
[  259453ms] [WARNING] The AudioContext was not allowed to start. It must be resumed (or created) after a user gesture on the page. https://developer.chrome.com/blog/autoplay/#web_audio @ http://localhost:8820/assets/js/sfx.js:29
[  259454ms] [WARNING] The AudioContext was not allowed to start. It must be resumed (or created) after a user gesture on the page. https://developer.chrome.com/blog/autoplay/#web_audio @ http://localhost:8820/assets/js/sfx.js:88
[  259746ms] [WARNING] The AudioContext was not allowed to start. It must be resumed (or created) after a user gesture on the page. https://developer.chrome.com/blog/autoplay/#web_audio @ http://localhost:8820/assets/js/sfx.js:29
[  259746ms] [WARNING] The AudioContext was not allowed to start. It must be resumed (or created) after a user gesture on the page. https://developer.chrome.com/blog/autoplay/#web_audio @ http://localhost:8820/assets/js/sfx.js:88
[  259746ms] [WARNING] The AudioContext was not allowed to start. It must be resumed (or created) after a user gesture on the page. https://developer.chrome.com/blog/autoplay/#web_audio @ http://localhost:8820/assets/js/sfx.js:29
[  259746ms] [WARNING] The AudioContext was not allowed to start. It must be resumed (or created) after a user gesture on the page. https://developer.chrome.com/blog/autoplay/#web_audio @ http://localhost:8820/assets/js/sfx.js:88
[  261276ms] [WARNING] The AudioContext was not allowed to start. It must be resumed (or created) after a user gesture on the page. https://developer.chrome.com/blog/autoplay/#web_audio @ http://localhost:8820/assets/js/sfx.js:253
[  261276ms] [WARNING] The AudioContext was not allowed to start. It must be resumed (or created) after a user gesture on the page. https://developer.chrome.com/blog/autoplay/#web_audio @ http://localhost:8820/assets/js/sfx.js:29
[  261276ms] [WARNING] The AudioContext was not allowed to start. It must be resumed (or created) after a user gesture on the page. https://developer.chrome.com/blog/autoplay/#web_audio @ http://localhost:8820/assets/js/sfx.js:29
[  261279ms] [WARNING] The AudioContext was not allowed to start. It must be resumed (or created) after a user gesture on the page. https://developer.chrome.com/blog/autoplay/#web_audio @ http://localhost:8820/assets/js/sfx.js:88
[  261279ms] [WARNING] The AudioContext was not allowed to start. It must be resumed (or created) after a user gesture on the page. https://developer.chrome.com/blog/autoplay/#web_audio @ http://localhost:8820/assets/js/sfx.js:29
[  261281ms] [WARNING] The AudioContext was not allowed to start. It must be resumed (or created) after a user gesture on the page. https://developer.chrome.com/blog/autoplay/#web_audio @ http://localhost:8820/assets/js/sfx.js:88
[  261281ms] [WARNING] The AudioContext was not allowed to start. It must be resumed (or created) after a user gesture on the page. https://developer.chrome.com/blog/autoplay/#web_audio @ http://localhost:8820/assets/js/sfx.js:29
[  261281ms] [WARNING] The AudioContext was not allowed to start. It must be resumed (or created) after a user gesture on the page. https://developer.chrome.com/blog/autoplay/#web_audio @ http://localhost:8820/assets/js/sfx.js:29
[  261281ms] [WARNING] The AudioContext was not allowed to start. It must be resumed (or created) after a user gesture on the page. https://developer.chrome.com/blog/autoplay/#web_audio @ http://localhost:8820/assets/js/sfx.js:88
[  261281ms] [WARNING] The AudioContext was not allowed to start. It must be resumed (or created) after a user gesture on the page. https://developer.chrome.com/blog/autoplay/#web_audio @ http://localhost:8820/assets/js/sfx.js:29
[  261281ms] [WARNING] The AudioContext was not allowed to start. It must be resumed (or created) after a user gesture on the page. https://developer.chrome.com/blog/autoplay/#web_audio @ http://localhost:8820/assets/js/sfx.js:88
[  261281ms] [WARNING] The AudioContext was not allowed to start. It must be resumed (or created) after a user gesture on the page. https://developer.chrome.com/blog/autoplay/#web_audio @ http://localhost:8820/assets/js/sfx.js:29
[  261281ms] [WARNING] The AudioContext was not allowed to start. It must be resumed (or created) after a user gesture on the page. https://developer.chrome.com/blog/autoplay/#web_audio @ http://localhost:8820/assets/js/sfx.js:88
[  261282ms] [WARNING] The AudioContext was not allowed to start. It must be resumed (or created) after a user gesture on the page. https://developer.chrome.com/blog/autoplay/#web_audio @ http://localhost:8820/assets/js/sfx.js:29
[  261282ms] [WARNING] The AudioContext was not allowed to start. It must be resumed (or created) after a user gesture on the page. https://developer.chrome.com/blog/autoplay/#web_audio @ http://localhost:8820/assets/js/sfx.js:88
[  261570ms] [WARNING] The AudioContext was not allowed to start. It must be resumed (or created) after a user gesture on the page. https://developer.chrome.com/blog/autoplay/#web_audio @ http://localhost:8820/assets/js/sfx.js:29
[  261571ms] [WARNING] The AudioContext was not allowed to start. It must be resumed (or created) after a user gesture on the page. https://developer.chrome.com/blog/autoplay/#web_audio @ http://localhost:8820/assets/js/sfx.js:88
[  261866ms] [WARNING] The AudioContext was not allowed to start. It must be resumed (or created) after a user gesture on the page. https://developer.chrome.com/blog/autoplay/#web_audio @ http://localhost:8820/assets/js/sfx.js:29
[  261866ms] [WARNING] The AudioContext was not allowed to start. It must be resumed (or created) after a user gesture on the page. https://developer.chrome.com/blog/autoplay/#web_audio @ http://localhost:8820/assets/js/sfx.js:88
[  261866ms] [WARNING] The AudioContext was not allowed to start. It must be resumed (or created) after a user gesture on the page. https://developer.chrome.com/blog/autoplay/#web_audio @ http://localhost:8820/assets/js/sfx.js:29
[  261866ms] [WARNING] The AudioContext was not allowed to start. It must be resumed (or created) after a user gesture on the page. https://developer.chrome.com/blog/autoplay/#web_audio @ http://localhost:8820/assets/js/sfx.js:88
[  262162ms] [WARNING] The AudioContext was not allowed to start. It must be resumed (or created) after a user gesture on the page. https://developer.chrome.com/blog/autoplay/#web_audio @ http://localhost:8820/assets/js/sfx.js:29
[  262162ms] [WARNING] The AudioContext was not allowed to start. It must be resumed (or created) after a user gesture on the page. https://developer.chrome.com/blog/autoplay/#web_audio @ http://localhost:8820/assets/js/sfx.js:88
[  262441ms] [WARNING] The AudioContext was not allowed to start. It must be resumed (or created) after a user gesture on the page. https://developer.chrome.com/blog/autoplay/#web_audio @ http://localhost:8820/assets/js/sfx.js:29
[  262442ms] [WARNING] The AudioContext was not allowed to start. It must be resumed (or created) after a user gesture on the page. https://developer.chrome.com/blog/autoplay/#web_audio @ http://localhost:8820/assets/js/sfx.js:88
[  262442ms] [WARNING] The AudioContext was not allowed to start. It must be resumed (or created) after a user gesture on the page. https://developer.chrome.com/blog/autoplay/#web_audio @ http://localhost:8820/assets/js/sfx.js:29
[  262442ms] [WARNING] The AudioContext was not allowed to start. It must be resumed (or created) after a user gesture on the page. https://developer.chrome.com/blog/autoplay/#web_audio @ http://localhost:8820/assets/js/sfx.js:88
[  264001ms] [WARNING] The AudioContext was not allowed to start. It must be resumed (or created) after a user gesture on the page. https://developer.chrome.com/blog/autoplay/#web_audio @ http://localhost:8820/assets/js/sfx.js:253
[  264001ms] [WARNING] The AudioContext was not allowed to start. It must be resumed (or created) after a user gesture on the page. https://developer.chrome.com/blog/autoplay/#web_audio @ http://localhost:8820/assets/js/sfx.js:29
[  264001ms] [WARNING] The AudioContext was not allowed to start. It must be resumed (or created) after a user gesture on the page. https://developer.chrome.com/blog/autoplay/#web_audio @ http://localhost:8820/assets/js/sfx.js:29
[  264004ms] [WARNING] The AudioContext was not allowed to start. It must be resumed (or created) after a user gesture on the page. https://developer.chrome.com/blog/autoplay/#web_audio @ http://localhost:8820/assets/js/sfx.js:88
[  264004ms] [WARNING] The AudioContext was not allowed to start. It must be resumed (or created) after a user gesture on the page. https://developer.chrome.com/blog/autoplay/#web_audio @ http://localhost:8820/assets/js/sfx.js:29
[  264005ms] [WARNING] The AudioContext was not allowed to start. It must be resumed (or created) after a user gesture on the page. https://developer.chrome.com/blog/autoplay/#web_audio @ http://localhost:8820/assets/js/sfx.js:88
[  264005ms] [WARNING] The AudioContext was not allowed to start. It must be resumed (or created) after a user gesture on the page. https://developer.chrome.com/blog/autoplay/#web_audio @ http://localhost:8820/assets/js/sfx.js:29
[  264005ms] [WARNING] The AudioContext was not allowed to start. It must be resumed (or created) after a user gesture on the page. https://developer.chrome.com/blog/autoplay/#web_audio @ http://localhost:8820/assets/js/sfx.js:29
[  264006ms] [WARNING] The AudioContext was not allowed to start. It must be resumed (or created) after a user gesture on the page. https://developer.chrome.com/blog/autoplay/#web_audio @ http://localhost:8820/assets/js/sfx.js:88
[  264006ms] [WARNING] The AudioContext was not allowed to start. It must be resumed (or created) after a user gesture on the page. https://developer.chrome.com/blog/autoplay/#web_audio @ http://localhost:8820/assets/js/sfx.js:29
[  264007ms] [WARNING] The AudioContext was not allowed to start. It must be resumed (or created) after a user gesture on the page. https://developer.chrome.com/blog/autoplay/#web_audio @ http://localhost:8820/assets/js/sfx.js:88
[  264007ms] [WARNING] The AudioContext was not allowed to start. It must be resumed (or created) after a user gesture on the page. https://developer.chrome.com/blog/autoplay/#web_audio @ http://localhost:8820/assets/js/sfx.js:29
[  264007ms] [WARNING] The AudioContext was not allowed to start. It must be resumed (or created) after a user gesture on the page. https://developer.chrome.com/blog/autoplay/#web_audio @ http://localhost:8820/assets/js/sfx.js:88
[  264007ms] [WARNING] The AudioContext was not allowed to start. It must be resumed (or created) after a user gesture on the page. https://developer.chrome.com/blog/autoplay/#web_audio @ http://localhost:8820/assets/js/sfx.js:29
[  264007ms] [WARNING] The AudioContext was not allowed to start. It must be resumed (or created) after a user gesture on the page. https://developer.chrome.com/blog/autoplay/#web_audio @ http://localhost:8820/assets/js/sfx.js:88
[  264345ms] [WARNING] The AudioContext was not allowed to start. It must be resumed (or created) after a user gesture on the page. https://developer.chrome.com/blog/autoplay/#web_audio @ http://localhost:8820/assets/js/sfx.js:29
[  264345ms] [WARNING] The AudioContext was not allowed to start. It must be resumed (or created) after a user gesture on the page. https://developer.chrome.com/blog/autoplay/#web_audio @ http://localhost:8820/assets/js/sfx.js:88
[  264693ms] [WARNING] The AudioContext was not allowed to start. It must be resumed (or created) after a user gesture on the page. https://developer.chrome.com/blog/autoplay/#web_audio @ http://localhost:8820/assets/js/sfx.js:29
[  264694ms] [WARNING] The AudioContext was not allowed to start. It must be resumed (or created) after a user gesture on the page. https://developer.chrome.com/blog/autoplay/#web_audio @ http://localhost:8820/assets/js/sfx.js:88
[  264694ms] [WARNING] The AudioContext was not allowed to start. It must be resumed (or created) after a user gesture on the page. https://developer.chrome.com/blog/autoplay/#web_audio @ http://localhost:8820/assets/js/sfx.js:29
[  264694ms] [WARNING] The AudioContext was not allowed to start. It must be resumed (or created) after a user gesture on the page. https://developer.chrome.com/blog/autoplay/#web_audio @ http://localhost:8820/assets/js/sfx.js:88
[  265028ms] [WARNING] The AudioContext was not allowed to start. It must be resumed (or created) after a user gesture on the page. https://developer.chrome.com/blog/autoplay/#web_audio @ http://localhost:8820/assets/js/sfx.js:29
[  265028ms] [WARNING] The AudioContext was not allowed to start. It must be resumed (or created) after a user gesture on the page. https://developer.chrome.com/blog/autoplay/#web_audio @ http://localhost:8820/assets/js/sfx.js:88
[  265378ms] [WARNING] The AudioContext was not allowed to start. It must be resumed (or created) after a user gesture on the page. https://developer.chrome.com/blog/autoplay/#web_audio @ http://localhost:8820/assets/js/sfx.js:29
[  265378ms] [WARNING] The AudioContext was not allowed to start. It must be resumed (or created) after a user gesture on the page. https://developer.chrome.com/blog/autoplay/#web_audio @ http://localhost:8820/assets/js/sfx.js:88
[  265379ms] [WARNING] The AudioContext was not allowed to start. It must be resumed (or created) after a user gesture on the page. https://developer.chrome.com/blog/autoplay/#web_audio @ http://localhost:8820/assets/js/sfx.js:29
[  265379ms] [WARNING] The AudioContext was not allowed to start. It must be resumed (or created) after a user gesture on the page. https://developer.chrome.com/blog/autoplay/#web_audio @ http://localhost:8820/assets/js/sfx.js:88
[  470677ms] [WARNING] The AudioContext was not allowed to start. It must be resumed (or created) after a user gesture on the page. https://developer.chrome.com/blog/autoplay/#web_audio @ https://siinaiiovalle-droid.github.io/startide-arcade/assets/js/sfx.js:253
[  470681ms] [WARNING] The AudioContext was not allowed to start. It must be resumed (or created) after a user gesture on the page. https://developer.chrome.com/blog/autoplay/#web_audio @ https://siinaiiovalle-droid.github.io/startide-arcade/assets/js/sfx.js:29
[  470681ms] [WARNING] The AudioContext was not allowed to start. It must be resumed (or created) after a user gesture on the page. https://developer.chrome.com/blog/autoplay/#web_audio @ https://siinaiiovalle-droid.github.io/startide-arcade/assets/js/sfx.js:29
[  470685ms] [WARNING] The AudioContext was not allowed to start. It must be resumed (or created) after a user gesture on the page. https://developer.chrome.com/blog/autoplay/#web_audio @ https://siinaiiovalle-droid.github.io/startide-arcade/assets/js/sfx.js:88
[  470685ms] [WARNING] The AudioContext was not allowed to start. It must be resumed (or created) after a user gesture on the page. https://developer.chrome.com/blog/autoplay/#web_audio @ https://siinaiiovalle-droid.github.io/startide-arcade/assets/js/sfx.js:29
[  470686ms] [WARNING] The AudioContext was not allowed to start. It must be resumed (or created) after a user gesture on the page. https://developer.chrome.com/blog/autoplay/#web_audio @ https://siinaiiovalle-droid.github.io/startide-arcade/assets/js/sfx.js:88
[  470686ms] [WARNING] The AudioContext was not allowed to start. It must be resumed (or created) after a user gesture on the page. https://developer.chrome.com/blog/autoplay/#web_audio @ https://siinaiiovalle-droid.github.io/startide-arcade/assets/js/sfx.js:29
[  470686ms] [WARNING] The AudioContext was not allowed to start. It must be resumed (or created) after a user gesture on the page. https://developer.chrome.com/blog/autoplay/#web_audio @ https://siinaiiovalle-droid.github.io/startide-arcade/assets/js/sfx.js:29
[  470688ms] [WARNING] The AudioContext was not allowed to start. It must be resumed (or created) after a user gesture on the page. https://developer.chrome.com/blog/autoplay/#web_audio @ https://siinaiiovalle-droid.github.io/startide-arcade/assets/js/sfx.js:88
[  470688ms] [WARNING] The AudioContext was not allowed to start. It must be resumed (or created) after a user gesture on the page. https://developer.chrome.com/blog/autoplay/#web_audio @ https://siinaiiovalle-droid.github.io/startide-arcade/assets/js/sfx.js:29
[  470688ms] [WARNING] The AudioContext was not allowed to start. It must be resumed (or created) after a user gesture on the page. https://developer.chrome.com/blog/autoplay/#web_audio @ https://siinaiiovalle-droid.github.io/startide-arcade/assets/js/sfx.js:88
[  470688ms] [WARNING] The AudioContext was not allowed to start. It must be resumed (or created) after a user gesture on the page. https://developer.chrome.com/blog/autoplay/#web_audio @ https://siinaiiovalle-droid.github.io/startide-arcade/assets/js/sfx.js:29
[  470689ms] [WARNING] The AudioContext was not allowed to start. It must be resumed (or created) after a user gesture on the page. https://developer.chrome.com/blog/autoplay/#web_audio @ https://siinaiiovalle-droid.github.io/startide-arcade/assets/js/sfx.js:88
[  470689ms] [WARNING] The AudioContext was not allowed to start. It must be resumed (or created) after a user gesture on the page. https://developer.chrome.com/blog/autoplay/#web_audio @ https://siinaiiovalle-droid.github.io/startide-arcade/assets/js/sfx.js:29
[  470689ms] [WARNING] The AudioContext was not allowed to start. It must be resumed (or created) after a user gesture on the page. https://developer.chrome.com/blog/autoplay/#web_audio @ https://siinaiiovalle-droid.github.io/startide-arcade/assets/js/sfx.js:88
[  471028ms] [WARNING] The AudioContext was not allowed to start. It must be resumed (or created) after a user gesture on the page. https://developer.chrome.com/blog/autoplay/#web_audio @ https://siinaiiovalle-droid.github.io/startide-arcade/assets/js/sfx.js:29
[  471028ms] [WARNING] The AudioContext was not allowed to start. It must be resumed (or created) after a user gesture on the page. https://developer.chrome.com/blog/autoplay/#web_audio @ https://siinaiiovalle-droid.github.io/startide-arcade/assets/js/sfx.js:88
[  471368ms] [WARNING] The AudioContext was not allowed to start. It must be resumed (or created) after a user gesture on the page. https://developer.chrome.com/blog/autoplay/#web_audio @ https://siinaiiovalle-droid.github.io/startide-arcade/assets/js/sfx.js:29
[  471369ms] [WARNING] The AudioContext was not allowed to start. It must be resumed (or created) after a user gesture on the page. https://developer.chrome.com/blog/autoplay/#web_audio @ https://siinaiiovalle-droid.github.io/startide-arcade/assets/js/sfx.js:88
[  471369ms] [WARNING] The AudioContext was not allowed to start. It must be resumed (or created) after a user gesture on the page. https://developer.chrome.com/blog/autoplay/#web_audio @ https://siinaiiovalle-droid.github.io/startide-arcade/assets/js/sfx.js:29
[  471369ms] [WARNING] The AudioContext was not allowed to start. It must be resumed (or created) after a user gesture on the page. https://developer.chrome.com/blog/autoplay/#web_audio @ https://siinaiiovalle-droid.github.io/startide-arcade/assets/js/sfx.js:88
[  471706ms] [WARNING] The AudioContext was not allowed to start. It must be resumed (or created) after a user gesture on the page. https://developer.chrome.com/blog/autoplay/#web_audio @ https://siinaiiovalle-droid.github.io/startide-arcade/assets/js/sfx.js:29
[  471707ms] [WARNING] The AudioContext was not allowed to start. It must be resumed (or created) after a user gesture on the page. https://developer.chrome.com/blog/autoplay/#web_audio @ https://siinaiiovalle-droid.github.io/startide-arcade/assets/js/sfx.js:88
[  472049ms] [WARNING] The AudioContext was not allowed to start. It must be resumed (or created) after a user gesture on the page. https://developer.chrome.com/blog/autoplay/#web_audio @ https://siinaiiovalle-droid.github.io/startide-arcade/assets/js/sfx.js:29
[  472050ms] [WARNING] The AudioContext was not allowed to start. It must be resumed (or created) after a user gesture on the page. https://developer.chrome.com/blog/autoplay/#web_audio @ https://siinaiiovalle-droid.github.io/startide-arcade/assets/js/sfx.js:88
[  472050ms] [WARNING] The AudioContext was not allowed to start. It must be resumed (or created) after a user gesture on the page. https://developer.chrome.com/blog/autoplay/#web_audio @ https://siinaiiovalle-droid.github.io/startide-arcade/assets/js/sfx.js:29
[  472050ms] [WARNING] The AudioContext was not allowed to start. It must be resumed (or created) after a user gesture on the page. https://developer.chrome.com/blog/autoplay/#web_audio @ https://siinaiiovalle-droid.github.io/startide-arcade/assets/js/sfx.js:88
[  472390ms] [WARNING] The AudioContext was not allowed to start. It must be resumed (or created) after a user gesture on the page. https://developer.chrome.com/blog/autoplay/#web_audio @ https://siinaiiovalle-droid.github.io/startide-arcade/assets/js/sfx.js:29
[  472390ms] [WARNING] The AudioContext was not allowed to start. It must be resumed (or created) after a user gesture on the page. https://developer.chrome.com/blog/autoplay/#web_audio @ https://siinaiiovalle-droid.github.io/startide-arcade/assets/js/sfx.js:88
[  472738ms] [WARNING] The AudioContext was not allowed to start. It must be resumed (or created) after a user gesture on the page. https://developer.chrome.com/blog/autoplay/#web_audio @ https://siinaiiovalle-droid.github.io/startide-arcade/assets/js/sfx.js:29
[  472738ms] [WARNING] The AudioContext was not allowed to start. It must be resumed (or created) after a user gesture on the page. https://developer.chrome.com/blog/autoplay/#web_audio @ https://siinaiiovalle-droid.github.io/startide-arcade/assets/js/sfx.js:88
[  472739ms] [WARNING] The AudioContext was not allowed to start. It must be resumed (or created) after a user gesture on the page. https://developer.chrome.com/blog/autoplay/#web_audio @ https://siinaiiovalle-droid.github.io/startide-arcade/assets/js/sfx.js:29
[  472742ms] [WARNING] The AudioContext was not allowed to start. It must be resumed (or created) after a user gesture on the page. https://developer.chrome.com/blog/autoplay/#web_audio @ https://siinaiiovalle-droid.github.io/startide-arcade/assets/js/sfx.js:88
[  473067ms] [WARNING] The AudioContext was not allowed to start. It must be resumed (or created) after a user gesture on the page. https://developer.chrome.com/blog/autoplay/#web_audio @ https://siinaiiovalle-droid.github.io/startide-arcade/assets/js/sfx.js:29
[  473067ms] [WARNING] The AudioContext was not allowed to start. It must be resumed (or created) after a user gesture on the page. https://developer.chrome.com/blog/autoplay/#web_audio @ https://siinaiiovalle-droid.github.io/startide-arcade/assets/js/sfx.js:88
[  474425ms] [WARNING] The AudioContext was not allowed to start. It must be resumed (or created) after a user gesture on the page. https://developer.chrome.com/blog/autoplay/#web_audio @ https://siinaiiovalle-droid.github.io/startide-arcade/assets/js/sfx.js:253
[  474426ms] [WARNING] The AudioContext was not allowed to start. It must be resumed (or created) after a user gesture on the page. https://developer.chrome.com/blog/autoplay/#web_audio @ https://siinaiiovalle-droid.github.io/startide-arcade/assets/js/sfx.js:29
[  474426ms] [WARNING] The AudioContext was not allowed to start. It must be resumed (or created) after a user gesture on the page. https://developer.chrome.com/blog/autoplay/#web_audio @ https://siinaiiovalle-droid.github.io/startide-arcade/assets/js/sfx.js:29
[  474431ms] [WARNING] The AudioContext was not allowed to start. It must be resumed (or created) after a user gesture on the page. https://developer.chrome.com/blog/autoplay/#web_audio @ https://siinaiiovalle-droid.github.io/startide-arcade/assets/js/sfx.js:88
[  474432ms] [WARNING] The AudioContext was not allowed to start. It must be resumed (or created) after a user gesture on the page. https://developer.chrome.com/blog/autoplay/#web_audio @ https://siinaiiovalle-droid.github.io/startide-arcade/assets/js/sfx.js:29
[  474432ms] [WARNING] The AudioContext was not allowed to start. It must be resumed (or created) after a user gesture on the page. https://developer.chrome.com/blog/autoplay/#web_audio @ https://siinaiiovalle-droid.github.io/startide-arcade/assets/js/sfx.js:88
[  474432ms] [WARNING] The AudioContext was not allowed to start. It must be resumed (or created) after a user gesture on the page. https://developer.chrome.com/blog/autoplay/#web_audio @ https://siinaiiovalle-droid.github.io/startide-arcade/assets/js/sfx.js:29
[  474432ms] [WARNING] The AudioContext was not allowed to start. It must be resumed (or created) after a user gesture on the page. https://developer.chrome.com/blog/autoplay/#web_audio @ https://siinaiiovalle-droid.github.io/startide-arcade/assets/js/sfx.js:29
[  474434ms] [WARNING] The AudioContext was not allowed to start. It must be resumed (or created) after a user gesture on the page. https://developer.chrome.com/blog/autoplay/#web_audio @ https://siinaiiovalle-droid.github.io/startide-arcade/assets/js/sfx.js:88
[  474434ms] [WARNING] The AudioContext was not allowed to start. It must be resumed (or created) after a user gesture on the page. https://developer.chrome.com/blog/autoplay/#web_audio @ https://siinaiiovalle-droid.github.io/startide-arcade/assets/js/sfx.js:29
[  474435ms] [WARNING] The AudioContext was not allowed to start. It must be resumed (or created) after a user gesture on the page. https://developer.chrome.com/blog/autoplay/#web_audio @ https://siinaiiovalle-droid.github.io/startide-arcade/assets/js/sfx.js:88
[  474435ms] [WARNING] The AudioContext was not allowed to start. It must be resumed (or created) after a user gesture on the page. https://developer.chrome.com/blog/autoplay/#web_audio @ https://siinaiiovalle-droid.github.io/startide-arcade/assets/js/sfx.js:29
[  474435ms] [WARNING] The AudioContext was not allowed to start. It must be resumed (or created) after a user gesture on the page. https://developer.chrome.com/blog/autoplay/#web_audio @ https://siinaiiovalle-droid.github.io/startide-arcade/assets/js/sfx.js:88
[  474435ms] [WARNING] The AudioContext was not allowed to start. It must be resumed (or created) after a user gesture on the page. https://developer.chrome.com/blog/autoplay/#web_audio @ https://siinaiiovalle-droid.github.io/startide-arcade/assets/js/sfx.js:29
[  474435ms] [WARNING] The AudioContext was not allowed to start. It must be resumed (or created) after a user gesture on the page. https://developer.chrome.com/blog/autoplay/#web_audio @ https://siinaiiovalle-droid.github.io/startide-arcade/assets/js/sfx.js:88
[  474773ms] [WARNING] The AudioContext was not allowed to start. It must be resumed (or created) after a user gesture on the page. https://developer.chrome.com/blog/autoplay/#web_audio @ https://siinaiiovalle-droid.github.io/startide-arcade/assets/js/sfx.js:29
[  474773ms] [WARNING] The AudioContext was not allowed to start. It must be resumed (or created) after a user gesture on the page. https://developer.chrome.com/blog/autoplay/#web_audio @ https://siinaiiovalle-droid.github.io/startide-arcade/assets/js/sfx.js:88
[  475112ms] [WARNING] The AudioContext was not allowed to start. It must be resumed (or created) after a user gesture on the page. https://developer.chrome.com/blog/autoplay/#web_audio @ https://siinaiiovalle-droid.github.io/startide-arcade/assets/js/sfx.js:29
[  475113ms] [WARNING] The AudioContext was not allowed to start. It must be resumed (or created) after a user gesture on the page. https://developer.chrome.com/blog/autoplay/#web_audio @ https://siinaiiovalle-droid.github.io/startide-arcade/assets/js/sfx.js:88
[  475113ms] [WARNING] The AudioContext was not allowed to start. It must be resumed (or created) after a user gesture on the page. https://developer.chrome.com/blog/autoplay/#web_audio @ https://siinaiiovalle-droid.github.io/startide-arcade/assets/js/sfx.js:29
[  475113ms] [WARNING] The AudioContext was not allowed to start. It must be resumed (or created) after a user gesture on the page. https://developer.chrome.com/blog/autoplay/#web_audio @ https://siinaiiovalle-droid.github.io/startide-arcade/assets/js/sfx.js:88
[  475454ms] [WARNING] The AudioContext was not allowed to start. It must be resumed (or created) after a user gesture on the page. https://developer.chrome.com/blog/autoplay/#web_audio @ https://siinaiiovalle-droid.github.io/startide-arcade/assets/js/sfx.js:29
[  475454ms] [WARNING] The AudioContext was not allowed to start. It must be resumed (or created) after a user gesture on the page. https://developer.chrome.com/blog/autoplay/#web_audio @ https://siinaiiovalle-droid.github.io/startide-arcade/assets/js/sfx.js:88
[  475795ms] [WARNING] The AudioContext was not allowed to start. It must be resumed (or created) after a user gesture on the page. https://developer.chrome.com/blog/autoplay/#web_audio @ https://siinaiiovalle-droid.github.io/startide-arcade/assets/js/sfx.js:29
[  475796ms] [WARNING] The AudioContext was not allowed to start. It must be resumed (or created) after a user gesture on the page. https://developer.chrome.com/blog/autoplay/#web_audio @ https://siinaiiovalle-droid.github.io/startide-arcade/assets/js/sfx.js:88
[  475796ms] [WARNING] The AudioContext was not allowed to start. It must be resumed (or created) after a user gesture on the page. https://developer.chrome.com/blog/autoplay/#web_audio @ https://siinaiiovalle-droid.github.io/startide-arcade/assets/js/sfx.js:29
[  475796ms] [WARNING] The AudioContext was not allowed to start. It must be resumed (or created) after a user gesture on the page. https://developer.chrome.com/blog/autoplay/#web_audio @ https://siinaiiovalle-droid.github.io/startide-arcade/assets/js/sfx.js:88
[  476139ms] [WARNING] The AudioContext was not allowed to start. It must be resumed (or created) after a user gesture on the page. https://developer.chrome.com/blog/autoplay/#web_audio @ https://siinaiiovalle-droid.github.io/startide-arcade/assets/js/sfx.js:29
[  476140ms] [WARNING] The AudioContext was not allowed to start. It must be resumed (or created) after a user gesture on the page. https://developer.chrome.com/blog/autoplay/#web_audio @ https://siinaiiovalle-droid.github.io/startide-arcade/assets/js/sfx.js:88
[  476473ms] [WARNING] The AudioContext was not allowed to start. It must be resumed (or created) after a user gesture on the page. https://developer.chrome.com/blog/autoplay/#web_audio @ https://siinaiiovalle-droid.github.io/startide-arcade/assets/js/sfx.js:29
[  476477ms] [WARNING] The AudioContext was not allowed to start. It must be resumed (or created) after a user gesture on the page. https://developer.chrome.com/blog/autoplay/#web_audio @ https://siinaiiovalle-droid.github.io/startide-arcade/assets/js/sfx.js:88
[  476477ms] [WARNING] The AudioContext was not allowed to start. It must be resumed (or created) after a user gesture on the page. https://developer.chrome.com/blog/autoplay/#web_audio @ https://siinaiiovalle-droid.github.io/startide-arcade/assets/js/sfx.js:29
[  476478ms] [WARNING] The AudioContext was not allowed to start. It must be resumed (or created) after a user gesture on the page. https://developer.chrome.com/blog/autoplay/#web_audio @ https://siinaiiovalle-droid.github.io/startide-arcade/assets/js/sfx.js:88
[  476823ms] [WARNING] The AudioContext was not allowed to start. It must be resumed (or created) after a user gesture on the page. https://developer.chrome.com/blog/autoplay/#web_audio @ https://siinaiiovalle-droid.github.io/startide-arcade/assets/js/sfx.js:29
[  476823ms] [WARNING] The AudioContext was not allowed to start. It must be resumed (or created) after a user gesture on the page. https://developer.chrome.com/blog/autoplay/#web_audio @ https://siinaiiovalle-droid.github.io/startide-arcade/assets/js/sfx.js:88
[  477992ms] [WARNING] The AudioContext was not allowed to start. It must be resumed (or created) after a user gesture on the page. https://developer.chrome.com/blog/autoplay/#web_audio @ https://siinaiiovalle-droid.github.io/startide-arcade/assets/js/sfx.js:253
[  477992ms] [WARNING] The AudioContext was not allowed to start. It must be resumed (or created) after a user gesture on the page. https://developer.chrome.com/blog/autoplay/#web_audio @ https://siinaiiovalle-droid.github.io/startide-arcade/assets/js/sfx.js:29
[  477992ms] [WARNING] The AudioContext was not allowed to start. It must be resumed (or created) after a user gesture on the page. https://developer.chrome.com/blog/autoplay/#web_audio @ https://siinaiiovalle-droid.github.io/startide-arcade/assets/js/sfx.js:29
[  477995ms] [WARNING] The AudioContext was not allowed to start. It must be resumed (or created) after a user gesture on the page. https://developer.chrome.com/blog/autoplay/#web_audio @ https://siinaiiovalle-droid.github.io/startide-arcade/assets/js/sfx.js:88
[  477995ms] [WARNING] The AudioContext was not allowed to start. It must be resumed (or created) after a user gesture on the page. https://developer.chrome.com/blog/autoplay/#web_audio @ https://siinaiiovalle-droid.github.io/startide-arcade/assets/js/sfx.js:29
[  477995ms] [WARNING] The AudioContext was not allowed to start. It must be resumed (or created) after a user gesture on the page. https://developer.chrome.com/blog/autoplay/#web_audio @ https://siinaiiovalle-droid.github.io/startide-arcade/assets/js/sfx.js:88
[  477995ms] [WARNING] The AudioContext was not allowed to start. It must be resumed (or created) after a user gesture on the page. https://developer.chrome.com/blog/autoplay/#web_audio @ https://siinaiiovalle-droid.github.io/startide-arcade/assets/js/sfx.js:29
[  477995ms] [WARNING] The AudioContext was not allowed to start. It must be resumed (or created) after a user gesture on the page. https://developer.chrome.com/blog/autoplay/#web_audio @ https://siinaiiovalle-droid.github.io/startide-arcade/assets/js/sfx.js:29
[  477997ms] [WARNING] The AudioContext was not allowed to start. It must be resumed (or created) after a user gesture on the page. https://developer.chrome.com/blog/autoplay/#web_audio @ https://siinaiiovalle-droid.github.io/startide-arcade/assets/js/sfx.js:88
[  477997ms] [WARNING] The AudioContext was not allowed to start. It must be resumed (or created) after a user gesture on the page. https://developer.chrome.com/blog/autoplay/#web_audio @ https://siinaiiovalle-droid.github.io/startide-arcade/assets/js/sfx.js:29
[  477997ms] [WARNING] The AudioContext was not allowed to start. It must be resumed (or created) after a user gesture on the page. https://developer.chrome.com/blog/autoplay/#web_audio @ https://siinaiiovalle-droid.github.io/startide-arcade/assets/js/sfx.js:88
[  477997ms] [WARNING] The AudioContext was not allowed to start. It must be resumed (or created) after a user gesture on the page. https://developer.chrome.com/blog/autoplay/#web_audio @ https://siinaiiovalle-droid.github.io/startide-arcade/assets/js/sfx.js:29
[  477997ms] [WARNING] The AudioContext was not allowed to start. It must be resumed (or created) after a user gesture on the page. https://developer.chrome.com/blog/autoplay/#web_audio @ https://siinaiiovalle-droid.github.io/startide-arcade/assets/js/sfx.js:88
[  477997ms] [WARNING] The AudioContext was not allowed to start. It must be resumed (or created) after a user gesture on the page. https://developer.chrome.com/blog/autoplay/#web_audio @ https://siinaiiovalle-droid.github.io/startide-arcade/assets/js/sfx.js:29
[  477997ms] [WARNING] The AudioContext was not allowed to start. It must be resumed (or created) after a user gesture on the page. https://developer.chrome.com/blog/autoplay/#web_audio @ https://siinaiiovalle-droid.github.io/startide-arcade/assets/js/sfx.js:88
[  478339ms] [WARNING] The AudioContext was not allowed to start. It must be resumed (or created) after a user gesture on the page. https://developer.chrome.com/blog/autoplay/#web_audio @ https://siinaiiovalle-droid.github.io/startide-arcade/assets/js/sfx.js:29
[  478339ms] [WARNING] The AudioContext was not allowed to start. It must be resumed (or created) after a user gesture on the page. https://developer.chrome.com/blog/autoplay/#web_audio @ https://siinaiiovalle-droid.github.io/startide-arcade/assets/js/sfx.js:88
[  478688ms] [WARNING] The AudioContext was not allowed to start. It must be resumed (or created) after a user gesture on the page. https://developer.chrome.com/blog/autoplay/#web_audio @ https://siinaiiovalle-droid.github.io/startide-arcade/assets/js/sfx.js:29
[  478688ms] [WARNING] The AudioContext was not allowed to start. It must be resumed (or created) after a user gesture on the page. https://developer.chrome.com/blog/autoplay/#web_audio @ https://siinaiiovalle-droid.github.io/startide-arcade/assets/js/sfx.js:88
[  478688ms] [WARNING] The AudioContext was not allowed to start. It must be resumed (or created) after a user gesture on the page. https://developer.chrome.com/blog/autoplay/#web_audio @ https://siinaiiovalle-droid.github.io/startide-arcade/assets/js/sfx.js:29
[  478689ms] [WARNING] The AudioContext was not allowed to start. It must be resumed (or created) after a user gesture on the page. https://developer.chrome.com/blog/autoplay/#web_audio @ https://siinaiiovalle-droid.github.io/startide-arcade/assets/js/sfx.js:88
[  479023ms] [WARNING] The AudioContext was not allowed to start. It must be resumed (or created) after a user gesture on the page. https://developer.chrome.com/blog/autoplay/#web_audio @ https://siinaiiovalle-droid.github.io/startide-arcade/assets/js/sfx.js:29
[  479023ms] [WARNING] The AudioContext was not allowed to start. It must be resumed (or created) after a user gesture on the page. https://developer.chrome.com/blog/autoplay/#web_audio @ https://siinaiiovalle-droid.github.io/startide-arcade/assets/js/sfx.js:88
[  479356ms] [WARNING] The AudioContext was not allowed to start. It must be resumed (or created) after a user gesture on the page. https://developer.chrome.com/blog/autoplay/#web_audio @ https://siinaiiovalle-droid.github.io/startide-arcade/assets/js/sfx.js:29
[  479356ms] [WARNING] The AudioContext was not allowed to start. It must be resumed (or created) after a user gesture on the page. https://developer.chrome.com/blog/autoplay/#web_audio @ https://siinaiiovalle-droid.github.io/startide-arcade/assets/js/sfx.js:88
[  479356ms] [WARNING] The AudioContext was not allowed to start. It must be resumed (or created) after a user gesture on the page. https://developer.chrome.com/blog/autoplay/#web_audio @ https://siinaiiovalle-droid.github.io/startide-arcade/assets/js/sfx.js:29
[  479356ms] [WARNING] The AudioContext was not allowed to start. It must be resumed (or created) after a user gesture on the page. https://developer.chrome.com/blog/autoplay/#web_audio @ https://siinaiiovalle-droid.github.io/startide-arcade/assets/js/sfx.js:88
[  479705ms] [WARNING] The AudioContext was not allowed to start. It must be resumed (or created) after a user gesture on the page. https://developer.chrome.com/blog/autoplay/#web_audio @ https://siinaiiovalle-droid.github.io/startide-arcade/assets/js/sfx.js:29
[  479705ms] [WARNING] The AudioContext was not allowed to start. It must be resumed (or created) after a user gesture on the page. https://developer.chrome.com/blog/autoplay/#web_audio @ https://siinaiiovalle-droid.github.io/startide-arcade/assets/js/sfx.js:88
[  480039ms] [WARNING] The AudioContext was not allowed to start. It must be resumed (or created) after a user gesture on the page. https://developer.chrome.com/blog/autoplay/#web_audio @ https://siinaiiovalle-droid.github.io/startide-arcade/assets/js/sfx.js:29
[  480040ms] [WARNING] The AudioContext was not allowed to start. It must be resumed (or created) after a user gesture on the page. https://developer.chrome.com/blog/autoplay/#web_audio @ https://siinaiiovalle-droid.github.io/startide-arcade/assets/js/sfx.js:88
[  480040ms] [WARNING] The AudioContext was not allowed to start. It must be resumed (or created) after a user gesture on the page. https://developer.chrome.com/blog/autoplay/#web_audio @ https://siinaiiovalle-droid.github.io/startide-arcade/assets/js/sfx.js:29
[  480040ms] [WARNING] The AudioContext was not allowed to start. It must be resumed (or created) after a user gesture on the page. https://developer.chrome.com/blog/autoplay/#web_audio @ https://siinaiiovalle-droid.github.io/startide-arcade/assets/js/sfx.js:88
[  480388ms] [WARNING] The AudioContext was not allowed to start. It must be resumed (or created) after a user gesture on the page. https://developer.chrome.com/blog/autoplay/#web_audio @ https://siinaiiovalle-droid.github.io/startide-arcade/assets/js/sfx.js:29
[  480388ms] [WARNING] The AudioContext was not allowed to start. It must be resumed (or created) after a user gesture on the page. https://developer.chrome.com/blog/autoplay/#web_audio @ https://siinaiiovalle-droid.github.io/startide-arcade/assets/js/sfx.js:88
