[     960ms] [WARNING] The AudioContext was not allowed to start. It must be resumed (or created) after a user gesture on the page. https://developer.chrome.com/blog/autoplay/#web_audio @ http://localhost:8820/assets/js/sfx.js:253
[     960ms] [WARNING] The AudioContext was not allowed to start. It must be resumed (or created) after a user gesture on the page. https://developer.chrome.com/blog/autoplay/#web_audio @ http://localhost:8820/assets/js/sfx.js:29
[     960ms] [WARNING] The AudioContext was not allowed to start. It must be resumed (or created) after a user gesture on the page. https://developer.chrome.com/blog/autoplay/#web_audio @ http://localhost:8820/assets/js/sfx.js:29
[     961ms] [WARNING] The AudioContext was not allowed to start. It must be resumed (or created) after a user gesture on the page. https://developer.chrome.com/blog/autoplay/#web_audio @ http://localhost:8820/assets/js/sfx.js:88
[     962ms] [WARNING] The AudioContext was not allowed to start. It must be resumed (or created) after a user gesture on the page. https://developer.chrome.com/blog/autoplay/#web_audio @ http://localhost:8820/assets/js/sfx.js:29
[     962ms] [WARNING] The AudioContext was not allowed to start. It must be resumed (or created) after a user gesture on the page. https://developer.chrome.com/blog/autoplay/#web_audio @ http://localhost:8820/assets/js/sfx.js:88
[     962ms] [WARNING] The AudioContext was not allowed to start. It must be resumed (or created) after a user gesture on the page. https://developer.chrome.com/blog/autoplay/#web_audio @ http://localhost:8820/assets/js/sfx.js:29
[     962ms] [WARNING] The AudioContext was not allowed to start. It must be resumed (or created) after a user gesture on the page. https://developer.chrome.com/blog/autoplay/#web_audio @ http://localhost:8820/assets/js/sfx.js:29
[     962ms] [WARNING] The AudioContext was not allowed to start. It must be resumed (or created) after a user gesture on the page. https://developer.chrome.com/blog/autoplay/#web_audio @ http://localhost:8820/assets/js/sfx.js:88
[     962ms] [WARNING] The AudioContext was not allowed to start. It must be resumed (or created) after a user gesture on the page. https://developer.chrome.com/blog/autoplay/#web_audio @ http://localhost:8820/assets/js/sfx.js:29
[     962ms] [WARNING] The AudioContext was not allowed to start. It must be resumed (or created) after a user gesture on the page. https://developer.chrome.com/blog/autoplay/#web_audio @ http://localhost:8820/assets/js/sfx.js:88
[     962ms] [WARNING] The AudioContext was not allowed to start. It must be resumed (or created) after a user gesture on the page. https://developer.chrome.com/blog/autoplay/#web_audio @ http://localhost:8820/assets/js/sfx.js:29
[     962ms] [WARNING] The AudioContext was not allowed to start. It must be resumed (or created) after a user gesture on the page. https://developer.chrome.com/blog/autoplay/#web_audio @ http://localhost:8820/assets/js/sfx.js:88
[     962ms] [WARNING] The AudioContext was not allowed to start. It must be resumed (or created) after a user gesture on the page. https://developer.chrome.com/blog/autoplay/#web_audio @ http://localhost:8820/assets/js/sfx.js:29
[     962ms] [WARNING] The AudioContext was not allowed to start. It must be resumed (or created) after a user gesture on the page. https://developer.chrome.com/blog/autoplay/#web_audio @ http://localhost:8820/assets/js/sfx.js:88
[    1304ms] [WARNING] The AudioContext was not allowed to start. It must be resumed (or created) after a user gesture on the page. https://developer.chrome.com/blog/autoplay/#web_audio @ http://localhost:8820/assets/js/sfx.js:29
[    1305ms] [WARNING] The AudioContext was not allowed to start. It must be resumed (or created) after a user gesture on the page. https://developer.chrome.com/blog/autoplay/#web_audio @ http://localhost:8820/assets/js/sfx.js:88
[    1649ms] [WARNING] The AudioContext was not allowed to start. It must be resumed (or created) after a user gesture on the page. https://developer.chrome.com/blog/autoplay/#web_audio @ http://localhost:8820/assets/js/sfx.js:29
[    1650ms] [WARNING] The AudioContext was not allowed to start. It must be resumed (or created) after a user gesture on the page. https://developer.chrome.com/blog/autoplay/#web_audio @ http://localhost:8820/assets/js/sfx.js:88
[    1650ms] [WARNING] The AudioContext was not allowed to start. It must be resumed (or created) after a user gesture on the page. https://developer.chrome.com/blog/autoplay/#web_audio @ http://localhost:8820/assets/js/sfx.js:29
[    1650ms] [WARNING] The AudioContext was not allowed to start. It must be resumed (or created) after a user gesture on the page. https://developer.chrome.com/blog/autoplay/#web_audio @ http://localhost:8820/assets/js/sfx.js:88
[    1988ms] [WARNING] The AudioContext was not allowed to start. It must be resumed (or created) after a user gesture on the page. https://developer.chrome.com/blog/autoplay/#web_audio @ http://localhost:8820/assets/js/sfx.js:29
[    1988ms] [WARNING] The AudioContext was not allowed to start. It must be resumed (or created) after a user gesture on the page. https://developer.chrome.com/blog/autoplay/#web_audio @ http://localhost:8820/assets/js/sfx.js:88
[    2323ms] [WARNING] The AudioContext was not allowed to start. It must be resumed (or created) after a user gesture on the page. https://developer.chrome.com/blog/autoplay/#web_audio @ http://localhost:8820/assets/js/sfx.js:29
[    2323ms] [WARNING] The AudioContext was not allowed to start. It must be resumed (or created) after a user gesture on the page. https://developer.chrome.com/blog/autoplay/#web_audio @ http://localhost:8820/assets/js/sfx.js:88
[    2323ms] [WARNING] The AudioContext was not allowed to start. It must be resumed (or created) after a user gesture on the page. https://developer.chrome.com/blog/autoplay/#web_audio @ http://localhost:8820/assets/js/sfx.js:29
[    2323ms] [WARNING] The AudioContext was not allowed to start. It must be resumed (or created) after a user gesture on the page. https://developer.chrome.com/blog/autoplay/#web_audio @ http://localhost:8820/assets/js/sfx.js:88
[   15446ms] [WARNING] The AudioContext was not allowed to start. It must be resumed (or created) after a user gesture on the page. https://developer.chrome.com/blog/autoplay/#web_audio @ http://localhost:8820/assets/js/sfx.js:253
[   15446ms] [WARNING] The AudioContext was not allowed to start. It must be resumed (or created) after a user gesture on the page. https://developer.chrome.com/blog/autoplay/#web_audio @ http://localhost:8820/assets/js/sfx.js:29
[   15446ms] [WARNING] The AudioContext was not allowed to start. It must be resumed (or created) after a user gesture on the page. https://developer.chrome.com/blog/autoplay/#web_audio @ http://localhost:8820/assets/js/sfx.js:29
[   15449ms] [WARNING] The AudioContext was not allowed to start. It must be resumed (or created) after a user gesture on the page. https://developer.chrome.com/blog/autoplay/#web_audio @ http://localhost:8820/assets/js/sfx.js:88
[   15449ms] [WARNING] The AudioContext was not allowed to start. It must be resumed (or created) after a user gesture on the page. https://developer.chrome.com/blog/autoplay/#web_audio @ http://localhost:8820/assets/js/sfx.js:29
[   15449ms] [WARNING] The AudioContext was not allowed to start. It must be resumed (or created) after a user gesture on the page. https://developer.chrome.com/blog/autoplay/#web_audio @ http://localhost:8820/assets/js/sfx.js:88
[   15450ms] [WARNING] The AudioContext was not allowed to start. It must be resumed (or created) after a user gesture on the page. https://developer.chrome.com/blog/autoplay/#web_audio @ http://localhost:8820/assets/js/sfx.js:29
[   15450ms] [WARNING] The AudioContext was not allowed to start. It must be resumed (or created) after a user gesture on the page. https://developer.chrome.com/blog/autoplay/#web_audio @ http://localhost:8820/assets/js/sfx.js:29
[   15451ms] [WARNING] The AudioContext was not allowed to start. It must be resumed (or created) after a user gesture on the page. https://developer.chrome.com/blog/autoplay/#web_audio @ http://localhost:8820/assets/js/sfx.js:88
[   15452ms] [WARNING] The AudioContext was not allowed to start. It must be resumed (or created) after a user gesture on the page. https://developer.chrome.com/blog/autoplay/#web_audio @ http://localhost:8820/assets/js/sfx.js:29
[   15452ms] [WARNING] The AudioContext was not allowed to start. It must be resumed (or created) after a user gesture on the page. https://developer.chrome.com/blog/autoplay/#web_audio @ http://localhost:8820/assets/js/sfx.js:88
[   15452ms] [WARNING] The AudioContext was not allowed to start. It must be resumed (or created) after a user gesture on the page. https://developer.chrome.com/blog/autoplay/#web_audio @ http://localhost:8820/assets/js/sfx.js:29
[   15452ms] [WARNING] The AudioContext was not allowed to start. It must be resumed (or created) after a user gesture on the page. https://developer.chrome.com/blog/autoplay/#web_audio @ http://localhost:8820/assets/js/sfx.js:88
[   15452ms] [WARNING] The AudioContext was not allowed to start. It must be resumed (or created) after a user gesture on the page. https://developer.chrome.com/blog/autoplay/#web_audio @ http://localhost:8820/assets/js/sfx.js:29
[   15452ms] [WARNING] The AudioContext was not allowed to start. It must be resumed (or created) after a user gesture on the page. https://developer.chrome.com/blog/autoplay/#web_audio @ http://localhost:8820/assets/js/sfx.js:88
[   15796ms] [WARNING] The AudioContext was not allowed to start. It must be resumed (or created) after a user gesture on the page. https://developer.chrome.com/blog/autoplay/#web_audio @ http://localhost:8820/assets/js/sfx.js:29
[   15796ms] [WARNING] The AudioContext was not allowed to start. It must be resumed (or created) after a user gesture on the page. https://developer.chrome.com/blog/autoplay/#web_audio @ http://localhost:8820/assets/js/sfx.js:88
[   16137ms] [WARNING] The AudioContext was not allowed to start. It must be resumed (or created) after a user gesture on the page. https://developer.chrome.com/blog/autoplay/#web_audio @ http://localhost:8820/assets/js/sfx.js:29
[   16137ms] [WARNING] The AudioContext was not allowed to start. It must be resumed (or created) after a user gesture on the page. https://developer.chrome.com/blog/autoplay/#web_audio @ http://localhost:8820/assets/js/sfx.js:88
[   16137ms] [WARNING] The AudioContext was not allowed to start. It must be resumed (or created) after a user gesture on the page. https://developer.chrome.com/blog/autoplay/#web_audio @ http://localhost:8820/assets/js/sfx.js:29
[   16137ms] [WARNING] The AudioContext was not allowed to start. It must be resumed (or created) after a user gesture on the page. https://developer.chrome.com/blog/autoplay/#web_audio @ http://localhost:8820/assets/js/sfx.js:88
[   16470ms] [WARNING] The AudioContext was not allowed to start. It must be resumed (or created) after a user gesture on the page. https://developer.chrome.com/blog/autoplay/#web_audio @ http://localhost:8820/assets/js/sfx.js:29
[   16471ms] [WARNING] The AudioContext was not allowed to start. It must be resumed (or created) after a user gesture on the page. https://developer.chrome.com/blog/autoplay/#web_audio @ http://localhost:8820/assets/js/sfx.js:88
[   16822ms] [WARNING] The AudioContext was not allowed to start. It must be resumed (or created) after a user gesture on the page. https://developer.chrome.com/blog/autoplay/#web_audio @ http://localhost:8820/assets/js/sfx.js:29
[   16823ms] [WARNING] The AudioContext was not allowed to start. It must be resumed (or created) after a user gesture on the page. https://developer.chrome.com/blog/autoplay/#web_audio @ http://localhost:8820/assets/js/sfx.js:88
[   16823ms] [WARNING] The AudioContext was not allowed to start. It must be resumed (or created) after a user gesture on the page. https://developer.chrome.com/blog/autoplay/#web_audio @ http://localhost:8820/assets/js/sfx.js:29
[   16823ms] [WARNING] The AudioContext was not allowed to start. It must be resumed (or created) after a user gesture on the page. https://developer.chrome.com/blog/autoplay/#web_audio @ http://localhost:8820/assets/js/sfx.js:88
[   26386ms] [WARNING] The AudioContext was not allowed to start. It must be resumed (or created) after a user gesture on the page. https://developer.chrome.com/blog/autoplay/#web_audio @ http://localhost:8820/assets/js/sfx.js:253
[   26386ms] [WARNING] The AudioContext was not allowed to start. It must be resumed (or created) after a user gesture on the page. https://developer.chrome.com/blog/autoplay/#web_audio @ http://localhost:8820/assets/js/sfx.js:29
[   26386ms] [WARNING] The AudioContext was not allowed to start. It must be resumed (or created) after a user gesture on the page. https://developer.chrome.com/blog/autoplay/#web_audio @ http://localhost:8820/assets/js/sfx.js:29
[   26388ms] [WARNING] The AudioContext was not allowed to start. It must be resumed (or created) after a user gesture on the page. https://developer.chrome.com/blog/autoplay/#web_audio @ http://localhost:8820/assets/js/sfx.js:88
[   26388ms] [WARNING] The AudioContext was not allowed to start. It must be resumed (or created) after a user gesture on the page. https://developer.chrome.com/blog/autoplay/#web_audio @ http://localhost:8820/assets/js/sfx.js:29
[   26389ms] [WARNING] The AudioContext was not allowed to start. It must be resumed (or created) after a user gesture on the page. https://developer.chrome.com/blog/autoplay/#web_audio @ http://localhost:8820/assets/js/sfx.js:88
[   26389ms] [WARNING] The AudioContext was not allowed to start. It must be resumed (or created) after a user gesture on the page. https://developer.chrome.com/blog/autoplay/#web_audio @ http://localhost:8820/assets/js/sfx.js:29
[   26389ms] [WARNING] The AudioContext was not allowed to start. It must be resumed (or created) after a user gesture on the page. https://developer.chrome.com/blog/autoplay/#web_audio @ http://localhost:8820/assets/js/sfx.js:29
[   26389ms] [WARNING] The AudioContext was not allowed to start. It must be resumed (or created) after a user gesture on the page. https://developer.chrome.com/blog/autoplay/#web_audio @ http://localhost:8820/assets/js/sfx.js:88
[   26389ms] [WARNING] The AudioContext was not allowed to start. It must be resumed (or created) after a user gesture on the page. https://developer.chrome.com/blog/autoplay/#web_audio @ http://localhost:8820/assets/js/sfx.js:29
[   26390ms] [WARNING] The AudioContext was not allowed to start. It must be resumed (or created) after a user gesture on the page. https://developer.chrome.com/blog/autoplay/#web_audio @ http://localhost:8820/assets/js/sfx.js:88
[   26390ms] [WARNING] The AudioContext was not allowed to start. It must be resumed (or created) after a user gesture on the page. https://developer.chrome.com/blog/autoplay/#web_audio @ http://localhost:8820/assets/js/sfx.js:29
[   26390ms] [WARNING] The AudioContext was not allowed to start. It must be resumed (or created) after a user gesture on the page. https://developer.chrome.com/blog/autoplay/#web_audio @ http://localhost:8820/assets/js/sfx.js:88
[   26390ms] [WARNING] The AudioContext was not allowed to start. It must be resumed (or created) after a user gesture on the page. https://developer.chrome.com/blog/autoplay/#web_audio @ http://localhost:8820/assets/js/sfx.js:29
[   26390ms] [WARNING] The AudioContext was not allowed to start. It must be resumed (or created) after a user gesture on the page. https://developer.chrome.com/blog/autoplay/#web_audio @ http://localhost:8820/assets/js/sfx.js:88
[   26687ms] [WARNING] The AudioContext was not allowed to start. It must be resumed (or created) after a user gesture on the page. https://developer.chrome.com/blog/autoplay/#web_audio @ http://localhost:8820/assets/js/sfx.js:29
[   26687ms] [WARNING] The AudioContext was not allowed to start. It must be resumed (or created) after a user gesture on the page. https://developer.chrome.com/blog/autoplay/#web_audio @ http://localhost:8820/assets/js/sfx.js:88
[   26970ms] [WARNING] The AudioContext was not allowed to start. It must be resumed (or created) after a user gesture on the page. https://developer.chrome.com/blog/autoplay/#web_audio @ http://localhost:8820/assets/js/sfx.js:29
[   26970ms] [WARNING] The AudioContext was not allowed to start. It must be resumed (or created) after a user gesture on the page. https://developer.chrome.com/blog/autoplay/#web_audio @ http://localhost:8820/assets/js/sfx.js:88
[   26970ms] [WARNING] The AudioContext was not allowed to start. It must be resumed (or created) after a user gesture on the page. https://developer.chrome.com/blog/autoplay/#web_audio @ http://localhost:8820/assets/js/sfx.js:29
[   26971ms] [WARNING] The AudioContext was not allowed to start. It must be resumed (or created) after a user gesture on the page. https://developer.chrome.com/blog/autoplay/#web_audio @ http://localhost:8820/assets/js/sfx.js:88
[   27254ms] [WARNING] The AudioContext was not allowed to start. It must be resumed (or created) after a user gesture on the page. https://developer.chrome.com/blog/autoplay/#web_audio @ http://localhost:8820/assets/js/sfx.js:29
[   27254ms] [WARNING] The AudioContext was not allowed to start. It must be resumed (or created) after a user gesture on the page. https://developer.chrome.com/blog/autoplay/#web_audio @ http://localhost:8820/assets/js/sfx.js:88
[   27542ms] [WARNING] The AudioContext was not allowed to start. It must be resumed (or created) after a user gesture on the page. https://developer.chrome.com/blog/autoplay/#web_audio @ http://localhost:8820/assets/js/sfx.js:29
[   27542ms] [WARNING] The AudioContext was not allowed to start. It must be resumed (or created) after a user gesture on the page. https://developer.chrome.com/blog/autoplay/#web_audio @ http://localhost:8820/assets/js/sfx.js:88
[   27542ms] [WARNING] The AudioContext was not allowed to start. It must be resumed (or created) after a user gesture on the page. https://developer.chrome.com/blog/autoplay/#web_audio @ http://localhost:8820/assets/js/sfx.js:29
[   27542ms] [WARNING] The AudioContext was not allowed to start. It must be resumed (or created) after a user gesture on the page. https://developer.chrome.com/blog/autoplay/#web_audio @ http://localhost:8820/assets/js/sfx.js:88
[   27836ms] [WARNING] The AudioContext was not allowed to start. It must be resumed (or created) after a user gesture on the page. https://developer.chrome.com/blog/autoplay/#web_audio @ http://localhost:8820/assets/js/sfx.js:29
[   27837ms] [WARNING] The AudioContext was not allowed to start. It must be resumed (or created) after a user gesture on the page. https://developer.chrome.com/blog/autoplay/#web_audio @ http://localhost:8820/assets/js/sfx.js:88
[   35054ms] [ERROR] [GameKit] suika TypeError: Cannot read properties of undefined (reading 'c2')
    at merge (http://localhost:8820/assets/js/games/suika.js:89:165)
    at step (http://localhost:8820/assets/js/games/suika.js:127:17)
    at update (http://localhost:8820/assets/js/games/suika.js:166:35)
    at http://localhost:8820/assets/js/games/suika.js:297:32
    at frame (http://localhost:8820/assets/js/games/engine.js:217:29) @ http://localhost:8820/assets/js/games/engine.js:216
[   35069ms] [ERROR] [GameKit] suika TypeError: Failed to execute 'createRadialGradient' on 'CanvasRenderingContext2D': The provided double value is non-finite.
    at render (http://localhost:8820/assets/js/games/suika.js:254:23)
    at http://localhost:8820/assets/js/games/suika.js:297:44
    at frame (http://localhost:8820/assets/js/games/engine.js:217:29) @ http://localhost:8820/assets/js/games/engine.js:216
[   35086ms] [ERROR] [GameKit] suika TypeError: Failed to execute 'createRadialGradient' on 'CanvasRenderingContext2D': The provided double value is non-finite.
    at render (http://localhost:8820/assets/js/games/suika.js:254:23)
    at http://localhost:8820/assets/js/games/suika.js:297:44
    at frame (http://localhost:8820/assets/js/games/engine.js:217:29) @ http://localhost:8820/assets/js/games/engine.js:216
[   35103ms] [ERROR] [GameKit] suika TypeError: Failed to execute 'createRadialGradient' on 'CanvasRenderingContext2D': The provided double value is non-finite.
    at render (http://localhost:8820/assets/js/games/suika.js:254:23)
    at http://localhost:8820/assets/js/games/suika.js:297:44
    at frame (http://localhost:8820/assets/js/games/engine.js:217:29) @ http://localhost:8820/assets/js/games/engine.js:216
[   35238ms] [ERROR] [GameKit] suika TypeError: Failed to execute 'createRadialGradient' on 'CanvasRenderingContext2D': The provided double value is non-finite.
    at render (http://localhost:8820/assets/js/games/suika.js:254:23)
    at http://localhost:8820/assets/js/games/suika.js:297:44
    at frame (http://localhost:8820/assets/js/games/engine.js:217:29) @ http://localhost:8820/assets/js/games/engine.js:216
[   35252ms] [ERROR] [GameKit] suika TypeError: Failed to execute 'createRadialGradient' on 'CanvasRenderingContext2D': The provided double value is non-finite.
    at render (http://localhost:8820/assets/js/games/suika.js:254:23)
    at http://localhost:8820/assets/js/games/suika.js:297:44
    at frame (http://localhost:8820/assets/js/games/engine.js:217:29) @ http://localhost:8820/assets/js/games/engine.js:216
[   35269ms] [ERROR] [GameKit] suika TypeError: Failed to execute 'createRadialGradient' on 'CanvasRenderingContext2D': The provided double value is non-finite.
    at render (http://localhost:8820/assets/js/games/suika.js:254:23)
    at http://localhost:8820/assets/js/games/suika.js:297:44
    at frame (http://localhost:8820/assets/js/games/engine.js:217:29) @ http://localhost:8820/assets/js/games/engine.js:216
[   35286ms] [ERROR] [GameKit] suika TypeError: Failed to execute 'createRadialGradient' on 'CanvasRenderingContext2D': The provided double value is non-finite.
    at render (http://localhost:8820/assets/js/games/suika.js:254:23)
    at http://localhost:8820/assets/js/games/suika.js:297:44
    at frame (http://localhost:8820/assets/js/games/engine.js:217:29) @ http://localhost:8820/assets/js/games/engine.js:216
[   35302ms] [ERROR] [GameKit] suika TypeError: Failed to execute 'createRadialGradient' on 'CanvasRenderingContext2D': The provided double value is non-finite.
    at render (http://localhost:8820/assets/js/games/suika.js:254:23)
    at http://localhost:8820/assets/js/games/suika.js:297:44
    at frame (http://localhost:8820/assets/js/games/engine.js:217:29) @ http://localhost:8820/assets/js/games/engine.js:216
[   35319ms] [ERROR] [GameKit] suika TypeError: Failed to execute 'createRadialGradient' on 'CanvasRenderingContext2D': The provided double value is non-finite.
    at render (http://localhost:8820/assets/js/games/suika.js:254:23)
    at http://localhost:8820/assets/js/games/suika.js:297:44
    at frame (http://localhost:8820/assets/js/games/engine.js:217:29) @ http://localhost:8820/assets/js/games/engine.js:216
[   35336ms] [ERROR] [GameKit] suika TypeError: Failed to execute 'createRadialGradient' on 'CanvasRenderingContext2D': The provided double value is non-finite.
    at render (http://localhost:8820/assets/js/games/suika.js:254:23)
    at http://localhost:8820/assets/js/games/suika.js:297:44
    at frame (http://localhost:8820/assets/js/games/engine.js:217:29) @ http://localhost:8820/assets/js/games/engine.js:216
[   35353ms] [ERROR] [GameKit] suika TypeError: Failed to execute 'createRadialGradient' on 'CanvasRenderingContext2D': The provided double value is non-finite.
    at render (http://localhost:8820/assets/js/games/suika.js:254:23)
    at http://localhost:8820/assets/js/games/suika.js:297:44
    at frame (http://localhost:8820/assets/js/games/engine.js:217:29) @ http://localhost:8820/assets/js/games/engine.js:216
[   35369ms] [ERROR] [GameKit] suika TypeError: Failed to execute 'createRadialGradient' on 'CanvasRenderingContext2D': The provided double value is non-finite.
    at render (http://localhost:8820/assets/js/games/suika.js:254:23)
    at http://localhost:8820/assets/js/games/suika.js:297:44
    at frame (http://localhost:8820/assets/js/games/engine.js:217:29) @ http://localhost:8820/assets/js/games/engine.js:216
[   35386ms] [ERROR] [GameKit] suika TypeError: Failed to execute 'createRadialGradient' on 'CanvasRenderingContext2D': The provided double value is non-finite.
    at render (http://localhost:8820/assets/js/games/suika.js:254:23)
    at http://localhost:8820/assets/js/games/suika.js:297:44
    at frame (http://localhost:8820/assets/js/games/engine.js:217:29) @ http://localhost:8820/assets/js/games/engine.js:216
[   35402ms] [ERROR] [GameKit] suika TypeError: Failed to execute 'createRadialGradient' on 'CanvasRenderingContext2D': The provided double value is non-finite.
    at render (http://localhost:8820/assets/js/games/suika.js:254:23)
    at http://localhost:8820/assets/js/games/suika.js:297:44
    at frame (http://localhost:8820/assets/js/games/engine.js:217:29) @ http://localhost:8820/assets/js/games/engine.js:216
[   35419ms] [ERROR] [GameKit] suika TypeError: Failed to execute 'createRadialGradient' on 'CanvasRenderingContext2D': The provided double value is non-finite.
    at render (http://localhost:8820/assets/js/games/suika.js:254:23)
    at http://localhost:8820/assets/js/games/suika.js:297:44
    at frame (http://localhost:8820/assets/js/games/engine.js:217:29) @ http://localhost:8820/assets/js/games/engine.js:216
[   35436ms] [ERROR] [GameKit] suika TypeError: Failed to execute 'createRadialGradient' on 'CanvasRenderingContext2D': The provided double value is non-finite.
    at render (http://localhost:8820/assets/js/games/suika.js:254:23)
    at http://localhost:8820/assets/js/games/suika.js:297:44
    at frame (http://localhost:8820/assets/js/games/engine.js:217:29) @ http://localhost:8820/assets/js/games/engine.js:216
[   35453ms] [ERROR] [GameKit] suika TypeError: Failed to execute 'createRadialGradient' on 'CanvasRenderingContext2D': The provided double value is non-finite.
    at render (http://localhost:8820/assets/js/games/suika.js:254:23)
    at http://localhost:8820/assets/js/games/suika.js:297:44
    at frame (http://localhost:8820/assets/js/games/engine.js:217:29) @ http://localhost:8820/assets/js/games/engine.js:216
[   35469ms] [ERROR] [GameKit] suika TypeError: Failed to execute 'createRadialGradient' on 'CanvasRenderingContext2D': The provided double value is non-finite.
    at render (http://localhost:8820/assets/js/games/suika.js:254:23)
    at http://localhost:8820/assets/js/games/suika.js:297:44
    at frame (http://localhost:8820/assets/js/games/engine.js:217:29) @ http://localhost:8820/assets/js/games/engine.js:216
[   35486ms] [ERROR] [GameKit] suika TypeError: Failed to execute 'createRadialGradient' on 'CanvasRenderingContext2D': The provided double value is non-finite.
    at render (http://localhost:8820/assets/js/games/suika.js:254:23)
    at http://localhost:8820/assets/js/games/suika.js:297:44
    at frame (http://localhost:8820/assets/js/games/engine.js:217:29) @ http://localhost:8820/assets/js/games/engine.js:216
[   35502ms] [ERROR] [GameKit] suika TypeError: Failed to execute 'createRadialGradient' on 'CanvasRenderingContext2D': The provided double value is non-finite.
    at render (http://localhost:8820/assets/js/games/suika.js:254:23)
    at http://localhost:8820/assets/js/games/suika.js:297:44
    at frame (http://localhost:8820/assets/js/games/engine.js:217:29) @ http://localhost:8820/assets/js/games/engine.js:216
[   35519ms] [ERROR] [GameKit] suika TypeError: Failed to execute 'createRadialGradient' on 'CanvasRenderingContext2D': The provided double value is non-finite.
    at render (http://localhost:8820/assets/js/games/suika.js:254:23)
    at http://localhost:8820/assets/js/games/suika.js:297:44
    at frame (http://localhost:8820/assets/js/games/engine.js:217:29) @ http://localhost:8820/assets/js/games/engine.js:216
[   35536ms] [ERROR] [GameKit] suika TypeError: Failed to execute 'createRadialGradient' on 'CanvasRenderingContext2D': The provided double value is non-finite.
    at render (http://localhost:8820/assets/js/games/suika.js:254:23)
    at http://localhost:8820/assets/js/games/suika.js:297:44
    at frame (http://localhost:8820/assets/js/games/engine.js:217:29) @ http://localhost:8820/assets/js/games/engine.js:216
[   35553ms] [ERROR] [GameKit] suika TypeError: Failed to execute 'createRadialGradient' on 'CanvasRenderingContext2D': The provided double value is non-finite.
    at render (http://localhost:8820/assets/js/games/suika.js:254:23)
    at http://localhost:8820/assets/js/games/suika.js:297:44
    at frame (http://localhost:8820/assets/js/games/engine.js:217:29) @ http://localhost:8820/assets/js/games/engine.js:216
[   35569ms] [ERROR] [GameKit] suika TypeError: Failed to execute 'createRadialGradient' on 'CanvasRenderingContext2D': The provided double value is non-finite.
    at render (http://localhost:8820/assets/js/games/suika.js:254:23)
    at http://localhost:8820/assets/js/games/suika.js:297:44
    at frame (http://localhost:8820/assets/js/games/engine.js:217:29) @ http://localhost:8820/assets/js/games/engine.js:216
[   35586ms] [ERROR] [GameKit] suika TypeError: Failed to execute 'createRadialGradient' on 'CanvasRenderingContext2D': The provided double value is non-finite.
    at render (http://localhost:8820/assets/js/games/suika.js:254:23)
    at http://localhost:8820/assets/js/games/suika.js:297:44
    at frame (http://localhost:8820/assets/js/games/engine.js:217:29) @ http://localhost:8820/assets/js/games/engine.js:216
[   35602ms] [ERROR] [GameKit] suika TypeError: Failed to execute 'createRadialGradient' on 'CanvasRenderingContext2D': The provided double value is non-finite.
    at render (http://localhost:8820/assets/js/games/suika.js:254:23)
    at http://localhost:8820/assets/js/games/suika.js:297:44
    at frame (http://localhost:8820/assets/js/games/engine.js:217:29) @ http://localhost:8820/assets/js/games/engine.js:216
[   35619ms] [ERROR] [GameKit] suika TypeError: Failed to execute 'createRadialGradient' on 'CanvasRenderingContext2D': The provided double value is non-finite.
    at render (http://localhost:8820/assets/js/games/suika.js:254:23)
    at http://localhost:8820/assets/js/games/suika.js:297:44
    at frame (http://localhost:8820/assets/js/games/engine.js:217:29) @ http://localhost:8820/assets/js/games/engine.js:216
[   35636ms] [ERROR] [GameKit] suika TypeError: Failed to execute 'createRadialGradient' on 'CanvasRenderingContext2D': The provided double value is non-finite.
    at render (http://localhost:8820/assets/js/games/suika.js:254:23)
    at http://localhost:8820/assets/js/games/suika.js:297:44
    at frame (http://localhost:8820/assets/js/games/engine.js:217:29) @ http://localhost:8820/assets/js/games/engine.js:216
[   35653ms] [ERROR] [GameKit] suika TypeError: Failed to execute 'createRadialGradient' on 'CanvasRenderingContext2D': The provided double value is non-finite.
    at render (http://localhost:8820/assets/js/games/suika.js:254:23)
    at http://localhost:8820/assets/js/games/suika.js:297:44
    at frame (http://localhost:8820/assets/js/games/engine.js:217:29) @ http://localhost:8820/assets/js/games/engine.js:216
[   35669ms] [ERROR] [GameKit] suika TypeError: Failed to execute 'createRadialGradient' on 'CanvasRenderingContext2D': The provided double value is non-finite.
    at render (http://localhost:8820/assets/js/games/suika.js:254:23)
    at http://localhost:8820/assets/js/games/suika.js:297:44
    at frame (http://localhost:8820/assets/js/games/engine.js:217:29) @ http://localhost:8820/assets/js/games/engine.js:216
[   35686ms] [ERROR] [GameKit] suika TypeError: Failed to execute 'createRadialGradient' on 'CanvasRenderingContext2D': The provided double value is non-finite.
    at render (http://localhost:8820/assets/js/games/suika.js:254:23)
    at http://localhost:8820/assets/js/games/suika.js:297:44
    at frame (http://localhost:8820/assets/js/games/engine.js:217:29) @ http://localhost:8820/assets/js/games/engine.js:216
[   35703ms] [ERROR] [GameKit] suika TypeError: Failed to execute 'createRadialGradient' on 'CanvasRenderingContext2D': The provided double value is non-finite.
    at render (http://localhost:8820/assets/js/games/suika.js:254:23)
    at http://localhost:8820/assets/js/games/suika.js:297:44
    at frame (http://localhost:8820/assets/js/games/engine.js:217:29) @ http://localhost:8820/assets/js/games/engine.js:216
[   35719ms] [ERROR] [GameKit] suika TypeError: Failed to execute 'createRadialGradient' on 'CanvasRenderingContext2D': The provided double value is non-finite.
    at render (http://localhost:8820/assets/js/games/suika.js:254:23)
    at http://localhost:8820/assets/js/games/suika.js:297:44
    at frame (http://localhost:8820/assets/js/games/engine.js:217:29) @ http://localhost:8820/assets/js/games/engine.js:216
[   35736ms] [ERROR] [GameKit] suika TypeError: Failed to execute 'createRadialGradient' on 'CanvasRenderingContext2D': The provided double value is non-finite.
    at render (http://localhost:8820/assets/js/games/suika.js:254:23)
    at http://localhost:8820/assets/js/games/suika.js:297:44
    at frame (http://localhost:8820/assets/js/games/engine.js:217:29) @ http://localhost:8820/assets/js/games/engine.js:216
[   35753ms] [ERROR] [GameKit] suika TypeError: Failed to execute 'createRadialGradient' on 'CanvasRenderingContext2D': The provided double value is non-finite.
    at render (http://localhost:8820/assets/js/games/suika.js:254:23)
    at http://localhost:8820/assets/js/games/suika.js:297:44
    at frame (http://localhost:8820/assets/js/games/engine.js:217:29) @ http://localhost:8820/assets/js/games/engine.js:216
[   35769ms] [ERROR] [GameKit] suika TypeError: Failed to execute 'createRadialGradient' on 'CanvasRenderingContext2D': The provided double value is non-finite.
    at render (http://localhost:8820/assets/js/games/suika.js:254:23)
    at http://localhost:8820/assets/js/games/suika.js:297:44
    at frame (http://localhost:8820/assets/js/games/engine.js:217:29) @ http://localhost:8820/assets/js/games/engine.js:216
[   35786ms] [ERROR] [GameKit] suika TypeError: Failed to execute 'createRadialGradient' on 'CanvasRenderingContext2D': The provided double value is non-finite.
    at render (http://localhost:8820/assets/js/games/suika.js:254:23)
    at http://localhost:8820/assets/js/games/suika.js:297:44
    at frame (http://localhost:8820/assets/js/games/engine.js:217:29) @ http://localhost:8820/assets/js/games/engine.js:216
[   35803ms] [ERROR] [GameKit] suika TypeError: Failed to execute 'createRadialGradient' on 'CanvasRenderingContext2D': The provided double value is non-finite.
    at render (http://localhost:8820/assets/js/games/suika.js:254:23)
    at http://localhost:8820/assets/js/games/suika.js:297:44
    at frame (http://localhost:8820/assets/js/games/engine.js:217:29) @ http://localhost:8820/assets/js/games/engine.js:216
[   35819ms] [ERROR] [GameKit] suika TypeError: Failed to execute 'createRadialGradient' on 'CanvasRenderingContext2D': The provided double value is non-finite.
    at render (http://localhost:8820/assets/js/games/suika.js:254:23)
    at http://localhost:8820/assets/js/games/suika.js:297:44
    at frame (http://localhost:8820/assets/js/games/engine.js:217:29) @ http://localhost:8820/assets/js/games/engine.js:216
[   35836ms] [ERROR] [GameKit] suika TypeError: Failed to execute 'createRadialGradient' on 'CanvasRenderingContext2D': The provided double value is non-finite.
    at render (http://localhost:8820/assets/js/games/suika.js:254:23)
    at http://localhost:8820/assets/js/games/suika.js:297:44
    at frame (http://localhost:8820/assets/js/games/engine.js:217:29) @ http://localhost:8820/assets/js/games/engine.js:216
[   35852ms] [ERROR] [GameKit] suika TypeError: Failed to execute 'createRadialGradient' on 'CanvasRenderingContext2D': The provided double value is non-finite.
    at render (http://localhost:8820/assets/js/games/suika.js:254:23)
    at http://localhost:8820/assets/js/games/suika.js:297:44
    at frame (http://localhost:8820/assets/js/games/engine.js:217:29) @ http://localhost:8820/assets/js/games/engine.js:216
[   35869ms] [ERROR] [GameKit] suika TypeError: Failed to execute 'createRadialGradient' on 'CanvasRenderingContext2D': The provided double value is non-finite.
    at render (http://localhost:8820/assets/js/games/suika.js:254:23)
    at http://localhost:8820/assets/js/games/suika.js:297:44
    at frame (http://localhost:8820/assets/js/games/engine.js:217:29) @ http://localhost:8820/assets/js/games/engine.js:216
[   35886ms] [ERROR] [GameKit] suika TypeError: Failed to execute 'createRadialGradient' on 'CanvasRenderingContext2D': The provided double value is non-finite.
    at render (http://localhost:8820/assets/js/games/suika.js:254:23)
    at http://localhost:8820/assets/js/games/suika.js:297:44
    at frame (http://localhost:8820/assets/js/games/engine.js:217:29) @ http://localhost:8820/assets/js/games/engine.js:216
[   35902ms] [ERROR] [GameKit] suika TypeError: Failed to execute 'createRadialGradient' on 'CanvasRenderingContext2D': The provided double value is non-finite.
    at render (http://localhost:8820/assets/js/games/suika.js:254:23)
    at http://localhost:8820/assets/js/games/suika.js:297:44
    at frame (http://localhost:8820/assets/js/games/engine.js:217:29) @ http://localhost:8820/assets/js/games/engine.js:216
[   35919ms] [ERROR] [GameKit] suika TypeError: Failed to execute 'createRadialGradient' on 'CanvasRenderingContext2D': The provided double value is non-finite.
    at render (http://localhost:8820/assets/js/games/suika.js:254:23)
    at http://localhost:8820/assets/js/games/suika.js:297:44
    at frame (http://localhost:8820/assets/js/games/engine.js:217:29) @ http://localhost:8820/assets/js/games/engine.js:216
[   35936ms] [ERROR] [GameKit] suika TypeError: Failed to execute 'createRadialGradient' on 'CanvasRenderingContext2D': The provided double value is non-finite.
    at render (http://localhost:8820/assets/js/games/suika.js:254:23)
    at http://localhost:8820/assets/js/games/suika.js:297:44
    at frame (http://localhost:8820/assets/js/games/engine.js:217:29) @ http://localhost:8820/assets/js/games/engine.js:216
[   35952ms] [ERROR] [GameKit] suika TypeError: Failed to execute 'createRadialGradient' on 'CanvasRenderingContext2D': The provided double value is non-finite.
    at render (http://localhost:8820/assets/js/games/suika.js:254:23)
    at http://localhost:8820/assets/js/games/suika.js:297:44
    at frame (http://localhost:8820/assets/js/games/engine.js:217:29) @ http://localhost:8820/assets/js/games/engine.js:216
[   35969ms] [ERROR] [GameKit] suika TypeError: Failed to execute 'createRadialGradient' on 'CanvasRenderingContext2D': The provided double value is non-finite.
    at render (http://localhost:8820/assets/js/games/suika.js:254:23)
    at http://localhost:8820/assets/js/games/suika.js:297:44
    at frame (http://localhost:8820/assets/js/games/engine.js:217:29) @ http://localhost:8820/assets/js/games/engine.js:216
[   35986ms] [ERROR] [GameKit] suika TypeError: Failed to execute 'createRadialGradient' on 'CanvasRenderingContext2D': The provided double value is non-finite.
    at render (http://localhost:8820/assets/js/games/suika.js:254:23)
    at http://localhost:8820/assets/js/games/suika.js:297:44
    at frame (http://localhost:8820/assets/js/games/engine.js:217:29) @ http://localhost:8820/assets/js/games/engine.js:216
[   36003ms] [ERROR] [GameKit] suika TypeError: Failed to execute 'createRadialGradient' on 'CanvasRenderingContext2D': The provided double value is non-finite.
    at render (http://localhost:8820/assets/js/games/suika.js:254:23)
    at http://localhost:8820/assets/js/games/suika.js:297:44
    at frame (http://localhost:8820/assets/js/games/engine.js:217:29) @ http://localhost:8820/assets/js/games/engine.js:216
[   36019ms] [ERROR] [GameKit] suika TypeError: Failed to execute 'createRadialGradient' on 'CanvasRenderingContext2D': The provided double value is non-finite.
    at render (http://localhost:8820/assets/js/games/suika.js:254:23)
    at http://localhost:8820/assets/js/games/suika.js:297:44
    at frame (http://localhost:8820/assets/js/games/engine.js:217:29) @ http://localhost:8820/assets/js/games/engine.js:216
[   36036ms] [ERROR] [GameKit] suika TypeError: Failed to execute 'createRadialGradient' on 'CanvasRenderingContext2D': The provided double value is non-finite.
    at render (http://localhost:8820/assets/js/games/suika.js:254:23)
    at http://localhost:8820/assets/js/games/suika.js:297:44
    at frame (http://localhost:8820/assets/js/games/engine.js:217:29) @ http://localhost:8820/assets/js/games/engine.js:216
[   36052ms] [ERROR] [GameKit] suika TypeError: Failed to execute 'createRadialGradient' on 'CanvasRenderingContext2D': The provided double value is non-finite.
    at render (http://localhost:8820/assets/js/games/suika.js:254:23)
    at http://localhost:8820/assets/js/games/suika.js:297:44
    at frame (http://localhost:8820/assets/js/games/engine.js:217:29) @ http://localhost:8820/assets/js/games/engine.js:216
[   36069ms] [ERROR] [GameKit] suika TypeError: Failed to execute 'createRadialGradient' on 'CanvasRenderingContext2D': The provided double value is non-finite.
    at render (http://localhost:8820/assets/js/games/suika.js:254:23)
    at http://localhost:8820/assets/js/games/suika.js:297:44
    at frame (http://localhost:8820/assets/js/games/engine.js:217:29) @ http://localhost:8820/assets/js/games/engine.js:216
[   36086ms] [ERROR] [GameKit] suika TypeError: Failed to execute 'createRadialGradient' on 'CanvasRenderingContext2D': The provided double value is non-finite.
    at render (http://localhost:8820/assets/js/games/suika.js:254:23)
    at http://localhost:8820/assets/js/games/suika.js:297:44
    at frame (http://localhost:8820/assets/js/games/engine.js:217:29) @ http://localhost:8820/assets/js/games/engine.js:216
[   36102ms] [ERROR] [GameKit] suika TypeError: Failed to execute 'createRadialGradient' on 'CanvasRenderingContext2D': The provided double value is non-finite.
    at render (http://localhost:8820/assets/js/games/suika.js:254:23)
    at http://localhost:8820/assets/js/games/suika.js:297:44
    at frame (http://localhost:8820/assets/js/games/engine.js:217:29) @ http://localhost:8820/assets/js/games/engine.js:216
[   36119ms] [ERROR] [GameKit] suika TypeError: Failed to execute 'createRadialGradient' on 'CanvasRenderingContext2D': The provided double value is non-finite.
    at render (http://localhost:8820/assets/js/games/suika.js:254:23)
    at http://localhost:8820/assets/js/games/suika.js:297:44
    at frame (http://localhost:8820/assets/js/games/engine.js:217:29) @ http://localhost:8820/assets/js/games/engine.js:216
[   36136ms] [ERROR] [GameKit] suika TypeError: Failed to execute 'createRadialGradient' on 'CanvasRenderingContext2D': The provided double value is non-finite.
    at render (http://localhost:8820/assets/js/games/suika.js:254:23)
    at http://localhost:8820/assets/js/games/suika.js:297:44
    at frame (http://localhost:8820/assets/js/games/engine.js:217:29) @ http://localhost:8820/assets/js/games/engine.js:216
[   36152ms] [ERROR] [GameKit] suika TypeError: Failed to execute 'createRadialGradient' on 'CanvasRenderingContext2D': The provided double value is non-finite.
    at render (http://localhost:8820/assets/js/games/suika.js:254:23)
    at http://localhost:8820/assets/js/games/suika.js:297:44
    at frame (http://localhost:8820/assets/js/games/engine.js:217:29) @ http://localhost:8820/assets/js/games/engine.js:216
[   36169ms] [ERROR] [GameKit] suika TypeError: Failed to execute 'createRadialGradient' on 'CanvasRenderingContext2D': The provided double value is non-finite.
    at render (http://localhost:8820/assets/js/games/suika.js:254:23)
    at http://localhost:8820/assets/js/games/suika.js:297:44
    at frame (http://localhost:8820/assets/js/games/engine.js:217:29) @ http://localhost:8820/assets/js/games/engine.js:216
[   36186ms] [ERROR] [GameKit] suika TypeError: Failed to execute 'createRadialGradient' on 'CanvasRenderingContext2D': The provided double value is non-finite.
    at render (http://localhost:8820/assets/js/games/suika.js:254:23)
    at http://localhost:8820/assets/js/games/suika.js:297:44
    at frame (http://localhost:8820/assets/js/games/engine.js:217:29) @ http://localhost:8820/assets/js/games/engine.js:216
[   36202ms] [ERROR] [GameKit] suika TypeError: Failed to execute 'createRadialGradient' on 'CanvasRenderingContext2D': The provided double value is non-finite.
    at render (http://localhost:8820/assets/js/games/suika.js:254:23)
    at http://localhost:8820/assets/js/games/suika.js:297:44
    at frame (http://localhost:8820/assets/js/games/engine.js:217:29) @ http://localhost:8820/assets/js/games/engine.js:216
[   36219ms] [ERROR] [GameKit] suika TypeError: Failed to execute 'createRadialGradient' on 'CanvasRenderingContext2D': The provided double value is non-finite.
    at render (http://localhost:8820/assets/js/games/suika.js:254:23)
    at http://localhost:8820/assets/js/games/suika.js:297:44
    at frame (http://localhost:8820/assets/js/games/engine.js:217:29) @ http://localhost:8820/assets/js/games/engine.js:216
[   36235ms] [ERROR] [GameKit] suika TypeError: Failed to execute 'createRadialGradient' on 'CanvasRenderingContext2D': The provided double value is non-finite.
    at render (http://localhost:8820/assets/js/games/suika.js:254:23)
    at http://localhost:8820/assets/js/games/suika.js:297:44
    at frame (http://localhost:8820/assets/js/games/engine.js:217:29) @ http://localhost:8820/assets/js/games/engine.js:216
[   36252ms] [ERROR] [GameKit] suika TypeError: Failed to execute 'createRadialGradient' on 'CanvasRenderingContext2D': The provided double value is non-finite.
    at render (http://localhost:8820/assets/js/games/suika.js:254:23)
    at http://localhost:8820/assets/js/games/suika.js:297:44
    at frame (http://localhost:8820/assets/js/games/engine.js:217:29) @ http://localhost:8820/assets/js/games/engine.js:216
[   36269ms] [ERROR] [GameKit] suika TypeError: Failed to execute 'createRadialGradient' on 'CanvasRenderingContext2D': The provided double value is non-finite.
    at render (http://localhost:8820/assets/js/games/suika.js:254:23)
    at http://localhost:8820/assets/js/games/suika.js:297:44
    at frame (http://localhost:8820/assets/js/games/engine.js:217:29) @ http://localhost:8820/assets/js/games/engine.js:216
[   36286ms] [ERROR] [GameKit] suika TypeError: Failed to execute 'createRadialGradient' on 'CanvasRenderingContext2D': The provided double value is non-finite.
    at render (http://localhost:8820/assets/js/games/suika.js:254:23)
    at http://localhost:8820/assets/js/games/suika.js:297:44
    at frame (http://localhost:8820/assets/js/games/engine.js:217:29) @ http://localhost:8820/assets/js/games/engine.js:216
[   36302ms] [ERROR] [GameKit] suika TypeError: Failed to execute 'createRadialGradient' on 'CanvasRenderingContext2D': The provided double value is non-finite.
    at render (http://localhost:8820/assets/js/games/suika.js:254:23)
    at http://localhost:8820/assets/js/games/suika.js:297:44
    at frame (http://localhost:8820/assets/js/games/engine.js:217:29) @ http://localhost:8820/assets/js/games/engine.js:216
[   36319ms] [ERROR] [GameKit] suika TypeError: Failed to execute 'createRadialGradient' on 'CanvasRenderingContext2D': The provided double value is non-finite.
    at render (http://localhost:8820/assets/js/games/suika.js:254:23)
    at http://localhost:8820/assets/js/games/suika.js:297:44
    at frame (http://localhost:8820/assets/js/games/engine.js:217:29) @ http://localhost:8820/assets/js/games/engine.js:216
[   36336ms] [ERROR] [GameKit] suika TypeError: Failed to execute 'createRadialGradient' on 'CanvasRenderingContext2D': The provided double value is non-finite.
    at render (http://localhost:8820/assets/js/games/suika.js:254:23)
    at http://localhost:8820/assets/js/games/suika.js:297:44
    at frame (http://localhost:8820/assets/js/games/engine.js:217:29) @ http://localhost:8820/assets/js/games/engine.js:216
[   36352ms] [ERROR] [GameKit] suika TypeError: Failed to execute 'createRadialGradient' on 'CanvasRenderingContext2D': The provided double value is non-finite.
    at render (http://localhost:8820/assets/js/games/suika.js:254:23)
    at http://localhost:8820/assets/js/games/suika.js:297:44
    at frame (http://localhost:8820/assets/js/games/engine.js:217:29) @ http://localhost:8820/assets/js/games/engine.js:216
[   36369ms] [ERROR] [GameKit] suika TypeError: Failed to execute 'createRadialGradient' on 'CanvasRenderingContext2D': The provided double value is non-finite.
    at render (http://localhost:8820/assets/js/games/suika.js:254:23)
    at http://localhost:8820/assets/js/games/suika.js:297:44
    at frame (http://localhost:8820/assets/js/games/engine.js:217:29) @ http://localhost:8820/assets/js/games/engine.js:216
[   36386ms] [ERROR] [GameKit] suika TypeError: Failed to execute 'createRadialGradient' on 'CanvasRenderingContext2D': The provided double value is non-finite.
    at render (http://localhost:8820/assets/js/games/suika.js:254:23)
    at http://localhost:8820/assets/js/games/suika.js:297:44
    at frame (http://localhost:8820/assets/js/games/engine.js:217:29) @ http://localhost:8820/assets/js/games/engine.js:216
[   36402ms] [ERROR] [GameKit] suika TypeError: Failed to execute 'createRadialGradient' on 'CanvasRenderingContext2D': The provided double value is non-finite.
    at render (http://localhost:8820/assets/js/games/suika.js:254:23)
    at http://localhost:8820/assets/js/games/suika.js:297:44
    at frame (http://localhost:8820/assets/js/games/engine.js:217:29) @ http://localhost:8820/assets/js/games/engine.js:216
[   36419ms] [ERROR] [GameKit] suika TypeError: Failed to execute 'createRadialGradient' on 'CanvasRenderingContext2D': The provided double value is non-finite.
    at render (http://localhost:8820/assets/js/games/suika.js:254:23)
    at http://localhost:8820/assets/js/games/suika.js:297:44
    at frame (http://localhost:8820/assets/js/games/engine.js:217:29) @ http://localhost:8820/assets/js/games/engine.js:216
[   36436ms] [ERROR] [GameKit] suika TypeError: Failed to execute 'createRadialGradient' on 'CanvasRenderingContext2D': The provided double value is non-finite.
    at render (http://localhost:8820/assets/js/games/suika.js:254:23)
    at http://localhost:8820/assets/js/games/suika.js:297:44
    at frame (http://localhost:8820/assets/js/games/engine.js:217:29) @ http://localhost:8820/assets/js/games/engine.js:216
[   36452ms] [ERROR] [GameKit] suika TypeError: Failed to execute 'createRadialGradient' on 'CanvasRenderingContext2D': The provided double value is non-finite.
    at render (http://localhost:8820/assets/js/games/suika.js:254:23)
    at http://localhost:8820/assets/js/games/suika.js:297:44
    at frame (http://localhost:8820/assets/js/games/engine.js:217:29) @ http://localhost:8820/assets/js/games/engine.js:216
[   36469ms] [ERROR] [GameKit] suika TypeError: Failed to execute 'createRadialGradient' on 'CanvasRenderingContext2D': The provided double value is non-finite.
    at render (http://localhost:8820/assets/js/games/suika.js:254:23)
    at http://localhost:8820/assets/js/games/suika.js:297:44
    at frame (http://localhost:8820/assets/js/games/engine.js:217:29) @ http://localhost:8820/assets/js/games/engine.js:216
[   36486ms] [ERROR] [GameKit] suika TypeError: Failed to execute 'createRadialGradient' on 'CanvasRenderingContext2D': The provided double value is non-finite.
    at render (http://localhost:8820/assets/js/games/suika.js:254:23)
    at http://localhost:8820/assets/js/games/suika.js:297:44
    at frame (http://localhost:8820/assets/js/games/engine.js:217:29) @ http://localhost:8820/assets/js/games/engine.js:216
[   36502ms] [ERROR] [GameKit] suika TypeError: Failed to execute 'createRadialGradient' on 'CanvasRenderingContext2D': The provided double value is non-finite.
    at render (http://localhost:8820/assets/js/games/suika.js:254:23)
    at http://localhost:8820/assets/js/games/suika.js:297:44
    at frame (http://localhost:8820/assets/js/games/engine.js:217:29) @ http://localhost:8820/assets/js/games/engine.js:216
[   36519ms] [ERROR] [GameKit] suika TypeError: Failed to execute 'createRadialGradient' on 'CanvasRenderingContext2D': The provided double value is non-finite.
    at render (http://localhost:8820/assets/js/games/suika.js:254:23)
    at http://localhost:8820/assets/js/games/suika.js:297:44
    at frame (http://localhost:8820/assets/js/games/engine.js:217:29) @ http://localhost:8820/assets/js/games/engine.js:216
[   36536ms] [ERROR] [GameKit] suika TypeError: Failed to execute 'createRadialGradient' on 'CanvasRenderingContext2D': The provided double value is non-finite.
    at render (http://localhost:8820/assets/js/games/suika.js:254:23)
    at http://localhost:8820/assets/js/games/suika.js:297:44
    at frame (http://localhost:8820/assets/js/games/engine.js:217:29) @ http://localhost:8820/assets/js/games/engine.js:216
[   36552ms] [ERROR] [GameKit] suika TypeError: Failed to execute 'createRadialGradient' on 'CanvasRenderingContext2D': The provided double value is non-finite.
    at render (http://localhost:8820/assets/js/games/suika.js:254:23)
    at http://localhost:8820/assets/js/games/suika.js:297:44
    at frame (http://localhost:8820/assets/js/games/engine.js:217:29) @ http://localhost:8820/assets/js/games/engine.js:216
[   36569ms] [ERROR] [GameKit] suika TypeError: Failed to execute 'createRadialGradient' on 'CanvasRenderingContext2D': The provided double value is non-finite.
    at render (http://localhost:8820/assets/js/games/suika.js:254:23)
    at http://localhost:8820/assets/js/games/suika.js:297:44
    at frame (http://localhost:8820/assets/js/games/engine.js:217:29) @ http://localhost:8820/assets/js/games/engine.js:216
[   36587ms] [ERROR] [GameKit] suika TypeError: Failed to execute 'createRadialGradient' on 'CanvasRenderingContext2D': The provided double value is non-finite.
    at render (http://localhost:8820/assets/js/games/suika.js:254:23)
    at http://localhost:8820/assets/js/games/suika.js:297:44
    at frame (http://localhost:8820/assets/js/games/engine.js:217:29) @ http://localhost:8820/assets/js/games/engine.js:216
[   36602ms] [ERROR] [GameKit] suika TypeError: Failed to execute 'createRadialGradient' on 'CanvasRenderingContext2D': The provided double value is non-finite.
    at render (http://localhost:8820/assets/js/games/suika.js:254:23)
    at http://localhost:8820/assets/js/games/suika.js:297:44
    at frame (http://localhost:8820/assets/js/games/engine.js:217:29) @ http://localhost:8820/assets/js/games/engine.js:216
[   36619ms] [ERROR] [GameKit] suika TypeError: Failed to execute 'createRadialGradient' on 'CanvasRenderingContext2D': The provided double value is non-finite.
    at render (http://localhost:8820/assets/js/games/suika.js:254:23)
    at http://localhost:8820/assets/js/games/suika.js:297:44
    at frame (http://localhost:8820/assets/js/games/engine.js:217:29) @ http://localhost:8820/assets/js/games/engine.js:216
[   36636ms] [ERROR] [GameKit] suika TypeError: Failed to execute 'createRadialGradient' on 'CanvasRenderingContext2D': The provided double value is non-finite.
    at render (http://localhost:8820/assets/js/games/suika.js:254:23)
    at http://localhost:8820/assets/js/games/suika.js:297:44
    at frame (http://localhost:8820/assets/js/games/engine.js:217:29) @ http://localhost:8820/assets/js/games/engine.js:216
[   36652ms] [ERROR] [GameKit] suika TypeError: Failed to execute 'createRadialGradient' on 'CanvasRenderingContext2D': The provided double value is non-finite.
    at render (http://localhost:8820/assets/js/games/suika.js:254:23)
    at http://localhost:8820/assets/js/games/suika.js:297:44
    at frame (http://localhost:8820/assets/js/games/engine.js:217:29) @ http://localhost:8820/assets/js/games/engine.js:216
[   36669ms] [ERROR] [GameKit] suika TypeError: Failed to execute 'createRadialGradient' on 'CanvasRenderingContext2D': The provided double value is non-finite.
    at render (http://localhost:8820/assets/js/games/suika.js:254:23)
    at http://localhost:8820/assets/js/games/suika.js:297:44
    at frame (http://localhost:8820/assets/js/games/engine.js:217:29) @ http://localhost:8820/assets/js/games/engine.js:216
[   36686ms] [ERROR] [GameKit] suika TypeError: Failed to execute 'createRadialGradient' on 'CanvasRenderingContext2D': The provided double value is non-finite.
    at render (http://localhost:8820/assets/js/games/suika.js:254:23)
    at http://localhost:8820/assets/js/games/suika.js:297:44
    at frame (http://localhost:8820/assets/js/games/engine.js:217:29) @ http://localhost:8820/assets/js/games/engine.js:216
[   36702ms] [ERROR] [GameKit] suika TypeError: Failed to execute 'createRadialGradient' on 'CanvasRenderingContext2D': The provided double value is non-finite.
    at render (http://localhost:8820/assets/js/games/suika.js:254:23)
    at http://localhost:8820/assets/js/games/suika.js:297:44
    at frame (http://localhost:8820/assets/js/games/engine.js:217:29) @ http://localhost:8820/assets/js/games/engine.js:216
[   36719ms] [ERROR] [GameKit] suika TypeError: Failed to execute 'createRadialGradient' on 'CanvasRenderingContext2D': The provided double value is non-finite.
    at render (http://localhost:8820/assets/js/games/suika.js:254:23)
    at http://localhost:8820/assets/js/games/suika.js:297:44
    at frame (http://localhost:8820/assets/js/games/engine.js:217:29) @ http://localhost:8820/assets/js/games/engine.js:216
[   36736ms] [ERROR] [GameKit] suika TypeError: Failed to execute 'createRadialGradient' on 'CanvasRenderingContext2D': The provided double value is non-finite.
    at render (http://localhost:8820/assets/js/games/suika.js:254:23)
    at http://localhost:8820/assets/js/games/suika.js:297:44
    at frame (http://localhost:8820/assets/js/games/engine.js:217:29) @ http://localhost:8820/assets/js/games/engine.js:216
[   36752ms] [ERROR] [GameKit] suika TypeError: Failed to execute 'createRadialGradient' on 'CanvasRenderingContext2D': The provided double value is non-finite.
    at render (http://localhost:8820/assets/js/games/suika.js:254:23)
    at http://localhost:8820/assets/js/games/suika.js:297:44
    at frame (http://localhost:8820/assets/js/games/engine.js:217:29) @ http://localhost:8820/assets/js/games/engine.js:216
[   36769ms] [ERROR] [GameKit] suika TypeError: Failed to execute 'createRadialGradient' on 'CanvasRenderingContext2D': The provided double value is non-finite.
    at render (http://localhost:8820/assets/js/games/suika.js:254:23)
    at http://localhost:8820/assets/js/games/suika.js:297:44
    at frame (http://localhost:8820/assets/js/games/engine.js:217:29) @ http://localhost:8820/assets/js/games/engine.js:216
[   36786ms] [ERROR] [GameKit] suika TypeError: Failed to execute 'createRadialGradient' on 'CanvasRenderingContext2D': The provided double value is non-finite.
    at render (http://localhost:8820/assets/js/games/suika.js:254:23)
    at http://localhost:8820/assets/js/games/suika.js:297:44
    at frame (http://localhost:8820/assets/js/games/engine.js:217:29) @ http://localhost:8820/assets/js/games/engine.js:216
[   36802ms] [ERROR] [GameKit] suika TypeError: Failed to execute 'createRadialGradient' on 'CanvasRenderingContext2D': The provided double value is non-finite.
    at render (http://localhost:8820/assets/js/games/suika.js:254:23)
    at http://localhost:8820/assets/js/games/suika.js:297:44
    at frame (http://localhost:8820/assets/js/games/engine.js:217:29) @ http://localhost:8820/assets/js/games/engine.js:216
[   36819ms] [ERROR] [GameKit] suika TypeError: Failed to execute 'createRadialGradient' on 'CanvasRenderingContext2D': The provided double value is non-finite.
    at render (http://localhost:8820/assets/js/games/suika.js:254:23)
    at http://localhost:8820/assets/js/games/suika.js:297:44
    at frame (http://localhost:8820/assets/js/games/engine.js:217:29) @ http://localhost:8820/assets/js/games/engine.js:216
[   36836ms] [ERROR] [GameKit] suika TypeError: Failed to execute 'createRadialGradient' on 'CanvasRenderingContext2D': The provided double value is non-finite.
    at render (http://localhost:8820/assets/js/games/suika.js:254:23)
    at http://localhost:8820/assets/js/games/suika.js:297:44
    at frame (http://localhost:8820/assets/js/games/engine.js:217:29) @ http://localhost:8820/assets/js/games/engine.js:216
[   36852ms] [ERROR] [GameKit] suika TypeError: Failed to execute 'createRadialGradient' on 'CanvasRenderingContext2D': The provided double value is non-finite.
    at render (http://localhost:8820/assets/js/games/suika.js:254:23)
    at http://localhost:8820/assets/js/games/suika.js:297:44
    at frame (http://localhost:8820/assets/js/games/engine.js:217:29) @ http://localhost:8820/assets/js/games/engine.js:216
[   36869ms] [ERROR] [GameKit] suika TypeError: Failed to execute 'createRadialGradient' on 'CanvasRenderingContext2D': The provided double value is non-finite.
    at render (http://localhost:8820/assets/js/games/suika.js:254:23)
    at http://localhost:8820/assets/js/games/suika.js:297:44
    at frame (http://localhost:8820/assets/js/games/engine.js:217:29) @ http://localhost:8820/assets/js/games/engine.js:216
[   36886ms] [ERROR] [GameKit] suika TypeError: Failed to execute 'createRadialGradient' on 'CanvasRenderingContext2D': The provided double value is non-finite.
    at render (http://localhost:8820/assets/js/games/suika.js:254:23)
    at http://localhost:8820/assets/js/games/suika.js:297:44
    at frame (http://localhost:8820/assets/js/games/engine.js:217:29) @ http://localhost:8820/assets/js/games/engine.js:216
[   36903ms] [ERROR] [GameKit] suika TypeError: Failed to execute 'createRadialGradient' on 'CanvasRenderingContext2D': The provided double value is non-finite.
    at render (http://localhost:8820/assets/js/games/suika.js:254:23)
    at http://localhost:8820/assets/js/games/suika.js:297:44
    at frame (http://localhost:8820/assets/js/games/engine.js:217:29) @ http://localhost:8820/assets/js/games/engine.js:216
[   36919ms] [ERROR] [GameKit] suika TypeError: Failed to execute 'createRadialGradient' on 'CanvasRenderingContext2D': The provided double value is non-finite.
    at render (http://localhost:8820/assets/js/games/suika.js:254:23)
    at http://localhost:8820/assets/js/games/suika.js:297:44
    at frame (http://localhost:8820/assets/js/games/engine.js:217:29) @ http://localhost:8820/assets/js/games/engine.js:216
[   36936ms] [ERROR] [GameKit] suika TypeError: Failed to execute 'createRadialGradient' on 'CanvasRenderingContext2D': The provided double value is non-finite.
    at render (http://localhost:8820/assets/js/games/suika.js:254:23)
    at http://localhost:8820/assets/js/games/suika.js:297:44
    at frame (http://localhost:8820/assets/js/games/engine.js:217:29) @ http://localhost:8820/assets/js/games/engine.js:216
[   36952ms] [ERROR] [GameKit] suika TypeError: Failed to execute 'createRadialGradient' on 'CanvasRenderingContext2D': The provided double value is non-finite.
    at render (http://localhost:8820/assets/js/games/suika.js:254:23)
    at http://localhost:8820/assets/js/games/suika.js:297:44
    at frame (http://localhost:8820/assets/js/games/engine.js:217:29) @ http://localhost:8820/assets/js/games/engine.js:216
[   36969ms] [ERROR] [GameKit] suika TypeError: Failed to execute 'createRadialGradient' on 'CanvasRenderingContext2D': The provided double value is non-finite.
    at render (http://localhost:8820/assets/js/games/suika.js:254:23)
    at http://localhost:8820/assets/js/games/suika.js:297:44
    at frame (http://localhost:8820/assets/js/games/engine.js:217:29) @ http://localhost:8820/assets/js/games/engine.js:216
[   36986ms] [ERROR] [GameKit] suika TypeError: Failed to execute 'createRadialGradient' on 'CanvasRenderingContext2D': The provided double value is non-finite.
    at render (http://localhost:8820/assets/js/games/suika.js:254:23)
    at http://localhost:8820/assets/js/games/suika.js:297:44
    at frame (http://localhost:8820/assets/js/games/engine.js:217:29) @ http://localhost:8820/assets/js/games/engine.js:216
[   37002ms] [ERROR] [GameKit] suika TypeError: Failed to execute 'createRadialGradient' on 'CanvasRenderingContext2D': The provided double value is non-finite.
    at render (http://localhost:8820/assets/js/games/suika.js:254:23)
    at http://localhost:8820/assets/js/games/suika.js:297:44
    at frame (http://localhost:8820/assets/js/games/engine.js:217:29) @ http://localhost:8820/assets/js/games/engine.js:216
[   37019ms] [ERROR] [GameKit] suika TypeError: Failed to execute 'createRadialGradient' on 'CanvasRenderingContext2D': The provided double value is non-finite.
    at render (http://localhost:8820/assets/js/games/suika.js:254:23)
    at http://localhost:8820/assets/js/games/suika.js:297:44
    at frame (http://localhost:8820/assets/js/games/engine.js:217:29) @ http://localhost:8820/assets/js/games/engine.js:216
[   37036ms] [ERROR] [GameKit] suika TypeError: Failed to execute 'createRadialGradient' on 'CanvasRenderingContext2D': The provided double value is non-finite.
    at render (http://localhost:8820/assets/js/games/suika.js:254:23)
    at http://localhost:8820/assets/js/games/suika.js:297:44
    at frame (http://localhost:8820/assets/js/games/engine.js:217:29) @ http://localhost:8820/assets/js/games/engine.js:216
[   37052ms] [ERROR] [GameKit] suika TypeError: Failed to execute 'createRadialGradient' on 'CanvasRenderingContext2D': The provided double value is non-finite.
    at render (http://localhost:8820/assets/js/games/suika.js:254:23)
    at http://localhost:8820/assets/js/games/suika.js:297:44
    at frame (http://localhost:8820/assets/js/games/engine.js:217:29) @ http://localhost:8820/assets/js/games/engine.js:216
[   37069ms] [ERROR] [GameKit] suika TypeError: Failed to execute 'createRadialGradient' on 'CanvasRenderingContext2D': The provided double value is non-finite.
    at render (http://localhost:8820/assets/js/games/suika.js:254:23)
    at http://localhost:8820/assets/js/games/suika.js:297:44
    at frame (http://localhost:8820/assets/js/games/engine.js:217:29) @ http://localhost:8820/assets/js/games/engine.js:216
[   37086ms] [ERROR] [GameKit] suika TypeError: Failed to execute 'createRadialGradient' on 'CanvasRenderingContext2D': The provided double value is non-finite.
    at render (http://localhost:8820/assets/js/games/suika.js:254:23)
    at http://localhost:8820/assets/js/games/suika.js:297:44
    at frame (http://localhost:8820/assets/js/games/engine.js:217:29) @ http://localhost:8820/assets/js/games/engine.js:216
[   37102ms] [ERROR] [GameKit] suika TypeError: Failed to execute 'createRadialGradient' on 'CanvasRenderingContext2D': The provided double value is non-finite.
    at render (http://localhost:8820/assets/js/games/suika.js:254:23)
    at http://localhost:8820/assets/js/games/suika.js:297:44
    at frame (http://localhost:8820/assets/js/games/engine.js:217:29) @ http://localhost:8820/assets/js/games/engine.js:216
[   37119ms] [ERROR] [GameKit] suika TypeError: Failed to execute 'createRadialGradient' on 'CanvasRenderingContext2D': The provided double value is non-finite.
    at render (http://localhost:8820/assets/js/games/suika.js:254:23)
    at http://localhost:8820/assets/js/games/suika.js:297:44
    at frame (http://localhost:8820/assets/js/games/engine.js:217:29) @ http://localhost:8820/assets/js/games/engine.js:216
[   37136ms] [ERROR] [GameKit] suika TypeError: Failed to execute 'createRadialGradient' on 'CanvasRenderingContext2D': The provided double value is non-finite.
    at render (http://localhost:8820/assets/js/games/suika.js:254:23)
    at http://localhost:8820/assets/js/games/suika.js:297:44
    at frame (http://localhost:8820/assets/js/games/engine.js:217:29) @ http://localhost:8820/assets/js/games/engine.js:216
[   37152ms] [ERROR] [GameKit] suika TypeError: Failed to execute 'createRadialGradient' on 'CanvasRenderingContext2D': The provided double value is non-finite.
    at render (http://localhost:8820/assets/js/games/suika.js:254:23)
    at http://localhost:8820/assets/js/games/suika.js:297:44
    at frame (http://localhost:8820/assets/js/games/engine.js:217:29) @ http://localhost:8820/assets/js/games/engine.js:216
[   37169ms] [ERROR] [GameKit] suika TypeError: Failed to execute 'createRadialGradient' on 'CanvasRenderingContext2D': The provided double value is non-finite.
    at render (http://localhost:8820/assets/js/games/suika.js:254:23)
    at http://localhost:8820/assets/js/games/suika.js:297:44
    at frame (http://localhost:8820/assets/js/games/engine.js:217:29) @ http://localhost:8820/assets/js/games/engine.js:216
[   37186ms] [ERROR] [GameKit] suika TypeError: Failed to execute 'createRadialGradient' on 'CanvasRenderingContext2D': The provided double value is non-finite.
    at render (http://localhost:8820/assets/js/games/suika.js:254:23)
    at http://localhost:8820/assets/js/games/suika.js:297:44
    at frame (http://localhost:8820/assets/js/games/engine.js:217:29) @ http://localhost:8820/assets/js/games/engine.js:216
[   37203ms] [ERROR] [GameKit] suika TypeError: Failed to execute 'createRadialGradient' on 'CanvasRenderingContext2D': The provided double value is non-finite.
    at render (http://localhost:8820/assets/js/games/suika.js:254:23)
    at http://localhost:8820/assets/js/games/suika.js:297:44
    at frame (http://localhost:8820/assets/js/games/engine.js:217:29) @ http://localhost:8820/assets/js/games/engine.js:216
[   37219ms] [ERROR] [GameKit] suika TypeError: Failed to execute 'createRadialGradient' on 'CanvasRenderingContext2D': The provided double value is non-finite.
    at render (http://localhost:8820/assets/js/games/suika.js:254:23)
    at http://localhost:8820/assets/js/games/suika.js:297:44
    at frame (http://localhost:8820/assets/js/games/engine.js:217:29) @ http://localhost:8820/assets/js/games/engine.js:216
[   37236ms] [ERROR] [GameKit] suika TypeError: Failed to execute 'createRadialGradient' on 'CanvasRenderingContext2D': The provided double value is non-finite.
    at render (http://localhost:8820/assets/js/games/suika.js:254:23)
    at http://localhost:8820/assets/js/games/suika.js:297:44
    at frame (http://localhost:8820/assets/js/games/engine.js:217:29) @ http://localhost:8820/assets/js/games/engine.js:216
[   37252ms] [ERROR] [GameKit] suika TypeError: Failed to execute 'createRadialGradient' on 'CanvasRenderingContext2D': The provided double value is non-finite.
    at render (http://localhost:8820/assets/js/games/suika.js:254:23)
    at http://localhost:8820/assets/js/games/suika.js:297:44
    at frame (http://localhost:8820/assets/js/games/engine.js:217:29) @ http://localhost:8820/assets/js/games/engine.js:216
[   37269ms] [ERROR] [GameKit] suika TypeError: Failed to execute 'createRadialGradient' on 'CanvasRenderingContext2D': The provided double value is non-finite.
    at render (http://localhost:8820/assets/js/games/suika.js:254:23)
    at http://localhost:8820/assets/js/games/suika.js:297:44
    at frame (http://localhost:8820/assets/js/games/engine.js:217:29) @ http://localhost:8820/assets/js/games/engine.js:216
[   37286ms] [ERROR] [GameKit] suika TypeError: Failed to execute 'createRadialGradient' on 'CanvasRenderingContext2D': The provided double value is non-finite.
    at render (http://localhost:8820/assets/js/games/suika.js:254:23)
    at http://localhost:8820/assets/js/games/suika.js:297:44
    at frame (http://localhost:8820/assets/js/games/engine.js:217:29) @ http://localhost:8820/assets/js/games/engine.js:216
[   37302ms] [ERROR] [GameKit] suika TypeError: Failed to execute 'createRadialGradient' on 'CanvasRenderingContext2D': The provided double value is non-finite.
    at render (http://localhost:8820/assets/js/games/suika.js:254:23)
    at http://localhost:8820/assets/js/games/suika.js:297:44
    at frame (http://localhost:8820/assets/js/games/engine.js:217:29) @ http://localhost:8820/assets/js/games/engine.js:216
[   37319ms] [ERROR] [GameKit] suika TypeError: Failed to execute 'createRadialGradient' on 'CanvasRenderingContext2D': The provided double value is non-finite.
    at render (http://localhost:8820/assets/js/games/suika.js:254:23)
    at http://localhost:8820/assets/js/games/suika.js:297:44
    at frame (http://localhost:8820/assets/js/games/engine.js:217:29) @ http://localhost:8820/assets/js/games/engine.js:216
[   37336ms] [ERROR] [GameKit] suika TypeError: Failed to execute 'createRadialGradient' on 'CanvasRenderingContext2D': The provided double value is non-finite.
    at render (http://localhost:8820/assets/js/games/suika.js:254:23)
    at http://localhost:8820/assets/js/games/suika.js:297:44
    at frame (http://localhost:8820/assets/js/games/engine.js:217:29) @ http://localhost:8820/assets/js/games/engine.js:216
[   37352ms] [ERROR] [GameKit] suika TypeError: Failed to execute 'createRadialGradient' on 'CanvasRenderingContext2D': The provided double value is non-finite.
    at render (http://localhost:8820/assets/js/games/suika.js:254:23)
    at http://localhost:8820/assets/js/games/suika.js:297:44
    at frame (http://localhost:8820/assets/js/games/engine.js:217:29) @ http://localhost:8820/assets/js/games/engine.js:216
[   37369ms] [ERROR] [GameKit] suika TypeError: Failed to execute 'createRadialGradient' on 'CanvasRenderingContext2D': The provided double value is non-finite.
    at render (http://localhost:8820/assets/js/games/suika.js:254:23)
    at http://localhost:8820/assets/js/games/suika.js:297:44
    at frame (http://localhost:8820/assets/js/games/engine.js:217:29) @ http://localhost:8820/assets/js/games/engine.js:216
[   37386ms] [ERROR] [GameKit] suika TypeError: Failed to execute 'createRadialGradient' on 'CanvasRenderingContext2D': The provided double value is non-finite.
    at render (http://localhost:8820/assets/js/games/suika.js:254:23)
    at http://localhost:8820/assets/js/games/suika.js:297:44
    at frame (http://localhost:8820/assets/js/games/engine.js:217:29) @ http://localhost:8820/assets/js/games/engine.js:216
[   37403ms] [ERROR] [GameKit] suika TypeError: Failed to execute 'createRadialGradient' on 'CanvasRenderingContext2D': The provided double value is non-finite.
    at render (http://localhost:8820/assets/js/games/suika.js:254:23)
    at http://localhost:8820/assets/js/games/suika.js:297:44
    at frame (http://localhost:8820/assets/js/games/engine.js:217:29) @ http://localhost:8820/assets/js/games/engine.js:216
[   37419ms] [ERROR] [GameKit] suika TypeError: Failed to execute 'createRadialGradient' on 'CanvasRenderingContext2D': The provided double value is non-finite.
    at render (http://localhost:8820/assets/js/games/suika.js:254:23)
    at http://localhost:8820/assets/js/games/suika.js:297:44
    at frame (http://localhost:8820/assets/js/games/engine.js:217:29) @ http://localhost:8820/assets/js/games/engine.js:216
[   37436ms] [ERROR] [GameKit] suika TypeError: Failed to execute 'createRadialGradient' on 'CanvasRenderingContext2D': The provided double value is non-finite.
    at render (http://localhost:8820/assets/js/games/suika.js:254:23)
    at http://localhost:8820/assets/js/games/suika.js:297:44
    at frame (http://localhost:8820/assets/js/games/engine.js:217:29) @ http://localhost:8820/assets/js/games/engine.js:216
[   37452ms] [ERROR] [GameKit] suika TypeError: Failed to execute 'createRadialGradient' on 'CanvasRenderingContext2D': The provided double value is non-finite.
    at render (http://localhost:8820/assets/js/games/suika.js:254:23)
    at http://localhost:8820/assets/js/games/suika.js:297:44
    at frame (http://localhost:8820/assets/js/games/engine.js:217:29) @ http://localhost:8820/assets/js/games/engine.js:216
[   37469ms] [ERROR] [GameKit] suika TypeError: Failed to execute 'createRadialGradient' on 'CanvasRenderingContext2D': The provided double value is non-finite.
    at render (http://localhost:8820/assets/js/games/suika.js:254:23)
    at http://localhost:8820/assets/js/games/suika.js:297:44
    at frame (http://localhost:8820/assets/js/games/engine.js:217:29) @ http://localhost:8820/assets/js/games/engine.js:216
[   37486ms] [ERROR] [GameKit] suika TypeError: Failed to execute 'createRadialGradient' on 'CanvasRenderingContext2D': The provided double value is non-finite.
    at render (http://localhost:8820/assets/js/games/suika.js:254:23)
    at http://localhost:8820/assets/js/games/suika.js:297:44
    at frame (http://localhost:8820/assets/js/games/engine.js:217:29) @ http://localhost:8820/assets/js/games/engine.js:216
[   37502ms] [ERROR] [GameKit] suika TypeError: Failed to execute 'createRadialGradient' on 'CanvasRenderingContext2D': The provided double value is non-finite.
    at render (http://localhost:8820/assets/js/games/suika.js:254:23)
    at http://localhost:8820/assets/js/games/suika.js:297:44
    at frame (http://localhost:8820/assets/js/games/engine.js:217:29) @ http://localhost:8820/assets/js/games/engine.js:216
[   37519ms] [ERROR] [GameKit] suika TypeError: Failed to execute 'createRadialGradient' on 'CanvasRenderingContext2D': The provided double value is non-finite.
    at render (http://localhost:8820/assets/js/games/suika.js:254:23)
    at http://localhost:8820/assets/js/games/suika.js:297:44
    at frame (http://localhost:8820/assets/js/games/engine.js:217:29) @ http://localhost:8820/assets/js/games/engine.js:216
[   37536ms] [ERROR] [GameKit] suika TypeError: Failed to execute 'createRadialGradient' on 'CanvasRenderingContext2D': The provided double value is non-finite.
    at render (http://localhost:8820/assets/js/games/suika.js:254:23)
    at http://localhost:8820/assets/js/games/suika.js:297:44
    at frame (http://localhost:8820/assets/js/games/engine.js:217:29) @ http://localhost:8820/assets/js/games/engine.js:216
[   37552ms] [ERROR] [GameKit] suika TypeError: Failed to execute 'createRadialGradient' on 'CanvasRenderingContext2D': The provided double value is non-finite.
    at render (http://localhost:8820/assets/js/games/suika.js:254:23)
    at http://localhost:8820/assets/js/games/suika.js:297:44
    at frame (http://localhost:8820/assets/js/games/engine.js:217:29) @ http://localhost:8820/assets/js/games/engine.js:216
[   37569ms] [ERROR] [GameKit] suika TypeError: Failed to execute 'createRadialGradient' on 'CanvasRenderingContext2D': The provided double value is non-finite.
    at render (http://localhost:8820/assets/js/games/suika.js:254:23)
    at http://localhost:8820/assets/js/games/suika.js:297:44
    at frame (http://localhost:8820/assets/js/games/engine.js:217:29) @ http://localhost:8820/assets/js/games/engine.js:216
[   37585ms] [ERROR] [GameKit] suika TypeError: Failed to execute 'createRadialGradient' on 'CanvasRenderingContext2D': The provided double value is non-finite.
    at render (http://localhost:8820/assets/js/games/suika.js:254:23)
    at http://localhost:8820/assets/js/games/suika.js:297:44
    at frame (http://localhost:8820/assets/js/games/engine.js:217:29) @ http://localhost:8820/assets/js/games/engine.js:216
[   37602ms] [ERROR] [GameKit] suika TypeError: Failed to execute 'createRadialGradient' on 'CanvasRenderingContext2D': The provided double value is non-finite.
    at render (http://localhost:8820/assets/js/games/suika.js:254:23)
    at http://localhost:8820/assets/js/games/suika.js:297:44
    at frame (http://localhost:8820/assets/js/games/engine.js:217:29) @ http://localhost:8820/assets/js/games/engine.js:216
[   37619ms] [ERROR] [GameKit] suika TypeError: Failed to execute 'createRadialGradient' on 'CanvasRenderingContext2D': The provided double value is non-finite.
    at render (http://localhost:8820/assets/js/games/suika.js:254:23)
    at http://localhost:8820/assets/js/games/suika.js:297:44
    at frame (http://localhost:8820/assets/js/games/engine.js:217:29) @ http://localhost:8820/assets/js/games/engine.js:216
[   37636ms] [ERROR] [GameKit] suika TypeError: Failed to execute 'createRadialGradient' on 'CanvasRenderingContext2D': The provided double value is non-finite.
    at render (http://localhost:8820/assets/js/games/suika.js:254:23)
    at http://localhost:8820/assets/js/games/suika.js:297:44
    at frame (http://localhost:8820/assets/js/games/engine.js:217:29) @ http://localhost:8820/assets/js/games/engine.js:216
[   37652ms] [ERROR] [GameKit] suika TypeError: Failed to execute 'createRadialGradient' on 'CanvasRenderingContext2D': The provided double value is non-finite.
    at render (http://localhost:8820/assets/js/games/suika.js:254:23)
    at http://localhost:8820/assets/js/games/suika.js:297:44
    at frame (http://localhost:8820/assets/js/games/engine.js:217:29) @ http://localhost:8820/assets/js/games/engine.js:216
[   37669ms] [ERROR] [GameKit] suika TypeError: Failed to execute 'createRadialGradient' on 'CanvasRenderingContext2D': The provided double value is non-finite.
    at render (http://localhost:8820/assets/js/games/suika.js:254:23)
    at http://localhost:8820/assets/js/games/suika.js:297:44
    at frame (http://localhost:8820/assets/js/games/engine.js:217:29) @ http://localhost:8820/assets/js/games/engine.js:216
[   37686ms] [ERROR] [GameKit] suika TypeError: Failed to execute 'createRadialGradient' on 'CanvasRenderingContext2D': The provided double value is non-finite.
    at render (http://localhost:8820/assets/js/games/suika.js:254:23)
    at http://localhost:8820/assets/js/games/suika.js:297:44
    at frame (http://localhost:8820/assets/js/games/engine.js:217:29) @ http://localhost:8820/assets/js/games/engine.js:216
[   37702ms] [ERROR] [GameKit] suika TypeError: Failed to execute 'createRadialGradient' on 'CanvasRenderingContext2D': The provided double value is non-finite.
    at render (http://localhost:8820/assets/js/games/suika.js:254:23)
    at http://localhost:8820/assets/js/games/suika.js:297:44
    at frame (http://localhost:8820/assets/js/games/engine.js:217:29) @ http://localhost:8820/assets/js/games/engine.js:216
[   37719ms] [ERROR] [GameKit] suika TypeError: Failed to execute 'createRadialGradient' on 'CanvasRenderingContext2D': The provided double value is non-finite.
    at render (http://localhost:8820/assets/js/games/suika.js:254:23)
    at http://localhost:8820/assets/js/games/suika.js:297:44
    at frame (http://localhost:8820/assets/js/games/engine.js:217:29) @ http://localhost:8820/assets/js/games/engine.js:216
[   37736ms] [ERROR] [GameKit] suika TypeError: Failed to execute 'createRadialGradient' on 'CanvasRenderingContext2D': The provided double value is non-finite.
    at render (http://localhost:8820/assets/js/games/suika.js:254:23)
    at http://localhost:8820/assets/js/games/suika.js:297:44
    at frame (http://localhost:8820/assets/js/games/engine.js:217:29) @ http://localhost:8820/assets/js/games/engine.js:216
[   37752ms] [ERROR] [GameKit] suika TypeError: Failed to execute 'createRadialGradient' on 'CanvasRenderingContext2D': The provided double value is non-finite.
    at render (http://localhost:8820/assets/js/games/suika.js:254:23)
    at http://localhost:8820/assets/js/games/suika.js:297:44
    at frame (http://localhost:8820/assets/js/games/engine.js:217:29) @ http://localhost:8820/assets/js/games/engine.js:216
[   37769ms] [ERROR] [GameKit] suika TypeError: Failed to execute 'createRadialGradient' on 'CanvasRenderingContext2D': The provided double value is non-finite.
    at render (http://localhost:8820/assets/js/games/suika.js:254:23)
    at http://localhost:8820/assets/js/games/suika.js:297:44
    at frame (http://localhost:8820/assets/js/games/engine.js:217:29) @ http://localhost:8820/assets/js/games/engine.js:216
[   37786ms] [ERROR] [GameKit] suika TypeError: Failed to execute 'createRadialGradient' on 'CanvasRenderingContext2D': The provided double value is non-finite.
    at render (http://localhost:8820/assets/js/games/suika.js:254:23)
    at http://localhost:8820/assets/js/games/suika.js:297:44
    at frame (http://localhost:8820/assets/js/games/engine.js:217:29) @ http://localhost:8820/assets/js/games/engine.js:216
[   37802ms] [ERROR] [GameKit] suika TypeError: Failed to execute 'createRadialGradient' on 'CanvasRenderingContext2D': The provided double value is non-finite.
    at render (http://localhost:8820/assets/js/games/suika.js:254:23)
    at http://localhost:8820/assets/js/games/suika.js:297:44
    at frame (http://localhost:8820/assets/js/games/engine.js:217:29) @ http://localhost:8820/assets/js/games/engine.js:216
[   37819ms] [ERROR] [GameKit] suika TypeError: Failed to execute 'createRadialGradient' on 'CanvasRenderingContext2D': The provided double value is non-finite.
    at render (http://localhost:8820/assets/js/games/suika.js:254:23)
    at http://localhost:8820/assets/js/games/suika.js:297:44
    at frame (http://localhost:8820/assets/js/games/engine.js:217:29) @ http://localhost:8820/assets/js/games/engine.js:216
[   37836ms] [ERROR] [GameKit] suika TypeError: Failed to execute 'createRadialGradient' on 'CanvasRenderingContext2D': The provided double value is non-finite.
    at render (http://localhost:8820/assets/js/games/suika.js:254:23)
    at http://localhost:8820/assets/js/games/suika.js:297:44
    at frame (http://localhost:8820/assets/js/games/engine.js:217:29) @ http://localhost:8820/assets/js/games/engine.js:216
[   37852ms] [ERROR] [GameKit] suika TypeError: Failed to execute 'createRadialGradient' on 'CanvasRenderingContext2D': The provided double value is non-finite.
    at render (http://localhost:8820/assets/js/games/suika.js:254:23)
    at http://localhost:8820/assets/js/games/suika.js:297:44
    at frame (http://localhost:8820/assets/js/games/engine.js:217:29) @ http://localhost:8820/assets/js/games/engine.js:216
[   37869ms] [ERROR] [GameKit] suika TypeError: Failed to execute 'createRadialGradient' on 'CanvasRenderingContext2D': The provided double value is non-finite.
    at render (http://localhost:8820/assets/js/games/suika.js:254:23)
    at http://localhost:8820/assets/js/games/suika.js:297:44
    at frame (http://localhost:8820/assets/js/games/engine.js:217:29) @ http://localhost:8820/assets/js/games/engine.js:216
[   37886ms] [ERROR] [GameKit] suika TypeError: Failed to execute 'createRadialGradient' on 'CanvasRenderingContext2D': The provided double value is non-finite.
    at render (http://localhost:8820/assets/js/games/suika.js:254:23)
    at http://localhost:8820/assets/js/games/suika.js:297:44
    at frame (http://localhost:8820/assets/js/games/engine.js:217:29) @ http://localhost:8820/assets/js/games/engine.js:216
[   37902ms] [ERROR] [GameKit] suika TypeError: Failed to execute 'createRadialGradient' on 'CanvasRenderingContext2D': The provided double value is non-finite.
    at render (http://localhost:8820/assets/js/games/suika.js:254:23)
    at http://localhost:8820/assets/js/games/suika.js:297:44
    at frame (http://localhost:8820/assets/js/games/engine.js:217:29) @ http://localhost:8820/assets/js/games/engine.js:216
[   37919ms] [ERROR] [GameKit] suika TypeError: Failed to execute 'createRadialGradient' on 'CanvasRenderingContext2D': The provided double value is non-finite.
    at render (http://localhost:8820/assets/js/games/suika.js:254:23)
    at http://localhost:8820/assets/js/games/suika.js:297:44
    at frame (http://localhost:8820/assets/js/games/engine.js:217:29) @ http://localhost:8820/assets/js/games/engine.js:216
[   37936ms] [ERROR] [GameKit] suika TypeError: Failed to execute 'createRadialGradient' on 'CanvasRenderingContext2D': The provided double value is non-finite.
    at render (http://localhost:8820/assets/js/games/suika.js:254:23)
    at http://localhost:8820/assets/js/games/suika.js:297:44
    at frame (http://localhost:8820/assets/js/games/engine.js:217:29) @ http://localhost:8820/assets/js/games/engine.js:216
[   37952ms] [ERROR] [GameKit] suika TypeError: Failed to execute 'createRadialGradient' on 'CanvasRenderingContext2D': The provided double value is non-finite.
    at render (http://localhost:8820/assets/js/games/suika.js:254:23)
    at http://localhost:8820/assets/js/games/suika.js:297:44
    at frame (http://localhost:8820/assets/js/games/engine.js:217:29) @ http://localhost:8820/assets/js/games/engine.js:216
[   37969ms] [ERROR] [GameKit] suika TypeError: Failed to execute 'createRadialGradient' on 'CanvasRenderingContext2D': The provided double value is non-finite.
    at render (http://localhost:8820/assets/js/games/suika.js:254:23)
    at http://localhost:8820/assets/js/games/suika.js:297:44
    at frame (http://localhost:8820/assets/js/games/engine.js:217:29) @ http://localhost:8820/assets/js/games/engine.js:216
[   37986ms] [ERROR] [GameKit] suika TypeError: Failed to execute 'createRadialGradient' on 'CanvasRenderingContext2D': The provided double value is non-finite.
    at render (http://localhost:8820/assets/js/games/suika.js:254:23)
    at http://localhost:8820/assets/js/games/suika.js:297:44
    at frame (http://localhost:8820/assets/js/games/engine.js:217:29) @ http://localhost:8820/assets/js/games/engine.js:216
[   38002ms] [ERROR] [GameKit] suika TypeError: Failed to execute 'createRadialGradient' on 'CanvasRenderingContext2D': The provided double value is non-finite.
    at render (http://localhost:8820/assets/js/games/suika.js:254:23)
    at http://localhost:8820/assets/js/games/suika.js:297:44
    at frame (http://localhost:8820/assets/js/games/engine.js:217:29) @ http://localhost:8820/assets/js/games/engine.js:216
[   38019ms] [ERROR] [GameKit] suika TypeError: Failed to execute 'createRadialGradient' on 'CanvasRenderingContext2D': The provided double value is non-finite.
    at render (http://localhost:8820/assets/js/games/suika.js:254:23)
    at http://localhost:8820/assets/js/games/suika.js:297:44
    at frame (http://localhost:8820/assets/js/games/engine.js:217:29) @ http://localhost:8820/assets/js/games/engine.js:216
[   38036ms] [ERROR] [GameKit] suika TypeError: Failed to execute 'createRadialGradient' on 'CanvasRenderingContext2D': The provided double value is non-finite.
    at render (http://localhost:8820/assets/js/games/suika.js:254:23)
    at http://localhost:8820/assets/js/games/suika.js:297:44
    at frame (http://localhost:8820/assets/js/games/engine.js:217:29) @ http://localhost:8820/assets/js/games/engine.js:216
[   38052ms] [ERROR] [GameKit] suika TypeError: Failed to execute 'createRadialGradient' on 'CanvasRenderingContext2D': The provided double value is non-finite.
    at render (http://localhost:8820/assets/js/games/suika.js:254:23)
    at http://localhost:8820/assets/js/games/suika.js:297:44
    at frame (http://localhost:8820/assets/js/games/engine.js:217:29) @ http://localhost:8820/assets/js/games/engine.js:216
[   38069ms] [ERROR] [GameKit] suika TypeError: Failed to execute 'createRadialGradient' on 'CanvasRenderingContext2D': The provided double value is non-finite.
    at render (http://localhost:8820/assets/js/games/suika.js:254:23)
    at http://localhost:8820/assets/js/games/suika.js:297:44
    at frame (http://localhost:8820/assets/js/games/engine.js:217:29) @ http://localhost:8820/assets/js/games/engine.js:216
[   38086ms] [ERROR] [GameKit] suika TypeError: Failed to execute 'createRadialGradient' on 'CanvasRenderingContext2D': The provided double value is non-finite.
    at render (http://localhost:8820/assets/js/games/suika.js:254:23)
    at http://localhost:8820/assets/js/games/suika.js:297:44
    at frame (http://localhost:8820/assets/js/games/engine.js:217:29) @ http://localhost:8820/assets/js/games/engine.js:216
[   38102ms] [ERROR] [GameKit] suika TypeError: Failed to execute 'createRadialGradient' on 'CanvasRenderingContext2D': The provided double value is non-finite.
    at render (http://localhost:8820/assets/js/games/suika.js:254:23)
    at http://localhost:8820/assets/js/games/suika.js:297:44
    at frame (http://localhost:8820/assets/js/games/engine.js:217:29) @ http://localhost:8820/assets/js/games/engine.js:216
[   38119ms] [ERROR] [GameKit] suika TypeError: Failed to execute 'createRadialGradient' on 'CanvasRenderingContext2D': The provided double value is non-finite.
    at render (http://localhost:8820/assets/js/games/suika.js:254:23)
    at http://localhost:8820/assets/js/games/suika.js:297:44
    at frame (http://localhost:8820/assets/js/games/engine.js:217:29) @ http://localhost:8820/assets/js/games/engine.js:216
[   38135ms] [ERROR] [GameKit] suika TypeError: Failed to execute 'createRadialGradient' on 'CanvasRenderingContext2D': The provided double value is non-finite.
    at render (http://localhost:8820/assets/js/games/suika.js:254:23)
    at http://localhost:8820/assets/js/games/suika.js:297:44
    at frame (http://localhost:8820/assets/js/games/engine.js:217:29) @ http://localhost:8820/assets/js/games/engine.js:216
[   38152ms] [ERROR] [GameKit] suika TypeError: Failed to execute 'createRadialGradient' on 'CanvasRenderingContext2D': The provided double value is non-finite.
    at render (http://localhost:8820/assets/js/games/suika.js:254:23)
    at http://localhost:8820/assets/js/games/suika.js:297:44
    at frame (http://localhost:8820/assets/js/games/engine.js:217:29) @ http://localhost:8820/assets/js/games/engine.js:216
[   38169ms] [ERROR] [GameKit] suika TypeError: Failed to execute 'createRadialGradient' on 'CanvasRenderingContext2D': The provided double value is non-finite.
    at render (http://localhost:8820/assets/js/games/suika.js:254:23)
    at http://localhost:8820/assets/js/games/suika.js:297:44
    at frame (http://localhost:8820/assets/js/games/engine.js:217:29) @ http://localhost:8820/assets/js/games/engine.js:216
[   38186ms] [ERROR] [GameKit] suika TypeError: Failed to execute 'createRadialGradient' on 'CanvasRenderingContext2D': The provided double value is non-finite.
    at render (http://localhost:8820/assets/js/games/suika.js:254:23)
    at http://localhost:8820/assets/js/games/suika.js:297:44
    at frame (http://localhost:8820/assets/js/games/engine.js:217:29) @ http://localhost:8820/assets/js/games/engine.js:216
[   38202ms] [ERROR] [GameKit] suika TypeError: Failed to execute 'createRadialGradient' on 'CanvasRenderingContext2D': The provided double value is non-finite.
    at render (http://localhost:8820/assets/js/games/suika.js:254:23)
    at http://localhost:8820/assets/js/games/suika.js:297:44
    at frame (http://localhost:8820/assets/js/games/engine.js:217:29) @ http://localhost:8820/assets/js/games/engine.js:216
[   38219ms] [ERROR] [GameKit] suika TypeError: Failed to execute 'createRadialGradient' on 'CanvasRenderingContext2D': The provided double value is non-finite.
    at render (http://localhost:8820/assets/js/games/suika.js:254:23)
    at http://localhost:8820/assets/js/games/suika.js:297:44
    at frame (http://localhost:8820/assets/js/games/engine.js:217:29) @ http://localhost:8820/assets/js/games/engine.js:216
[   38235ms] [ERROR] [GameKit] suika TypeError: Failed to execute 'createRadialGradient' on 'CanvasRenderingContext2D': The provided double value is non-finite.
    at render (http://localhost:8820/assets/js/games/suika.js:254:23)
    at http://localhost:8820/assets/js/games/suika.js:297:44
    at frame (http://localhost:8820/assets/js/games/engine.js:217:29) @ http://localhost:8820/assets/js/games/engine.js:216
[   38252ms] [ERROR] [GameKit] suika TypeError: Failed to execute 'createRadialGradient' on 'CanvasRenderingContext2D': The provided double value is non-finite.
    at render (http://localhost:8820/assets/js/games/suika.js:254:23)
    at http://localhost:8820/assets/js/games/suika.js:297:44
    at frame (http://localhost:8820/assets/js/games/engine.js:217:29) @ http://localhost:8820/assets/js/games/engine.js:216
[   38269ms] [ERROR] [GameKit] suika TypeError: Failed to execute 'createRadialGradient' on 'CanvasRenderingContext2D': The provided double value is non-finite.
    at render (http://localhost:8820/assets/js/games/suika.js:254:23)
    at http://localhost:8820/assets/js/games/suika.js:297:44
    at frame (http://localhost:8820/assets/js/games/engine.js:217:29) @ http://localhost:8820/assets/js/games/engine.js:216
[   38286ms] [ERROR] [GameKit] suika TypeError: Failed to execute 'createRadialGradient' on 'CanvasRenderingContext2D': The provided double value is non-finite.
    at render (http://localhost:8820/assets/js/games/suika.js:254:23)
    at http://localhost:8820/assets/js/games/suika.js:297:44
    at frame (http://localhost:8820/assets/js/games/engine.js:217:29) @ http://localhost:8820/assets/js/games/engine.js:216
[   38302ms] [ERROR] [GameKit] suika TypeError: Failed to execute 'createRadialGradient' on 'CanvasRenderingContext2D': The provided double value is non-finite.
    at render (http://localhost:8820/assets/js/games/suika.js:254:23)
    at http://localhost:8820/assets/js/games/suika.js:297:44
    at frame (http://localhost:8820/assets/js/games/engine.js:217:29) @ http://localhost:8820/assets/js/games/engine.js:216
[   38319ms] [ERROR] [GameKit] suika TypeError: Failed to execute 'createRadialGradient' on 'CanvasRenderingContext2D': The provided double value is non-finite.
    at render (http://localhost:8820/assets/js/games/suika.js:254:23)
    at http://localhost:8820/assets/js/games/suika.js:297:44
    at frame (http://localhost:8820/assets/js/games/engine.js:217:29) @ http://localhost:8820/assets/js/games/engine.js:216
[   38335ms] [ERROR] [GameKit] suika TypeError: Failed to execute 'createRadialGradient' on 'CanvasRenderingContext2D': The provided double value is non-finite.
    at render (http://localhost:8820/assets/js/games/suika.js:254:23)
    at http://localhost:8820/assets/js/games/suika.js:297:44
    at frame (http://localhost:8820/assets/js/games/engine.js:217:29) @ http://localhost:8820/assets/js/games/engine.js:216
[   38352ms] [ERROR] [GameKit] suika TypeError: Failed to execute 'createRadialGradient' on 'CanvasRenderingContext2D': The provided double value is non-finite.
    at render (http://localhost:8820/assets/js/games/suika.js:254:23)
    at http://localhost:8820/assets/js/games/suika.js:297:44
    at frame (http://localhost:8820/assets/js/games/engine.js:217:29) @ http://localhost:8820/assets/js/games/engine.js:216
[   38369ms] [ERROR] [GameKit] suika TypeError: Failed to execute 'createRadialGradient' on 'CanvasRenderingContext2D': The provided double value is non-finite.
    at render (http://localhost:8820/assets/js/games/suika.js:254:23)
    at http://localhost:8820/assets/js/games/suika.js:297:44
    at frame (http://localhost:8820/assets/js/games/engine.js:217:29) @ http://localhost:8820/assets/js/games/engine.js:216
[   38386ms] [ERROR] [GameKit] suika TypeError: Failed to execute 'createRadialGradient' on 'CanvasRenderingContext2D': The provided double value is non-finite.
    at render (http://localhost:8820/assets/js/games/suika.js:254:23)
    at http://localhost:8820/assets/js/games/suika.js:297:44
    at frame (http://localhost:8820/assets/js/games/engine.js:217:29) @ http://localhost:8820/assets/js/games/engine.js:216
[   38402ms] [ERROR] [GameKit] suika TypeError: Failed to execute 'createRadialGradient' on 'CanvasRenderingContext2D': The provided double value is non-finite.
    at render (http://localhost:8820/assets/js/games/suika.js:254:23)
    at http://localhost:8820/assets/js/games/suika.js:297:44
    at frame (http://localhost:8820/assets/js/games/engine.js:217:29) @ http://localhost:8820/assets/js/games/engine.js:216
[   38419ms] [ERROR] [GameKit] suika TypeError: Failed to execute 'createRadialGradient' on 'CanvasRenderingContext2D': The provided double value is non-finite.
    at render (http://localhost:8820/assets/js/games/suika.js:254:23)
    at http://localhost:8820/assets/js/games/suika.js:297:44
    at frame (http://localhost:8820/assets/js/games/engine.js:217:29) @ http://localhost:8820/assets/js/games/engine.js:216
[   38436ms] [ERROR] [GameKit] suika TypeError: Failed to execute 'createRadialGradient' on 'CanvasRenderingContext2D': The provided double value is non-finite.
    at render (http://localhost:8820/assets/js/games/suika.js:254:23)
    at http://localhost:8820/assets/js/games/suika.js:297:44
    at frame (http://localhost:8820/assets/js/games/engine.js:217:29) @ http://localhost:8820/assets/js/games/engine.js:216
[   38452ms] [ERROR] [GameKit] suika TypeError: Failed to execute 'createRadialGradient' on 'CanvasRenderingContext2D': The provided double value is non-finite.
    at render (http://localhost:8820/assets/js/games/suika.js:254:23)
    at http://localhost:8820/assets/js/games/suika.js:297:44
    at frame (http://localhost:8820/assets/js/games/engine.js:217:29) @ http://localhost:8820/assets/js/games/engine.js:216
[   38469ms] [ERROR] [GameKit] suika TypeError: Failed to execute 'createRadialGradient' on 'CanvasRenderingContext2D': The provided double value is non-finite.
    at render (http://localhost:8820/assets/js/games/suika.js:254:23)
    at http://localhost:8820/assets/js/games/suika.js:297:44
    at frame (http://localhost:8820/assets/js/games/engine.js:217:29) @ http://localhost:8820/assets/js/games/engine.js:216
[   38486ms] [ERROR] [GameKit] suika TypeError: Failed to execute 'createRadialGradient' on 'CanvasRenderingContext2D': The provided double value is non-finite.
    at render (http://localhost:8820/assets/js/games/suika.js:254:23)
    at http://localhost:8820/assets/js/games/suika.js:297:44
    at frame (http://localhost:8820/assets/js/games/engine.js:217:29) @ http://localhost:8820/assets/js/games/engine.js:216
[   38502ms] [ERROR] [GameKit] suika TypeError: Failed to execute 'createRadialGradient' on 'CanvasRenderingContext2D': The provided double value is non-finite.
    at render (http://localhost:8820/assets/js/games/suika.js:254:23)
    at http://localhost:8820/assets/js/games/suika.js:297:44
    at frame (http://localhost:8820/assets/js/games/engine.js:217:29) @ http://localhost:8820/assets/js/games/engine.js:216
[   38519ms] [ERROR] [GameKit] suika TypeError: Failed to execute 'createRadialGradient' on 'CanvasRenderingContext2D': The provided double value is non-finite.
    at render (http://localhost:8820/assets/js/games/suika.js:254:23)
    at http://localhost:8820/assets/js/games/suika.js:297:44
    at frame (http://localhost:8820/assets/js/games/engine.js:217:29) @ http://localhost:8820/assets/js/games/engine.js:216
[   38536ms] [ERROR] [GameKit] suika TypeError: Failed to execute 'createRadialGradient' on 'CanvasRenderingContext2D': The provided double value is non-finite.
    at render (http://localhost:8820/assets/js/games/suika.js:254:23)
    at http://localhost:8820/assets/js/games/suika.js:297:44
    at frame (http://localhost:8820/assets/js/games/engine.js:217:29) @ http://localhost:8820/assets/js/games/engine.js:216
[   38552ms] [ERROR] [GameKit] suika TypeError: Failed to execute 'createRadialGradient' on 'CanvasRenderingContext2D': The provided double value is non-finite.
    at render (http://localhost:8820/assets/js/games/suika.js:254:23)
    at http://localhost:8820/assets/js/games/suika.js:297:44
    at frame (http://localhost:8820/assets/js/games/engine.js:217:29) @ http://localhost:8820/assets/js/games/engine.js:216
[   38569ms] [ERROR] [GameKit] suika TypeError: Failed to execute 'createRadialGradient' on 'CanvasRenderingContext2D': The provided double value is non-finite.
    at render (http://localhost:8820/assets/js/games/suika.js:254:23)
    at http://localhost:8820/assets/js/games/suika.js:297:44
    at frame (http://localhost:8820/assets/js/games/engine.js:217:29) @ http://localhost:8820/assets/js/games/engine.js:216
[   38586ms] [ERROR] [GameKit] suika TypeError: Failed to execute 'createRadialGradient' on 'CanvasRenderingContext2D': The provided double value is non-finite.
    at render (http://localhost:8820/assets/js/games/suika.js:254:23)
    at http://localhost:8820/assets/js/games/suika.js:297:44
    at frame (http://localhost:8820/assets/js/games/engine.js:217:29) @ http://localhost:8820/assets/js/games/engine.js:216
[   38602ms] [ERROR] [GameKit] suika TypeError: Failed to execute 'createRadialGradient' on 'CanvasRenderingContext2D': The provided double value is non-finite.
    at render (http://localhost:8820/assets/js/games/suika.js:254:23)
    at http://localhost:8820/assets/js/games/suika.js:297:44
    at frame (http://localhost:8820/assets/js/games/engine.js:217:29) @ http://localhost:8820/assets/js/games/engine.js:216
[   38619ms] [ERROR] [GameKit] suika TypeError: Failed to execute 'createRadialGradient' on 'CanvasRenderingContext2D': The provided double value is non-finite.
    at render (http://localhost:8820/assets/js/games/suika.js:254:23)
    at http://localhost:8820/assets/js/games/suika.js:297:44
    at frame (http://localhost:8820/assets/js/games/engine.js:217:29) @ http://localhost:8820/assets/js/games/engine.js:216
[   38635ms] [ERROR] [GameKit] suika TypeError: Failed to execute 'createRadialGradient' on 'CanvasRenderingContext2D': The provided double value is non-finite.
    at render (http://localhost:8820/assets/js/games/suika.js:254:23)
    at http://localhost:8820/assets/js/games/suika.js:297:44
    at frame (http://localhost:8820/assets/js/games/engine.js:217:29) @ http://localhost:8820/assets/js/games/engine.js:216
[   38652ms] [ERROR] [GameKit] suika TypeError: Failed to execute 'createRadialGradient' on 'CanvasRenderingContext2D': The provided double value is non-finite.
    at render (http://localhost:8820/assets/js/games/suika.js:254:23)
    at http://localhost:8820/assets/js/games/suika.js:297:44
    at frame (http://localhost:8820/assets/js/games/engine.js:217:29) @ http://localhost:8820/assets/js/games/engine.js:216
[   38669ms] [ERROR] [GameKit] suika TypeError: Failed to execute 'createRadialGradient' on 'CanvasRenderingContext2D': The provided double value is non-finite.
    at render (http://localhost:8820/assets/js/games/suika.js:254:23)
    at http://localhost:8820/assets/js/games/suika.js:297:44
    at frame (http://localhost:8820/assets/js/games/engine.js:217:29) @ http://localhost:8820/assets/js/games/engine.js:216
[   38686ms] [ERROR] [GameKit] suika TypeError: Failed to execute 'createRadialGradient' on 'CanvasRenderingContext2D': The provided double value is non-finite.
    at render (http://localhost:8820/assets/js/games/suika.js:254:23)
    at http://localhost:8820/assets/js/games/suika.js:297:44
    at frame (http://localhost:8820/assets/js/games/engine.js:217:29) @ http://localhost:8820/assets/js/games/engine.js:216
[   38702ms] [ERROR] [GameKit] suika TypeError: Failed to execute 'createRadialGradient' on 'CanvasRenderingContext2D': The provided double value is non-finite.
    at render (http://localhost:8820/assets/js/games/suika.js:254:23)
    at http://localhost:8820/assets/js/games/suika.js:297:44
    at frame (http://localhost:8820/assets/js/games/engine.js:217:29) @ http://localhost:8820/assets/js/games/engine.js:216
[   38720ms] [ERROR] [GameKit] suika TypeError: Failed to execute 'createRadialGradient' on 'CanvasRenderingContext2D': The provided double value is non-finite.
    at render (http://localhost:8820/assets/js/games/suika.js:254:23)
    at http://localhost:8820/assets/js/games/suika.js:297:44
    at frame (http://localhost:8820/assets/js/games/engine.js:217:29) @ http://localhost:8820/assets/js/games/engine.js:216
[   38736ms] [ERROR] [GameKit] suika TypeError: Failed to execute 'createRadialGradient' on 'CanvasRenderingContext2D': The provided double value is non-finite.
    at render (http://localhost:8820/assets/js/games/suika.js:254:23)
    at http://localhost:8820/assets/js/games/suika.js:297:44
    at frame (http://localhost:8820/assets/js/games/engine.js:217:29) @ http://localhost:8820/assets/js/games/engine.js:216
[   38752ms] [ERROR] [GameKit] suika TypeError: Failed to execute 'createRadialGradient' on 'CanvasRenderingContext2D': The provided double value is non-finite.
    at render (http://localhost:8820/assets/js/games/suika.js:254:23)
    at http://localhost:8820/assets/js/games/suika.js:297:44
    at frame (http://localhost:8820/assets/js/games/engine.js:217:29) @ http://localhost:8820/assets/js/games/engine.js:216
[   38769ms] [ERROR] [GameKit] suika TypeError: Failed to execute 'createRadialGradient' on 'CanvasRenderingContext2D': The provided double value is non-finite.
    at render (http://localhost:8820/assets/js/games/suika.js:254:23)
    at http://localhost:8820/assets/js/games/suika.js:297:44
    at frame (http://localhost:8820/assets/js/games/engine.js:217:29) @ http://localhost:8820/assets/js/games/engine.js:216
[   38786ms] [ERROR] [GameKit] suika TypeError: Failed to execute 'createRadialGradient' on 'CanvasRenderingContext2D': The provided double value is non-finite.
    at render (http://localhost:8820/assets/js/games/suika.js:254:23)
    at http://localhost:8820/assets/js/games/suika.js:297:44
    at frame (http://localhost:8820/assets/js/games/engine.js:217:29) @ http://localhost:8820/assets/js/games/engine.js:216
[   38802ms] [ERROR] [GameKit] suika TypeError: Failed to execute 'createRadialGradient' on 'CanvasRenderingContext2D': The provided double value is non-finite.
    at render (http://localhost:8820/assets/js/games/suika.js:254:23)
    at http://localhost:8820/assets/js/games/suika.js:297:44
    at frame (http://localhost:8820/assets/js/games/engine.js:217:29) @ http://localhost:8820/assets/js/games/engine.js:216
[   38819ms] [ERROR] [GameKit] suika TypeError: Failed to execute 'createRadialGradient' on 'CanvasRenderingContext2D': The provided double value is non-finite.
    at render (http://localhost:8820/assets/js/games/suika.js:254:23)
    at http://localhost:8820/assets/js/games/suika.js:297:44
    at frame (http://localhost:8820/assets/js/games/engine.js:217:29) @ http://localhost:8820/assets/js/games/engine.js:216
[   38836ms] [ERROR] [GameKit] suika TypeError: Failed to execute 'createRadialGradient' on 'CanvasRenderingContext2D': The provided double value is non-finite.
    at render (http://localhost:8820/assets/js/games/suika.js:254:23)
    at http://localhost:8820/assets/js/games/suika.js:297:44
    at frame (http://localhost:8820/assets/js/games/engine.js:217:29) @ http://localhost:8820/assets/js/games/engine.js:216
[   38852ms] [ERROR] [GameKit] suika TypeError: Failed to execute 'createRadialGradient' on 'CanvasRenderingContext2D': The provided double value is non-finite.
    at render (http://localhost:8820/assets/js/games/suika.js:254:23)
    at http://localhost:8820/assets/js/games/suika.js:297:44
    at frame (http://localhost:8820/assets/js/games/engine.js:217:29) @ http://localhost:8820/assets/js/games/engine.js:216
[   38869ms] [ERROR] [GameKit] suika TypeError: Failed to execute 'createRadialGradient' on 'CanvasRenderingContext2D': The provided double value is non-finite.
    at render (http://localhost:8820/assets/js/games/suika.js:254:23)
    at http://localhost:8820/assets/js/games/suika.js:297:44
    at frame (http://localhost:8820/assets/js/games/engine.js:217:29) @ http://localhost:8820/assets/js/games/engine.js:216
[   38886ms] [ERROR] [GameKit] suika TypeError: Failed to execute 'createRadialGradient' on 'CanvasRenderingContext2D': The provided double value is non-finite.
    at render (http://localhost:8820/assets/js/games/suika.js:254:23)
    at http://localhost:8820/assets/js/games/suika.js:297:44
    at frame (http://localhost:8820/assets/js/games/engine.js:217:29) @ http://localhost:8820/assets/js/games/engine.js:216
[   38902ms] [ERROR] [GameKit] suika TypeError: Failed to execute 'createRadialGradient' on 'CanvasRenderingContext2D': The provided double value is non-finite.
    at render (http://localhost:8820/assets/js/games/suika.js:254:23)
    at http://localhost:8820/assets/js/games/suika.js:297:44
    at frame (http://localhost:8820/assets/js/games/engine.js:217:29) @ http://localhost:8820/assets/js/games/engine.js:216
[   38919ms] [ERROR] [GameKit] suika TypeError: Failed to execute 'createRadialGradient' on 'CanvasRenderingContext2D': The provided double value is non-finite.
    at render (http://localhost:8820/assets/js/games/suika.js:254:23)
    at http://localhost:8820/assets/js/games/suika.js:297:44
    at frame (http://localhost:8820/assets/js/games/engine.js:217:29) @ http://localhost:8820/assets/js/games/engine.js:216
[   38936ms] [ERROR] [GameKit] suika TypeError: Failed to execute 'createRadialGradient' on 'CanvasRenderingContext2D': The provided double value is non-finite.
    at render (http://localhost:8820/assets/js/games/suika.js:254:23)
    at http://localhost:8820/assets/js/games/suika.js:297:44
    at frame (http://localhost:8820/assets/js/games/engine.js:217:29) @ http://localhost:8820/assets/js/games/engine.js:216
[   38952ms] [ERROR] [GameKit] suika TypeError: Failed to execute 'createRadialGradient' on 'CanvasRenderingContext2D': The provided double value is non-finite.
    at render (http://localhost:8820/assets/js/games/suika.js:254:23)
    at http://localhost:8820/assets/js/games/suika.js:297:44
    at frame (http://localhost:8820/assets/js/games/engine.js:217:29) @ http://localhost:8820/assets/js/games/engine.js:216
[   38969ms] [ERROR] [GameKit] suika TypeError: Failed to execute 'createRadialGradient' on 'CanvasRenderingContext2D': The provided double value is non-finite.
    at render (http://localhost:8820/assets/js/games/suika.js:254:23)
    at http://localhost:8820/assets/js/games/suika.js:297:44
    at frame (http://localhost:8820/assets/js/games/engine.js:217:29) @ http://localhost:8820/assets/js/games/engine.js:216
[   38985ms] [ERROR] [GameKit] suika TypeError: Failed to execute 'createRadialGradient' on 'CanvasRenderingContext2D': The provided double value is non-finite.
    at render (http://localhost:8820/assets/js/games/suika.js:254:23)
    at http://localhost:8820/assets/js/games/suika.js:297:44
    at frame (http://localhost:8820/assets/js/games/engine.js:217:29) @ http://localhost:8820/assets/js/games/engine.js:216
[   39002ms] [ERROR] [GameKit] suika TypeError: Failed to execute 'createRadialGradient' on 'CanvasRenderingContext2D': The provided double value is non-finite.
    at render (http://localhost:8820/assets/js/games/suika.js:254:23)
    at http://localhost:8820/assets/js/games/suika.js:297:44
    at frame (http://localhost:8820/assets/js/games/engine.js:217:29) @ http://localhost:8820/assets/js/games/engine.js:216
[   39019ms] [ERROR] [GameKit] suika TypeError: Failed to execute 'createRadialGradient' on 'CanvasRenderingContext2D': The provided double value is non-finite.
    at render (http://localhost:8820/assets/js/games/suika.js:254:23)
    at http://localhost:8820/assets/js/games/suika.js:297:44
    at frame (http://localhost:8820/assets/js/games/engine.js:217:29) @ http://localhost:8820/assets/js/games/engine.js:216
[   39036ms] [ERROR] [GameKit] suika TypeError: Failed to execute 'createRadialGradient' on 'CanvasRenderingContext2D': The provided double value is non-finite.
    at render (http://localhost:8820/assets/js/games/suika.js:254:23)
    at http://localhost:8820/assets/js/games/suika.js:297:44
    at frame (http://localhost:8820/assets/js/games/engine.js:217:29) @ http://localhost:8820/assets/js/games/engine.js:216
[   39052ms] [ERROR] [GameKit] suika TypeError: Failed to execute 'createRadialGradient' on 'CanvasRenderingContext2D': The provided double value is non-finite.
    at render (http://localhost:8820/assets/js/games/suika.js:254:23)
    at http://localhost:8820/assets/js/games/suika.js:297:44
    at frame (http://localhost:8820/assets/js/games/engine.js:217:29) @ http://localhost:8820/assets/js/games/engine.js:216
[   39069ms] [ERROR] [GameKit] suika TypeError: Failed to execute 'createRadialGradient' on 'CanvasRenderingContext2D': The provided double value is non-finite.
    at render (http://localhost:8820/assets/js/games/suika.js:254:23)
    at http://localhost:8820/assets/js/games/suika.js:297:44
    at frame (http://localhost:8820/assets/js/games/engine.js:217:29) @ http://localhost:8820/assets/js/games/engine.js:216
[   39085ms] [ERROR] [GameKit] suika TypeError: Failed to execute 'createRadialGradient' on 'CanvasRenderingContext2D': The provided double value is non-finite.
    at render (http://localhost:8820/assets/js/games/suika.js:254:23)
    at http://localhost:8820/assets/js/games/suika.js:297:44
    at frame (http://localhost:8820/assets/js/games/engine.js:217:29) @ http://localhost:8820/assets/js/games/engine.js:216
[   39102ms] [ERROR] [GameKit] suika TypeError: Failed to execute 'createRadialGradient' on 'CanvasRenderingContext2D': The provided double value is non-finite.
    at render (http://localhost:8820/assets/js/games/suika.js:254:23)
    at http://localhost:8820/assets/js/games/suika.js:297:44
    at frame (http://localhost:8820/assets/js/games/engine.js:217:29) @ http://localhost:8820/assets/js/games/engine.js:216
[   39119ms] [ERROR] [GameKit] suika TypeError: Failed to execute 'createRadialGradient' on 'CanvasRenderingContext2D': The provided double value is non-finite.
    at render (http://localhost:8820/assets/js/games/suika.js:254:23)
    at http://localhost:8820/assets/js/games/suika.js:297:44
    at frame (http://localhost:8820/assets/js/games/engine.js:217:29) @ http://localhost:8820/assets/js/games/engine.js:216
[   39135ms] [ERROR] [GameKit] suika TypeError: Failed to execute 'createRadialGradient' on 'CanvasRenderingContext2D': The provided double value is non-finite.
    at render (http://localhost:8820/assets/js/games/suika.js:254:23)
    at http://localhost:8820/assets/js/games/suika.js:297:44
    at frame (http://localhost:8820/assets/js/games/engine.js:217:29) @ http://localhost:8820/assets/js/games/engine.js:216
[   39152ms] [ERROR] [GameKit] suika TypeError: Failed to execute 'createRadialGradient' on 'CanvasRenderingContext2D': The provided double value is non-finite.
    at render (http://localhost:8820/assets/js/games/suika.js:254:23)
    at http://localhost:8820/assets/js/games/suika.js:297:44
    at frame (http://localhost:8820/assets/js/games/engine.js:217:29) @ http://localhost:8820/assets/js/games/engine.js:216
[   39169ms] [ERROR] [GameKit] suika TypeError: Failed to execute 'createRadialGradient' on 'CanvasRenderingContext2D': The provided double value is non-finite.
    at render (http://localhost:8820/assets/js/games/suika.js:254:23)
    at http://localhost:8820/assets/js/games/suika.js:297:44
    at frame (http://localhost:8820/assets/js/games/engine.js:217:29) @ http://localhost:8820/assets/js/games/engine.js:216
[   39186ms] [ERROR] [GameKit] suika TypeError: Failed to execute 'createRadialGradient' on 'CanvasRenderingContext2D': The provided double value is non-finite.
    at render (http://localhost:8820/assets/js/games/suika.js:254:23)
    at http://localhost:8820/assets/js/games/suika.js:297:44
    at frame (http://localhost:8820/assets/js/games/engine.js:217:29) @ http://localhost:8820/assets/js/games/engine.js:216
[   39202ms] [ERROR] [GameKit] suika TypeError: Failed to execute 'createRadialGradient' on 'CanvasRenderingContext2D': The provided double value is non-finite.
    at render (http://localhost:8820/assets/js/games/suika.js:254:23)
    at http://localhost:8820/assets/js/games/suika.js:297:44
    at frame (http://localhost:8820/assets/js/games/engine.js:217:29) @ http://localhost:8820/assets/js/games/engine.js:216
[   39219ms] [ERROR] [GameKit] suika TypeError: Failed to execute 'createRadialGradient' on 'CanvasRenderingContext2D': The provided double value is non-finite.
    at render (http://localhost:8820/assets/js/games/suika.js:254:23)
    at http://localhost:8820/assets/js/games/suika.js:297:44
    at frame (http://localhost:8820/assets/js/games/engine.js:217:29) @ http://localhost:8820/assets/js/games/engine.js:216
[   39236ms] [ERROR] [GameKit] suika TypeError: Failed to execute 'createRadialGradient' on 'CanvasRenderingContext2D': The provided double value is non-finite.
    at render (http://localhost:8820/assets/js/games/suika.js:254:23)
    at http://localhost:8820/assets/js/games/suika.js:297:44
    at frame (http://localhost:8820/assets/js/games/engine.js:217:29) @ http://localhost:8820/assets/js/games/engine.js:216
[   39252ms] [ERROR] [GameKit] suika TypeError: Failed to execute 'createRadialGradient' on 'CanvasRenderingContext2D': The provided double value is non-finite.
    at render (http://localhost:8820/assets/js/games/suika.js:254:23)
    at http://localhost:8820/assets/js/games/suika.js:297:44
    at frame (http://localhost:8820/assets/js/games/engine.js:217:29) @ http://localhost:8820/assets/js/games/engine.js:216
[   39269ms] [ERROR] [GameKit] suika TypeError: Failed to execute 'createRadialGradient' on 'CanvasRenderingContext2D': The provided double value is non-finite.
    at render (http://localhost:8820/assets/js/games/suika.js:254:23)
    at http://localhost:8820/assets/js/games/suika.js:297:44
    at frame (http://localhost:8820/assets/js/games/engine.js:217:29) @ http://localhost:8820/assets/js/games/engine.js:216
[   39286ms] [ERROR] [GameKit] suika TypeError: Failed to execute 'createRadialGradient' on 'CanvasRenderingContext2D': The provided double value is non-finite.
    at render (http://localhost:8820/assets/js/games/suika.js:254:23)
    at http://localhost:8820/assets/js/games/suika.js:297:44
    at frame (http://localhost:8820/assets/js/games/engine.js:217:29) @ http://localhost:8820/assets/js/games/engine.js:216
[   39302ms] [ERROR] [GameKit] suika TypeError: Failed to execute 'createRadialGradient' on 'CanvasRenderingContext2D': The provided double value is non-finite.
    at render (http://localhost:8820/assets/js/games/suika.js:254:23)
    at http://localhost:8820/assets/js/games/suika.js:297:44
    at frame (http://localhost:8820/assets/js/games/engine.js:217:29) @ http://localhost:8820/assets/js/games/engine.js:216
[   39319ms] [ERROR] [GameKit] suika TypeError: Failed to execute 'createRadialGradient' on 'CanvasRenderingContext2D': The provided double value is non-finite.
    at render (http://localhost:8820/assets/js/games/suika.js:254:23)
    at http://localhost:8820/assets/js/games/suika.js:297:44
    at frame (http://localhost:8820/assets/js/games/engine.js:217:29) @ http://localhost:8820/assets/js/games/engine.js:216
[   39336ms] [ERROR] [GameKit] suika TypeError: Failed to execute 'createRadialGradient' on 'CanvasRenderingContext2D': The provided double value is non-finite.
    at render (http://localhost:8820/assets/js/games/suika.js:254:23)
    at http://localhost:8820/assets/js/games/suika.js:297:44
    at frame (http://localhost:8820/assets/js/games/engine.js:217:29) @ http://localhost:8820/assets/js/games/engine.js:216
[   39352ms] [ERROR] [GameKit] suika TypeError: Failed to execute 'createRadialGradient' on 'CanvasRenderingContext2D': The provided double value is non-finite.
    at render (http://localhost:8820/assets/js/games/suika.js:254:23)
    at http://localhost:8820/assets/js/games/suika.js:297:44
    at frame (http://localhost:8820/assets/js/games/engine.js:217:29) @ http://localhost:8820/assets/js/games/engine.js:216
[   39369ms] [ERROR] [GameKit] suika TypeError: Failed to execute 'createRadialGradient' on 'CanvasRenderingContext2D': The provided double value is non-finite.
    at render (http://localhost:8820/assets/js/games/suika.js:254:23)
    at http://localhost:8820/assets/js/games/suika.js:297:44
    at frame (http://localhost:8820/assets/js/games/engine.js:217:29) @ http://localhost:8820/assets/js/games/engine.js:216
[   39385ms] [ERROR] [GameKit] suika TypeError: Failed to execute 'createRadialGradient' on 'CanvasRenderingContext2D': The provided double value is non-finite.
    at render (http://localhost:8820/assets/js/games/suika.js:254:23)
    at http://localhost:8820/assets/js/games/suika.js:297:44
    at frame (http://localhost:8820/assets/js/games/engine.js:217:29) @ http://localhost:8820/assets/js/games/engine.js:216
[   39402ms] [ERROR] [GameKit] suika TypeError: Failed to execute 'createRadialGradient' on 'CanvasRenderingContext2D': The provided double value is non-finite.
    at render (http://localhost:8820/assets/js/games/suika.js:254:23)
    at http://localhost:8820/assets/js/games/suika.js:297:44
    at frame (http://localhost:8820/assets/js/games/engine.js:217:29) @ http://localhost:8820/assets/js/games/engine.js:216
[   39419ms] [ERROR] [GameKit] suika TypeError: Failed to execute 'createRadialGradient' on 'CanvasRenderingContext2D': The provided double value is non-finite.
    at render (http://localhost:8820/assets/js/games/suika.js:254:23)
    at http://localhost:8820/assets/js/games/suika.js:297:44
    at frame (http://localhost:8820/assets/js/games/engine.js:217:29) @ http://localhost:8820/assets/js/games/engine.js:216
[   39436ms] [ERROR] [GameKit] suika TypeError: Failed to execute 'createRadialGradient' on 'CanvasRenderingContext2D': The provided double value is non-finite.
    at render (http://localhost:8820/assets/js/games/suika.js:254:23)
    at http://localhost:8820/assets/js/games/suika.js:297:44
    at frame (http://localhost:8820/assets/js/games/engine.js:217:29) @ http://localhost:8820/assets/js/games/engine.js:216
[   39452ms] [ERROR] [GameKit] suika TypeError: Failed to execute 'createRadialGradient' on 'CanvasRenderingContext2D': The provided double value is non-finite.
    at render (http://localhost:8820/assets/js/games/suika.js:254:23)
    at http://localhost:8820/assets/js/games/suika.js:297:44
    at frame (http://localhost:8820/assets/js/games/engine.js:217:29) @ http://localhost:8820/assets/js/games/engine.js:216
[   39469ms] [ERROR] [GameKit] suika TypeError: Failed to execute 'createRadialGradient' on 'CanvasRenderingContext2D': The provided double value is non-finite.
    at render (http://localhost:8820/assets/js/games/suika.js:254:23)
    at http://localhost:8820/assets/js/games/suika.js:297:44
    at frame (http://localhost:8820/assets/js/games/engine.js:217:29) @ http://localhost:8820/assets/js/games/engine.js:216
[   39486ms] [ERROR] [GameKit] suika TypeError: Failed to execute 'createRadialGradient' on 'CanvasRenderingContext2D': The provided double value is non-finite.
    at render (http://localhost:8820/assets/js/games/suika.js:254:23)
    at http://localhost:8820/assets/js/games/suika.js:297:44
    at frame (http://localhost:8820/assets/js/games/engine.js:217:29) @ http://localhost:8820/assets/js/games/engine.js:216
[   39503ms] [ERROR] [GameKit] suika TypeError: Failed to execute 'createRadialGradient' on 'CanvasRenderingContext2D': The provided double value is non-finite.
    at render (http://localhost:8820/assets/js/games/suika.js:254:23)
    at http://localhost:8820/assets/js/games/suika.js:297:44
    at frame (http://localhost:8820/assets/js/games/engine.js:217:29) @ http://localhost:8820/assets/js/games/engine.js:216
[   39519ms] [ERROR] [GameKit] suika TypeError: Failed to execute 'createRadialGradient' on 'CanvasRenderingContext2D': The provided double value is non-finite.
    at render (http://localhost:8820/assets/js/games/suika.js:254:23)
    at http://localhost:8820/assets/js/games/suika.js:297:44
    at frame (http://localhost:8820/assets/js/games/engine.js:217:29) @ http://localhost:8820/assets/js/games/engine.js:216
[   39536ms] [ERROR] [GameKit] suika TypeError: Failed to execute 'createRadialGradient' on 'CanvasRenderingContext2D': The provided double value is non-finite.
    at render (http://localhost:8820/assets/js/games/suika.js:254:23)
    at http://localhost:8820/assets/js/games/suika.js:297:44
    at frame (http://localhost:8820/assets/js/games/engine.js:217:29) @ http://localhost:8820/assets/js/games/engine.js:216
[   39552ms] [ERROR] [GameKit] suika TypeError: Failed to execute 'createRadialGradient' on 'CanvasRenderingContext2D': The provided double value is non-finite.
    at render (http://localhost:8820/assets/js/games/suika.js:254:23)
    at http://localhost:8820/assets/js/games/suika.js:297:44
    at frame (http://localhost:8820/assets/js/games/engine.js:217:29) @ http://localhost:8820/assets/js/games/engine.js:216
[   39569ms] [ERROR] [GameKit] suika TypeError: Failed to execute 'createRadialGradient' on 'CanvasRenderingContext2D': The provided double value is non-finite.
    at render (http://localhost:8820/assets/js/games/suika.js:254:23)
    at http://localhost:8820/assets/js/games/suika.js:297:44
    at frame (http://localhost:8820/assets/js/games/engine.js:217:29) @ http://localhost:8820/assets/js/games/engine.js:216
[   39586ms] [ERROR] [GameKit] suika TypeError: Failed to execute 'createRadialGradient' on 'CanvasRenderingContext2D': The provided double value is non-finite.
    at render (http://localhost:8820/assets/js/games/suika.js:254:23)
    at http://localhost:8820/assets/js/games/suika.js:297:44
    at frame (http://localhost:8820/assets/js/games/engine.js:217:29) @ http://localhost:8820/assets/js/games/engine.js:216
[   39602ms] [ERROR] [GameKit] suika TypeError: Failed to execute 'createRadialGradient' on 'CanvasRenderingContext2D': The provided double value is non-finite.
    at render (http://localhost:8820/assets/js/games/suika.js:254:23)
    at http://localhost:8820/assets/js/games/suika.js:297:44
    at frame (http://localhost:8820/assets/js/games/engine.js:217:29) @ http://localhost:8820/assets/js/games/engine.js:216
[   39619ms] [ERROR] [GameKit] suika TypeError: Failed to execute 'createRadialGradient' on 'CanvasRenderingContext2D': The provided double value is non-finite.
    at render (http://localhost:8820/assets/js/games/suika.js:254:23)
    at http://localhost:8820/assets/js/games/suika.js:297:44
    at frame (http://localhost:8820/assets/js/games/engine.js:217:29) @ http://localhost:8820/assets/js/games/engine.js:216
[   39636ms] [ERROR] [GameKit] suika TypeError: Failed to execute 'createRadialGradient' on 'CanvasRenderingContext2D': The provided double value is non-finite.
    at render (http://localhost:8820/assets/js/games/suika.js:254:23)
    at http://localhost:8820/assets/js/games/suika.js:297:44
    at frame (http://localhost:8820/assets/js/games/engine.js:217:29) @ http://localhost:8820/assets/js/games/engine.js:216
[   39652ms] [ERROR] [GameKit] suika TypeError: Failed to execute 'createRadialGradient' on 'CanvasRenderingContext2D': The provided double value is non-finite.
    at render (http://localhost:8820/assets/js/games/suika.js:254:23)
    at http://localhost:8820/assets/js/games/suika.js:297:44
    at frame (http://localhost:8820/assets/js/games/engine.js:217:29) @ http://localhost:8820/assets/js/games/engine.js:216
[   39669ms] [ERROR] [GameKit] suika TypeError: Failed to execute 'createRadialGradient' on 'CanvasRenderingContext2D': The provided double value is non-finite.
    at render (http://localhost:8820/assets/js/games/suika.js:254:23)
    at http://localhost:8820/assets/js/games/suika.js:297:44
    at frame (http://localhost:8820/assets/js/games/engine.js:217:29) @ http://localhost:8820/assets/js/games/engine.js:216
[   39686ms] [ERROR] [GameKit] suika TypeError: Failed to execute 'createRadialGradient' on 'CanvasRenderingContext2D': The provided double value is non-finite.
    at render (http://localhost:8820/assets/js/games/suika.js:254:23)
    at http://localhost:8820/assets/js/games/suika.js:297:44
    at frame (http://localhost:8820/assets/js/games/engine.js:217:29) @ http://localhost:8820/assets/js/games/engine.js:216
[   39702ms] [ERROR] [GameKit] suika TypeError: Failed to execute 'createRadialGradient' on 'CanvasRenderingContext2D': The provided double value is non-finite.
    at render (http://localhost:8820/assets/js/games/suika.js:254:23)
    at http://localhost:8820/assets/js/games/suika.js:297:44
    at frame (http://localhost:8820/assets/js/games/engine.js:217:29) @ http://localhost:8820/assets/js/games/engine.js:216
[   39719ms] [ERROR] [GameKit] suika TypeError: Failed to execute 'createRadialGradient' on 'CanvasRenderingContext2D': The provided double value is non-finite.
    at render (http://localhost:8820/assets/js/games/suika.js:254:23)
    at http://localhost:8820/assets/js/games/suika.js:297:44
    at frame (http://localhost:8820/assets/js/games/engine.js:217:29) @ http://localhost:8820/assets/js/games/engine.js:216
[   39736ms] [ERROR] [GameKit] suika TypeError: Failed to execute 'createRadialGradient' on 'CanvasRenderingContext2D': The provided double value is non-finite.
    at render (http://localhost:8820/assets/js/games/suika.js:254:23)
    at http://localhost:8820/assets/js/games/suika.js:297:44
    at frame (http://localhost:8820/assets/js/games/engine.js:217:29) @ http://localhost:8820/assets/js/games/engine.js:216
[   39752ms] [ERROR] [GameKit] suika TypeError: Failed to execute 'createRadialGradient' on 'CanvasRenderingContext2D': The provided double value is non-finite.
    at render (http://localhost:8820/assets/js/games/suika.js:254:23)
    at http://localhost:8820/assets/js/games/suika.js:297:44
    at frame (http://localhost:8820/assets/js/games/engine.js:217:29) @ http://localhost:8820/assets/js/games/engine.js:216
[   39769ms] [ERROR] [GameKit] suika TypeError: Failed to execute 'createRadialGradient' on 'CanvasRenderingContext2D': The provided double value is non-finite.
    at render (http://localhost:8820/assets/js/games/suika.js:254:23)
    at http://localhost:8820/assets/js/games/suika.js:297:44
    at frame (http://localhost:8820/assets/js/games/engine.js:217:29) @ http://localhost:8820/assets/js/games/engine.js:216
[   39786ms] [ERROR] [GameKit] suika TypeError: Failed to execute 'createRadialGradient' on 'CanvasRenderingContext2D': The provided double value is non-finite.
    at render (http://localhost:8820/assets/js/games/suika.js:254:23)
    at http://localhost:8820/assets/js/games/suika.js:297:44
    at frame (http://localhost:8820/assets/js/games/engine.js:217:29) @ http://localhost:8820/assets/js/games/engine.js:216
[   39802ms] [ERROR] [GameKit] suika TypeError: Failed to execute 'createRadialGradient' on 'CanvasRenderingContext2D': The provided double value is non-finite.
    at render (http://localhost:8820/assets/js/games/suika.js:254:23)
    at http://localhost:8820/assets/js/games/suika.js:297:44
    at frame (http://localhost:8820/assets/js/games/engine.js:217:29) @ http://localhost:8820/assets/js/games/engine.js:216
[   39819ms] [ERROR] [GameKit] suika TypeError: Failed to execute 'createRadialGradient' on 'CanvasRenderingContext2D': The provided double value is non-finite.
    at render (http://localhost:8820/assets/js/games/suika.js:254:23)
    at http://localhost:8820/assets/js/games/suika.js:297:44
    at frame (http://localhost:8820/assets/js/games/engine.js:217:29) @ http://localhost:8820/assets/js/games/engine.js:216
[   39836ms] [ERROR] [GameKit] suika TypeError: Failed to execute 'createRadialGradient' on 'CanvasRenderingContext2D': The provided double value is non-finite.
    at render (http://localhost:8820/assets/js/games/suika.js:254:23)
    at http://localhost:8820/assets/js/games/suika.js:297:44
    at frame (http://localhost:8820/assets/js/games/engine.js:217:29) @ http://localhost:8820/assets/js/games/engine.js:216
[   39852ms] [ERROR] [GameKit] suika TypeError: Failed to execute 'createRadialGradient' on 'CanvasRenderingContext2D': The provided double value is non-finite.
    at render (http://localhost:8820/assets/js/games/suika.js:254:23)
    at http://localhost:8820/assets/js/games/suika.js:297:44
    at frame (http://localhost:8820/assets/js/games/engine.js:217:29) @ http://localhost:8820/assets/js/games/engine.js:216
[   39869ms] [ERROR] [GameKit] suika TypeError: Failed to execute 'createRadialGradient' on 'CanvasRenderingContext2D': The provided double value is non-finite.
    at render (http://localhost:8820/assets/js/games/suika.js:254:23)
    at http://localhost:8820/assets/js/games/suika.js:297:44
    at frame (http://localhost:8820/assets/js/games/engine.js:217:29) @ http://localhost:8820/assets/js/games/engine.js:216
[   39886ms] [ERROR] [GameKit] suika TypeError: Failed to execute 'createRadialGradient' on 'CanvasRenderingContext2D': The provided double value is non-finite.
    at render (http://localhost:8820/assets/js/games/suika.js:254:23)
    at http://localhost:8820/assets/js/games/suika.js:297:44
    at frame (http://localhost:8820/assets/js/games/engine.js:217:29) @ http://localhost:8820/assets/js/games/engine.js:216
[   39902ms] [ERROR] [GameKit] suika TypeError: Failed to execute 'createRadialGradient' on 'CanvasRenderingContext2D': The provided double value is non-finite.
    at render (http://localhost:8820/assets/js/games/suika.js:254:23)
    at http://localhost:8820/assets/js/games/suika.js:297:44
    at frame (http://localhost:8820/assets/js/games/engine.js:217:29) @ http://localhost:8820/assets/js/games/engine.js:216
[   39919ms] [ERROR] [GameKit] suika TypeError: Failed to execute 'createRadialGradient' on 'CanvasRenderingContext2D': The provided double value is non-finite.
    at render (http://localhost:8820/assets/js/games/suika.js:254:23)
    at http://localhost:8820/assets/js/games/suika.js:297:44
    at frame (http://localhost:8820/assets/js/games/engine.js:217:29) @ http://localhost:8820/assets/js/games/engine.js:216
[   39936ms] [ERROR] [GameKit] suika TypeError: Failed to execute 'createRadialGradient' on 'CanvasRenderingContext2D': The provided double value is non-finite.
    at render (http://localhost:8820/assets/js/games/suika.js:254:23)
    at http://localhost:8820/assets/js/games/suika.js:297:44
    at frame (http://localhost:8820/assets/js/games/engine.js:217:29) @ http://localhost:8820/assets/js/games/engine.js:216
[   39952ms] [ERROR] [GameKit] suika TypeError: Failed to execute 'createRadialGradient' on 'CanvasRenderingContext2D': The provided double value is non-finite.
    at render (http://localhost:8820/assets/js/games/suika.js:254:23)
    at http://localhost:8820/assets/js/games/suika.js:297:44
    at frame (http://localhost:8820/assets/js/games/engine.js:217:29) @ http://localhost:8820/assets/js/games/engine.js:216
[   39969ms] [ERROR] [GameKit] suika TypeError: Failed to execute 'createRadialGradient' on 'CanvasRenderingContext2D': The provided double value is non-finite.
    at render (http://localhost:8820/assets/js/games/suika.js:254:23)
    at http://localhost:8820/assets/js/games/suika.js:297:44
    at frame (http://localhost:8820/assets/js/games/engine.js:217:29) @ http://localhost:8820/assets/js/games/engine.js:216
[   39986ms] [ERROR] [GameKit] suika TypeError: Failed to execute 'createRadialGradient' on 'CanvasRenderingContext2D': The provided double value is non-finite.
    at render (http://localhost:8820/assets/js/games/suika.js:254:23)
    at http://localhost:8820/assets/js/games/suika.js:297:44
    at frame (http://localhost:8820/assets/js/games/engine.js:217:29) @ http://localhost:8820/assets/js/games/engine.js:216
[   40002ms] [ERROR] [GameKit] suika TypeError: Failed to execute 'createRadialGradient' on 'CanvasRenderingContext2D': The provided double value is non-finite.
    at render (http://localhost:8820/assets/js/games/suika.js:254:23)
    at http://localhost:8820/assets/js/games/suika.js:297:44
    at frame (http://localhost:8820/assets/js/games/engine.js:217:29) @ http://localhost:8820/assets/js/games/engine.js:216
[   40019ms] [ERROR] [GameKit] suika TypeError: Failed to execute 'createRadialGradient' on 'CanvasRenderingContext2D': The provided double value is non-finite.
    at render (http://localhost:8820/assets/js/games/suika.js:254:23)
    at http://localhost:8820/assets/js/games/suika.js:297:44
    at frame (http://localhost:8820/assets/js/games/engine.js:217:29) @ http://localhost:8820/assets/js/games/engine.js:216
[   40036ms] [ERROR] [GameKit] suika TypeError: Failed to execute 'createRadialGradient' on 'CanvasRenderingContext2D': The provided double value is non-finite.
    at render (http://localhost:8820/assets/js/games/suika.js:254:23)
    at http://localhost:8820/assets/js/games/suika.js:297:44
    at frame (http://localhost:8820/assets/js/games/engine.js:217:29) @ http://localhost:8820/assets/js/games/engine.js:216
[   40052ms] [ERROR] [GameKit] suika TypeError: Failed to execute 'createRadialGradient' on 'CanvasRenderingContext2D': The provided double value is non-finite.
    at render (http://localhost:8820/assets/js/games/suika.js:254:23)
    at http://localhost:8820/assets/js/games/suika.js:297:44
    at frame (http://localhost:8820/assets/js/games/engine.js:217:29) @ http://localhost:8820/assets/js/games/engine.js:216
[   40069ms] [ERROR] [GameKit] suika TypeError: Failed to execute 'createRadialGradient' on 'CanvasRenderingContext2D': The provided double value is non-finite.
    at render (http://localhost:8820/assets/js/games/suika.js:254:23)
    at http://localhost:8820/assets/js/games/suika.js:297:44
    at frame (http://localhost:8820/assets/js/games/engine.js:217:29) @ http://localhost:8820/assets/js/games/engine.js:216
[   40086ms] [ERROR] [GameKit] suika TypeError: Failed to execute 'createRadialGradient' on 'CanvasRenderingContext2D': The provided double value is non-finite.
    at render (http://localhost:8820/assets/js/games/suika.js:254:23)
    at http://localhost:8820/assets/js/games/suika.js:297:44
    at frame (http://localhost:8820/assets/js/games/engine.js:217:29) @ http://localhost:8820/assets/js/games/engine.js:216
[   40102ms] [ERROR] [GameKit] suika TypeError: Failed to execute 'createRadialGradient' on 'CanvasRenderingContext2D': The provided double value is non-finite.
    at render (http://localhost:8820/assets/js/games/suika.js:254:23)
    at http://localhost:8820/assets/js/games/suika.js:297:44
    at frame (http://localhost:8820/assets/js/games/engine.js:217:29) @ http://localhost:8820/assets/js/games/engine.js:216
[   40119ms] [ERROR] [GameKit] suika TypeError: Failed to execute 'createRadialGradient' on 'CanvasRenderingContext2D': The provided double value is non-finite.
    at render (http://localhost:8820/assets/js/games/suika.js:254:23)
    at http://localhost:8820/assets/js/games/suika.js:297:44
    at frame (http://localhost:8820/assets/js/games/engine.js:217:29) @ http://localhost:8820/assets/js/games/engine.js:216
[   40136ms] [ERROR] [GameKit] suika TypeError: Failed to execute 'createRadialGradient' on 'CanvasRenderingContext2D': The provided double value is non-finite.
    at render (http://localhost:8820/assets/js/games/suika.js:254:23)
    at http://localhost:8820/assets/js/games/suika.js:297:44
    at frame (http://localhost:8820/assets/js/games/engine.js:217:29) @ http://localhost:8820/assets/js/games/engine.js:216
[   40152ms] [ERROR] [GameKit] suika TypeError: Failed to execute 'createRadialGradient' on 'CanvasRenderingContext2D': The provided double value is non-finite.
    at render (http://localhost:8820/assets/js/games/suika.js:254:23)
    at http://localhost:8820/assets/js/games/suika.js:297:44
    at frame (http://localhost:8820/assets/js/games/engine.js:217:29) @ http://localhost:8820/assets/js/games/engine.js:216
[   40169ms] [ERROR] [GameKit] suika TypeError: Failed to execute 'createRadialGradient' on 'CanvasRenderingContext2D': The provided double value is non-finite.
    at render (http://localhost:8820/assets/js/games/suika.js:254:23)
    at http://localhost:8820/assets/js/games/suika.js:297:44
    at frame (http://localhost:8820/assets/js/games/engine.js:217:29) @ http://localhost:8820/assets/js/games/engine.js:216
[   40186ms] [ERROR] [GameKit] suika TypeError: Failed to execute 'createRadialGradient' on 'CanvasRenderingContext2D': The provided double value is non-finite.
    at render (http://localhost:8820/assets/js/games/suika.js:254:23)
    at http://localhost:8820/assets/js/games/suika.js:297:44
    at frame (http://localhost:8820/assets/js/games/engine.js:217:29) @ http://localhost:8820/assets/js/games/engine.js:216
[   40202ms] [ERROR] [GameKit] suika TypeError: Failed to execute 'createRadialGradient' on 'CanvasRenderingContext2D': The provided double value is non-finite.
    at render (http://localhost:8820/assets/js/games/suika.js:254:23)
    at http://localhost:8820/assets/js/games/suika.js:297:44
    at frame (http://localhost:8820/assets/js/games/engine.js:217:29) @ http://localhost:8820/assets/js/games/engine.js:216
[   40219ms] [ERROR] [GameKit] suika TypeError: Failed to execute 'createRadialGradient' on 'CanvasRenderingContext2D': The provided double value is non-finite.
    at render (http://localhost:8820/assets/js/games/suika.js:254:23)
    at http://localhost:8820/assets/js/games/suika.js:297:44
    at frame (http://localhost:8820/assets/js/games/engine.js:217:29) @ http://localhost:8820/assets/js/games/engine.js:216
[   40236ms] [ERROR] [GameKit] suika TypeError: Failed to execute 'createRadialGradient' on 'CanvasRenderingContext2D': The provided double value is non-finite.
    at render (http://localhost:8820/assets/js/games/suika.js:254:23)
    at http://localhost:8820/assets/js/games/suika.js:297:44
    at frame (http://localhost:8820/assets/js/games/engine.js:217:29) @ http://localhost:8820/assets/js/games/engine.js:216
[   40252ms] [ERROR] [GameKit] suika TypeError: Failed to execute 'createRadialGradient' on 'CanvasRenderingContext2D': The provided double value is non-finite.
    at render (http://localhost:8820/assets/js/games/suika.js:254:23)
    at http://localhost:8820/assets/js/games/suika.js:297:44
    at frame (http://localhost:8820/assets/js/games/engine.js:217:29) @ http://localhost:8820/assets/js/games/engine.js:216
[   40269ms] [ERROR] [GameKit] suika TypeError: Failed to execute 'createRadialGradient' on 'CanvasRenderingContext2D': The provided double value is non-finite.
    at render (http://localhost:8820/assets/js/games/suika.js:254:23)
    at http://localhost:8820/assets/js/games/suika.js:297:44
    at frame (http://localhost:8820/assets/js/games/engine.js:217:29) @ http://localhost:8820/assets/js/games/engine.js:216
[   40286ms] [ERROR] [GameKit] suika TypeError: Failed to execute 'createRadialGradient' on 'CanvasRenderingContext2D': The provided double value is non-finite.
    at render (http://localhost:8820/assets/js/games/suika.js:254:23)
    at http://localhost:8820/assets/js/games/suika.js:297:44
    at frame (http://localhost:8820/assets/js/games/engine.js:217:29) @ http://localhost:8820/assets/js/games/engine.js:216
[   40302ms] [ERROR] [GameKit] suika TypeError: Failed to execute 'createRadialGradient' on 'CanvasRenderingContext2D': The provided double value is non-finite.
    at render (http://localhost:8820/assets/js/games/suika.js:254:23)
    at http://localhost:8820/assets/js/games/suika.js:297:44
    at frame (http://localhost:8820/assets/js/games/engine.js:217:29) @ http://localhost:8820/assets/js/games/engine.js:216
[   40319ms] [ERROR] [GameKit] suika TypeError: Failed to execute 'createRadialGradient' on 'CanvasRenderingContext2D': The provided double value is non-finite.
    at render (http://localhost:8820/assets/js/games/suika.js:254:23)
    at http://localhost:8820/assets/js/games/suika.js:297:44
    at frame (http://localhost:8820/assets/js/games/engine.js:217:29) @ http://localhost:8820/assets/js/games/engine.js:216
[   40336ms] [ERROR] [GameKit] suika TypeError: Failed to execute 'createRadialGradient' on 'CanvasRenderingContext2D': The provided double value is non-finite.
    at render (http://localhost:8820/assets/js/games/suika.js:254:23)
    at http://localhost:8820/assets/js/games/suika.js:297:44
    at frame (http://localhost:8820/assets/js/games/engine.js:217:29) @ http://localhost:8820/assets/js/games/engine.js:216
[   40352ms] [ERROR] [GameKit] suika TypeError: Failed to execute 'createRadialGradient' on 'CanvasRenderingContext2D': The provided double value is non-finite.
    at render (http://localhost:8820/assets/js/games/suika.js:254:23)
    at http://localhost:8820/assets/js/games/suika.js:297:44
    at frame (http://localhost:8820/assets/js/games/engine.js:217:29) @ http://localhost:8820/assets/js/games/engine.js:216
[   40369ms] [ERROR] [GameKit] suika TypeError: Failed to execute 'createRadialGradient' on 'CanvasRenderingContext2D': The provided double value is non-finite.
    at render (http://localhost:8820/assets/js/games/suika.js:254:23)
    at http://localhost:8820/assets/js/games/suika.js:297:44
    at frame (http://localhost:8820/assets/js/games/engine.js:217:29) @ http://localhost:8820/assets/js/games/engine.js:216
[   40386ms] [ERROR] [GameKit] suika TypeError: Failed to execute 'createRadialGradient' on 'CanvasRenderingContext2D': The provided double value is non-finite.
    at render (http://localhost:8820/assets/js/games/suika.js:254:23)
    at http://localhost:8820/assets/js/games/suika.js:297:44
    at frame (http://localhost:8820/assets/js/games/engine.js:217:29) @ http://localhost:8820/assets/js/games/engine.js:216
[   40402ms] [ERROR] [GameKit] suika TypeError: Failed to execute 'createRadialGradient' on 'CanvasRenderingContext2D': The provided double value is non-finite.
    at render (http://localhost:8820/assets/js/games/suika.js:254:23)
    at http://localhost:8820/assets/js/games/suika.js:297:44
    at frame (http://localhost:8820/assets/js/games/engine.js:217:29) @ http://localhost:8820/assets/js/games/engine.js:216
[   40419ms] [ERROR] [GameKit] suika TypeError: Failed to execute 'createRadialGradient' on 'CanvasRenderingContext2D': The provided double value is non-finite.
    at render (http://localhost:8820/assets/js/games/suika.js:254:23)
    at http://localhost:8820/assets/js/games/suika.js:297:44
    at frame (http://localhost:8820/assets/js/games/engine.js:217:29) @ http://localhost:8820/assets/js/games/engine.js:216
[   40436ms] [ERROR] [GameKit] suika TypeError: Failed to execute 'createRadialGradient' on 'CanvasRenderingContext2D': The provided double value is non-finite.
    at render (http://localhost:8820/assets/js/games/suika.js:254:23)
    at http://localhost:8820/assets/js/games/suika.js:297:44
    at frame (http://localhost:8820/assets/js/games/engine.js:217:29) @ http://localhost:8820/assets/js/games/engine.js:216
[   40452ms] [ERROR] [GameKit] suika TypeError: Failed to execute 'createRadialGradient' on 'CanvasRenderingContext2D': The provided double value is non-finite.
    at render (http://localhost:8820/assets/js/games/suika.js:254:23)
    at http://localhost:8820/assets/js/games/suika.js:297:44
    at frame (http://localhost:8820/assets/js/games/engine.js:217:29) @ http://localhost:8820/assets/js/games/engine.js:216
[   40469ms] [ERROR] [GameKit] suika TypeError: Failed to execute 'createRadialGradient' on 'CanvasRenderingContext2D': The provided double value is non-finite.
    at render (http://localhost:8820/assets/js/games/suika.js:254:23)
    at http://localhost:8820/assets/js/games/suika.js:297:44
    at frame (http://localhost:8820/assets/js/games/engine.js:217:29) @ http://localhost:8820/assets/js/games/engine.js:216
[   40485ms] [ERROR] [GameKit] suika TypeError: Failed to execute 'createRadialGradient' on 'CanvasRenderingContext2D': The provided double value is non-finite.
    at render (http://localhost:8820/assets/js/games/suika.js:254:23)
    at http://localhost:8820/assets/js/games/suika.js:297:44
    at frame (http://localhost:8820/assets/js/games/engine.js:217:29) @ http://localhost:8820/assets/js/games/engine.js:216
[   40502ms] [ERROR] [GameKit] suika TypeError: Failed to execute 'createRadialGradient' on 'CanvasRenderingContext2D': The provided double value is non-finite.
    at render (http://localhost:8820/assets/js/games/suika.js:254:23)
    at http://localhost:8820/assets/js/games/suika.js:297:44
    at frame (http://localhost:8820/assets/js/games/engine.js:217:29) @ http://localhost:8820/assets/js/games/engine.js:216
[   40519ms] [ERROR] [GameKit] suika TypeError: Failed to execute 'createRadialGradient' on 'CanvasRenderingContext2D': The provided double value is non-finite.
    at render (http://localhost:8820/assets/js/games/suika.js:254:23)
    at http://localhost:8820/assets/js/games/suika.js:297:44
    at frame (http://localhost:8820/assets/js/games/engine.js:217:29) @ http://localhost:8820/assets/js/games/engine.js:216
[   40536ms] [ERROR] [GameKit] suika TypeError: Failed to execute 'createRadialGradient' on 'CanvasRenderingContext2D': The provided double value is non-finite.
    at render (http://localhost:8820/assets/js/games/suika.js:254:23)
    at http://localhost:8820/assets/js/games/suika.js:297:44
    at frame (http://localhost:8820/assets/js/games/engine.js:217:29) @ http://localhost:8820/assets/js/games/engine.js:216
[   40552ms] [ERROR] [GameKit] suika TypeError: Failed to execute 'createRadialGradient' on 'CanvasRenderingContext2D': The provided double value is non-finite.
    at render (http://localhost:8820/assets/js/games/suika.js:254:23)
    at http://localhost:8820/assets/js/games/suika.js:297:44
    at frame (http://localhost:8820/assets/js/games/engine.js:217:29) @ http://localhost:8820/assets/js/games/engine.js:216
[   40569ms] [ERROR] [GameKit] suika TypeError: Failed to execute 'createRadialGradient' on 'CanvasRenderingContext2D': The provided double value is non-finite.
    at render (http://localhost:8820/assets/js/games/suika.js:254:23)
    at http://localhost:8820/assets/js/games/suika.js:297:44
    at frame (http://localhost:8820/assets/js/games/engine.js:217:29) @ http://localhost:8820/assets/js/games/engine.js:216
[   40586ms] [ERROR] [GameKit] suika TypeError: Failed to execute 'createRadialGradient' on 'CanvasRenderingContext2D': The provided double value is non-finite.
    at render (http://localhost:8820/assets/js/games/suika.js:254:23)
    at http://localhost:8820/assets/js/games/suika.js:297:44
    at frame (http://localhost:8820/assets/js/games/engine.js:217:29) @ http://localhost:8820/assets/js/games/engine.js:216
[   40602ms] [ERROR] [GameKit] suika TypeError: Failed to execute 'createRadialGradient' on 'CanvasRenderingContext2D': The provided double value is non-finite.
    at render (http://localhost:8820/assets/js/games/suika.js:254:23)
    at http://localhost:8820/assets/js/games/suika.js:297:44
    at frame (http://localhost:8820/assets/js/games/engine.js:217:29) @ http://localhost:8820/assets/js/games/engine.js:216
[   40619ms] [ERROR] [GameKit] suika TypeError: Failed to execute 'createRadialGradient' on 'CanvasRenderingContext2D': The provided double value is non-finite.
    at render (http://localhost:8820/assets/js/games/suika.js:254:23)
    at http://localhost:8820/assets/js/games/suika.js:297:44
    at frame (http://localhost:8820/assets/js/games/engine.js:217:29) @ http://localhost:8820/assets/js/games/engine.js:216
[   40636ms] [ERROR] [GameKit] suika TypeError: Failed to execute 'createRadialGradient' on 'CanvasRenderingContext2D': The provided double value is non-finite.
    at render (http://localhost:8820/assets/js/games/suika.js:254:23)
    at http://localhost:8820/assets/js/games/suika.js:297:44
    at frame (http://localhost:8820/assets/js/games/engine.js:217:29) @ http://localhost:8820/assets/js/games/engine.js:216
[   40652ms] [ERROR] [GameKit] suika TypeError: Failed to execute 'createRadialGradient' on 'CanvasRenderingContext2D': The provided double value is non-finite.
    at render (http://localhost:8820/assets/js/games/suika.js:254:23)
    at http://localhost:8820/assets/js/games/suika.js:297:44
    at frame (http://localhost:8820/assets/js/games/engine.js:217:29) @ http://localhost:8820/assets/js/games/engine.js:216
[   40669ms] [ERROR] [GameKit] suika TypeError: Failed to execute 'createRadialGradient' on 'CanvasRenderingContext2D': The provided double value is non-finite.
    at render (http://localhost:8820/assets/js/games/suika.js:254:23)
    at http://localhost:8820/assets/js/games/suika.js:297:44
    at frame (http://localhost:8820/assets/js/games/engine.js:217:29) @ http://localhost:8820/assets/js/games/engine.js:216
[   40686ms] [ERROR] [GameKit] suika TypeError: Failed to execute 'createRadialGradient' on 'CanvasRenderingContext2D': The provided double value is non-finite.
    at render (http://localhost:8820/assets/js/games/suika.js:254:23)
    at http://localhost:8820/assets/js/games/suika.js:297:44
    at frame (http://localhost:8820/assets/js/games/engine.js:217:29) @ http://localhost:8820/assets/js/games/engine.js:216
[   40703ms] [ERROR] [GameKit] suika TypeError: Failed to execute 'createRadialGradient' on 'CanvasRenderingContext2D': The provided double value is non-finite.
    at render (http://localhost:8820/assets/js/games/suika.js:254:23)
    at http://localhost:8820/assets/js/games/suika.js:297:44
    at frame (http://localhost:8820/assets/js/games/engine.js:217:29) @ http://localhost:8820/assets/js/games/engine.js:216
[   40719ms] [ERROR] [GameKit] suika TypeError: Failed to execute 'createRadialGradient' on 'CanvasRenderingContext2D': The provided double value is non-finite.
    at render (http://localhost:8820/assets/js/games/suika.js:254:23)
    at http://localhost:8820/assets/js/games/suika.js:297:44
    at frame (http://localhost:8820/assets/js/games/engine.js:217:29) @ http://localhost:8820/assets/js/games/engine.js:216
[   40736ms] [ERROR] [GameKit] suika TypeError: Failed to execute 'createRadialGradient' on 'CanvasRenderingContext2D': The provided double value is non-finite.
    at render (http://localhost:8820/assets/js/games/suika.js:254:23)
    at http://localhost:8820/assets/js/games/suika.js:297:44
    at frame (http://localhost:8820/assets/js/games/engine.js:217:29) @ http://localhost:8820/assets/js/games/engine.js:216
[   40752ms] [ERROR] [GameKit] suika TypeError: Failed to execute 'createRadialGradient' on 'CanvasRenderingContext2D': The provided double value is non-finite.
    at render (http://localhost:8820/assets/js/games/suika.js:254:23)
    at http://localhost:8820/assets/js/games/suika.js:297:44
    at frame (http://localhost:8820/assets/js/games/engine.js:217:29) @ http://localhost:8820/assets/js/games/engine.js:216
[   40769ms] [ERROR] [GameKit] suika TypeError: Failed to execute 'createRadialGradient' on 'CanvasRenderingContext2D': The provided double value is non-finite.
    at render (http://localhost:8820/assets/js/games/suika.js:254:23)
    at http://localhost:8820/assets/js/games/suika.js:297:44
    at frame (http://localhost:8820/assets/js/games/engine.js:217:29) @ http://localhost:8820/assets/js/games/engine.js:216
[   40786ms] [ERROR] [GameKit] suika TypeError: Failed to execute 'createRadialGradient' on 'CanvasRenderingContext2D': The provided double value is non-finite.
    at render (http://localhost:8820/assets/js/games/suika.js:254:23)
    at http://localhost:8820/assets/js/games/suika.js:297:44
    at frame (http://localhost:8820/assets/js/games/engine.js:217:29) @ http://localhost:8820/assets/js/games/engine.js:216
[   40802ms] [ERROR] [GameKit] suika TypeError: Failed to execute 'createRadialGradient' on 'CanvasRenderingContext2D': The provided double value is non-finite.
    at render (http://localhost:8820/assets/js/games/suika.js:254:23)
    at http://localhost:8820/assets/js/games/suika.js:297:44
    at frame (http://localhost:8820/assets/js/games/engine.js:217:29) @ http://localhost:8820/assets/js/games/engine.js:216
[   40819ms] [ERROR] [GameKit] suika TypeError: Failed to execute 'createRadialGradient' on 'CanvasRenderingContext2D': The provided double value is non-finite.
    at render (http://localhost:8820/assets/js/games/suika.js:254:23)
    at http://localhost:8820/assets/js/games/suika.js:297:44
    at frame (http://localhost:8820/assets/js/games/engine.js:217:29) @ http://localhost:8820/assets/js/games/engine.js:216
[   40836ms] [ERROR] [GameKit] suika TypeError: Failed to execute 'createRadialGradient' on 'CanvasRenderingContext2D': The provided double value is non-finite.
    at render (http://localhost:8820/assets/js/games/suika.js:254:23)
    at http://localhost:8820/assets/js/games/suika.js:297:44
    at frame (http://localhost:8820/assets/js/games/engine.js:217:29) @ http://localhost:8820/assets/js/games/engine.js:216
[   40852ms] [ERROR] [GameKit] suika TypeError: Failed to execute 'createRadialGradient' on 'CanvasRenderingContext2D': The provided double value is non-finite.
    at render (http://localhost:8820/assets/js/games/suika.js:254:23)
    at http://localhost:8820/assets/js/games/suika.js:297:44
    at frame (http://localhost:8820/assets/js/games/engine.js:217:29) @ http://localhost:8820/assets/js/games/engine.js:216
[   40869ms] [ERROR] [GameKit] suika TypeError: Failed to execute 'createRadialGradient' on 'CanvasRenderingContext2D': The provided double value is non-finite.
    at render (http://localhost:8820/assets/js/games/suika.js:254:23)
    at http://localhost:8820/assets/js/games/suika.js:297:44
    at frame (http://localhost:8820/assets/js/games/engine.js:217:29) @ http://localhost:8820/assets/js/games/engine.js:216
[   40886ms] [ERROR] [GameKit] suika TypeError: Failed to execute 'createRadialGradient' on 'CanvasRenderingContext2D': The provided double value is non-finite.
    at render (http://localhost:8820/assets/js/games/suika.js:254:23)
    at http://localhost:8820/assets/js/games/suika.js:297:44
    at frame (http://localhost:8820/assets/js/games/engine.js:217:29) @ http://localhost:8820/assets/js/games/engine.js:216
[   40902ms] [ERROR] [GameKit] suika TypeError: Failed to execute 'createRadialGradient' on 'CanvasRenderingContext2D': The provided double value is non-finite.
    at render (http://localhost:8820/assets/js/games/suika.js:254:23)
    at http://localhost:8820/assets/js/games/suika.js:297:44
    at frame (http://localhost:8820/assets/js/games/engine.js:217:29) @ http://localhost:8820/assets/js/games/engine.js:216
[   40919ms] [ERROR] [GameKit] suika TypeError: Failed to execute 'createRadialGradient' on 'CanvasRenderingContext2D': The provided double value is non-finite.
    at render (http://localhost:8820/assets/js/games/suika.js:254:23)
    at http://localhost:8820/assets/js/games/suika.js:297:44
    at frame (http://localhost:8820/assets/js/games/engine.js:217:29) @ http://localhost:8820/assets/js/games/engine.js:216
[   40936ms] [ERROR] [GameKit] suika TypeError: Failed to execute 'createRadialGradient' on 'CanvasRenderingContext2D': The provided double value is non-finite.
    at render (http://localhost:8820/assets/js/games/suika.js:254:23)
    at http://localhost:8820/assets/js/games/suika.js:297:44
    at frame (http://localhost:8820/assets/js/games/engine.js:217:29) @ http://localhost:8820/assets/js/games/engine.js:216
[   40952ms] [ERROR] [GameKit] suika TypeError: Failed to execute 'createRadialGradient' on 'CanvasRenderingContext2D': The provided double value is non-finite.
    at render (http://localhost:8820/assets/js/games/suika.js:254:23)
    at http://localhost:8820/assets/js/games/suika.js:297:44
    at frame (http://localhost:8820/assets/js/games/engine.js:217:29) @ http://localhost:8820/assets/js/games/engine.js:216
[   40969ms] [ERROR] [GameKit] suika TypeError: Failed to execute 'createRadialGradient' on 'CanvasRenderingContext2D': The provided double value is non-finite.
    at render (http://localhost:8820/assets/js/games/suika.js:254:23)
    at http://localhost:8820/assets/js/games/suika.js:297:44
    at frame (http://localhost:8820/assets/js/games/engine.js:217:29) @ http://localhost:8820/assets/js/games/engine.js:216
[   40985ms] [ERROR] [GameKit] suika TypeError: Failed to execute 'createRadialGradient' on 'CanvasRenderingContext2D': The provided double value is non-finite.
    at render (http://localhost:8820/assets/js/games/suika.js:254:23)
    at http://localhost:8820/assets/js/games/suika.js:297:44
    at frame (http://localhost:8820/assets/js/games/engine.js:217:29) @ http://localhost:8820/assets/js/games/engine.js:216
[   41003ms] [ERROR] [GameKit] suika TypeError: Failed to execute 'createRadialGradient' on 'CanvasRenderingContext2D': The provided double value is non-finite.
    at render (http://localhost:8820/assets/js/games/suika.js:254:23)
    at http://localhost:8820/assets/js/games/suika.js:297:44
    at frame (http://localhost:8820/assets/js/games/engine.js:217:29) @ http://localhost:8820/assets/js/games/engine.js:216
[   41019ms] [ERROR] [GameKit] suika TypeError: Failed to execute 'createRadialGradient' on 'CanvasRenderingContext2D': The provided double value is non-finite.
    at render (http://localhost:8820/assets/js/games/suika.js:254:23)
    at http://localhost:8820/assets/js/games/suika.js:297:44
    at frame (http://localhost:8820/assets/js/games/engine.js:217:29) @ http://localhost:8820/assets/js/games/engine.js:216
[   41036ms] [ERROR] [GameKit] suika TypeError: Failed to execute 'createRadialGradient' on 'CanvasRenderingContext2D': The provided double value is non-finite.
    at render (http://localhost:8820/assets/js/games/suika.js:254:23)
    at http://localhost:8820/assets/js/games/suika.js:297:44
    at frame (http://localhost:8820/assets/js/games/engine.js:217:29) @ http://localhost:8820/assets/js/games/engine.js:216
[   41052ms] [ERROR] [GameKit] suika TypeError: Failed to execute 'createRadialGradient' on 'CanvasRenderingContext2D': The provided double value is non-finite.
    at render (http://localhost:8820/assets/js/games/suika.js:254:23)
    at http://localhost:8820/assets/js/games/suika.js:297:44
    at frame (http://localhost:8820/assets/js/games/engine.js:217:29) @ http://localhost:8820/assets/js/games/engine.js:216
[   41069ms] [ERROR] [GameKit] suika TypeError: Failed to execute 'createRadialGradient' on 'CanvasRenderingContext2D': The provided double value is non-finite.
    at render (http://localhost:8820/assets/js/games/suika.js:254:23)
    at http://localhost:8820/assets/js/games/suika.js:297:44
    at frame (http://localhost:8820/assets/js/games/engine.js:217:29) @ http://localhost:8820/assets/js/games/engine.js:216
[   41086ms] [ERROR] [GameKit] suika TypeError: Failed to execute 'createRadialGradient' on 'CanvasRenderingContext2D': The provided double value is non-finite.
    at render (http://localhost:8820/assets/js/games/suika.js:254:23)
    at http://localhost:8820/assets/js/games/suika.js:297:44
    at frame (http://localhost:8820/assets/js/games/engine.js:217:29) @ http://localhost:8820/assets/js/games/engine.js:216
[   41102ms] [ERROR] [GameKit] suika TypeError: Failed to execute 'createRadialGradient' on 'CanvasRenderingContext2D': The provided double value is non-finite.
    at render (http://localhost:8820/assets/js/games/suika.js:254:23)
    at http://localhost:8820/assets/js/games/suika.js:297:44
    at frame (http://localhost:8820/assets/js/games/engine.js:217:29) @ http://localhost:8820/assets/js/games/engine.js:216
[   41119ms] [ERROR] [GameKit] suika TypeError: Failed to execute 'createRadialGradient' on 'CanvasRenderingContext2D': The provided double value is non-finite.
    at render (http://localhost:8820/assets/js/games/suika.js:254:23)
    at http://localhost:8820/assets/js/games/suika.js:297:44
    at frame (http://localhost:8820/assets/js/games/engine.js:217:29) @ http://localhost:8820/assets/js/games/engine.js:216
[   41135ms] [ERROR] [GameKit] suika TypeError: Failed to execute 'createRadialGradient' on 'CanvasRenderingContext2D': The provided double value is non-finite.
    at render (http://localhost:8820/assets/js/games/suika.js:254:23)
    at http://localhost:8820/assets/js/games/suika.js:297:44
    at frame (http://localhost:8820/assets/js/games/engine.js:217:29) @ http://localhost:8820/assets/js/games/engine.js:216
[   41152ms] [ERROR] [GameKit] suika TypeError: Failed to execute 'createRadialGradient' on 'CanvasRenderingContext2D': The provided double value is non-finite.
    at render (http://localhost:8820/assets/js/games/suika.js:254:23)
    at http://localhost:8820/assets/js/games/suika.js:297:44
    at frame (http://localhost:8820/assets/js/games/engine.js:217:29) @ http://localhost:8820/assets/js/games/engine.js:216
[   41169ms] [ERROR] [GameKit] suika TypeError: Failed to execute 'createRadialGradient' on 'CanvasRenderingContext2D': The provided double value is non-finite.
    at render (http://localhost:8820/assets/js/games/suika.js:254:23)
    at http://localhost:8820/assets/js/games/suika.js:297:44
    at frame (http://localhost:8820/assets/js/games/engine.js:217:29) @ http://localhost:8820/assets/js/games/engine.js:216
[   41186ms] [ERROR] [GameKit] suika TypeError: Failed to execute 'createRadialGradient' on 'CanvasRenderingContext2D': The provided double value is non-finite.
    at render (http://localhost:8820/assets/js/games/suika.js:254:23)
    at http://localhost:8820/assets/js/games/suika.js:297:44
    at frame (http://localhost:8820/assets/js/games/engine.js:217:29) @ http://localhost:8820/assets/js/games/engine.js:216
[   41202ms] [ERROR] [GameKit] suika TypeError: Failed to execute 'createRadialGradient' on 'CanvasRenderingContext2D': The provided double value is non-finite.
    at render (http://localhost:8820/assets/js/games/suika.js:254:23)
    at http://localhost:8820/assets/js/games/suika.js:297:44
    at frame (http://localhost:8820/assets/js/games/engine.js:217:29) @ http://localhost:8820/assets/js/games/engine.js:216
[   41219ms] [ERROR] [GameKit] suika TypeError: Failed to execute 'createRadialGradient' on 'CanvasRenderingContext2D': The provided double value is non-finite.
    at render (http://localhost:8820/assets/js/games/suika.js:254:23)
    at http://localhost:8820/assets/js/games/suika.js:297:44
    at frame (http://localhost:8820/assets/js/games/engine.js:217:29) @ http://localhost:8820/assets/js/games/engine.js:216
[   41236ms] [ERROR] [GameKit] suika TypeError: Failed to execute 'createRadialGradient' on 'CanvasRenderingContext2D': The provided double value is non-finite.
    at render (http://localhost:8820/assets/js/games/suika.js:254:23)
    at http://localhost:8820/assets/js/games/suika.js:297:44
    at frame (http://localhost:8820/assets/js/games/engine.js:217:29) @ http://localhost:8820/assets/js/games/engine.js:216
[   41252ms] [ERROR] [GameKit] suika TypeError: Failed to execute 'createRadialGradient' on 'CanvasRenderingContext2D': The provided double value is non-finite.
    at render (http://localhost:8820/assets/js/games/suika.js:254:23)
    at http://localhost:8820/assets/js/games/suika.js:297:44
    at frame (http://localhost:8820/assets/js/games/engine.js:217:29) @ http://localhost:8820/assets/js/games/engine.js:216
[   41269ms] [ERROR] [GameKit] suika TypeError: Failed to execute 'createRadialGradient' on 'CanvasRenderingContext2D': The provided double value is non-finite.
    at render (http://localhost:8820/assets/js/games/suika.js:254:23)
    at http://localhost:8820/assets/js/games/suika.js:297:44
    at frame (http://localhost:8820/assets/js/games/engine.js:217:29) @ http://localhost:8820/assets/js/games/engine.js:216
[   41285ms] [ERROR] [GameKit] suika TypeError: Failed to execute 'createRadialGradient' on 'CanvasRenderingContext2D': The provided double value is non-finite.
    at render (http://localhost:8820/assets/js/games/suika.js:254:23)
    at http://localhost:8820/assets/js/games/suika.js:297:44
    at frame (http://localhost:8820/assets/js/games/engine.js:217:29) @ http://localhost:8820/assets/js/games/engine.js:216
[   41303ms] [ERROR] [GameKit] suika TypeError: Failed to execute 'createRadialGradient' on 'CanvasRenderingContext2D': The provided double value is non-finite.
    at render (http://localhost:8820/assets/js/games/suika.js:254:23)
    at http://localhost:8820/assets/js/games/suika.js:297:44
    at frame (http://localhost:8820/assets/js/games/engine.js:217:29) @ http://localhost:8820/assets/js/games/engine.js:216
[   41319ms] [ERROR] [GameKit] suika TypeError: Failed to execute 'createRadialGradient' on 'CanvasRenderingContext2D': The provided double value is non-finite.
    at render (http://localhost:8820/assets/js/games/suika.js:254:23)
    at http://localhost:8820/assets/js/games/suika.js:297:44
    at frame (http://localhost:8820/assets/js/games/engine.js:217:29) @ http://localhost:8820/assets/js/games/engine.js:216
[   41336ms] [ERROR] [GameKit] suika TypeError: Failed to execute 'createRadialGradient' on 'CanvasRenderingContext2D': The provided double value is non-finite.
    at render (http://localhost:8820/assets/js/games/suika.js:254:23)
    at http://localhost:8820/assets/js/games/suika.js:297:44
    at frame (http://localhost:8820/assets/js/games/engine.js:217:29) @ http://localhost:8820/assets/js/games/engine.js:216
[   41352ms] [ERROR] [GameKit] suika TypeError: Failed to execute 'createRadialGradient' on 'CanvasRenderingContext2D': The provided double value is non-finite.
    at render (http://localhost:8820/assets/js/games/suika.js:254:23)
    at http://localhost:8820/assets/js/games/suika.js:297:44
    at frame (http://localhost:8820/assets/js/games/engine.js:217:29) @ http://localhost:8820/assets/js/games/engine.js:216
[   41369ms] [ERROR] [GameKit] suika TypeError: Failed to execute 'createRadialGradient' on 'CanvasRenderingContext2D': The provided double value is non-finite.
    at render (http://localhost:8820/assets/js/games/suika.js:254:23)
    at http://localhost:8820/assets/js/games/suika.js:297:44
    at frame (http://localhost:8820/assets/js/games/engine.js:217:29) @ http://localhost:8820/assets/js/games/engine.js:216
[   41386ms] [ERROR] [GameKit] suika TypeError: Failed to execute 'createRadialGradient' on 'CanvasRenderingContext2D': The provided double value is non-finite.
    at render (http://localhost:8820/assets/js/games/suika.js:254:23)
    at http://localhost:8820/assets/js/games/suika.js:297:44
    at frame (http://localhost:8820/assets/js/games/engine.js:217:29) @ http://localhost:8820/assets/js/games/engine.js:216
[   41402ms] [ERROR] [GameKit] suika TypeError: Failed to execute 'createRadialGradient' on 'CanvasRenderingContext2D': The provided double value is non-finite.
    at render (http://localhost:8820/assets/js/games/suika.js:254:23)
    at http://localhost:8820/assets/js/games/suika.js:297:44
    at frame (http://localhost:8820/assets/js/games/engine.js:217:29) @ http://localhost:8820/assets/js/games/engine.js:216
[   41419ms] [ERROR] [GameKit] suika TypeError: Failed to execute 'createRadialGradient' on 'CanvasRenderingContext2D': The provided double value is non-finite.
    at render (http://localhost:8820/assets/js/games/suika.js:254:23)
    at http://localhost:8820/assets/js/games/suika.js:297:44
    at frame (http://localhost:8820/assets/js/games/engine.js:217:29) @ http://localhost:8820/assets/js/games/engine.js:216
[   41435ms] [ERROR] [GameKit] suika TypeError: Failed to execute 'createRadialGradient' on 'CanvasRenderingContext2D': The provided double value is non-finite.
    at render (http://localhost:8820/assets/js/games/suika.js:254:23)
    at http://localhost:8820/assets/js/games/suika.js:297:44
    at frame (http://localhost:8820/assets/js/games/engine.js:217:29) @ http://localhost:8820/assets/js/games/engine.js:216
[   41452ms] [ERROR] [GameKit] suika TypeError: Failed to execute 'createRadialGradient' on 'CanvasRenderingContext2D': The provided double value is non-finite.
    at render (http://localhost:8820/assets/js/games/suika.js:254:23)
    at http://localhost:8820/assets/js/games/suika.js:297:44
    at frame (http://localhost:8820/assets/js/games/engine.js:217:29) @ http://localhost:8820/assets/js/games/engine.js:216
[   41469ms] [ERROR] [GameKit] suika TypeError: Failed to execute 'createRadialGradient' on 'CanvasRenderingContext2D': The provided double value is non-finite.
    at render (http://localhost:8820/assets/js/games/suika.js:254:23)
    at http://localhost:8820/assets/js/games/suika.js:297:44
    at frame (http://localhost:8820/assets/js/games/engine.js:217:29) @ http://localhost:8820/assets/js/games/engine.js:216
[   41486ms] [ERROR] [GameKit] suika TypeError: Failed to execute 'createRadialGradient' on 'CanvasRenderingContext2D': The provided double value is non-finite.
    at render (http://localhost:8820/assets/js/games/suika.js:254:23)
    at http://localhost:8820/assets/js/games/suika.js:297:44
    at frame (http://localhost:8820/assets/js/games/engine.js:217:29) @ http://localhost:8820/assets/js/games/engine.js:216
[   41502ms] [ERROR] [GameKit] suika TypeError: Failed to execute 'createRadialGradient' on 'CanvasRenderingContext2D': The provided double value is non-finite.
    at render (http://localhost:8820/assets/js/games/suika.js:254:23)
    at http://localhost:8820/assets/js/games/suika.js:297:44
    at frame (http://localhost:8820/assets/js/games/engine.js:217:29) @ http://localhost:8820/assets/js/games/engine.js:216
[   41519ms] [ERROR] [GameKit] suika TypeError: Failed to execute 'createRadialGradient' on 'CanvasRenderingContext2D': The provided double value is non-finite.
    at render (http://localhost:8820/assets/js/games/suika.js:254:23)
    at http://localhost:8820/assets/js/games/suika.js:297:44
    at frame (http://localhost:8820/assets/js/games/engine.js:217:29) @ http://localhost:8820/assets/js/games/engine.js:216
[   41535ms] [ERROR] [GameKit] suika TypeError: Failed to execute 'createRadialGradient' on 'CanvasRenderingContext2D': The provided double value is non-finite.
    at render (http://localhost:8820/assets/js/games/suika.js:254:23)
    at http://localhost:8820/assets/js/games/suika.js:297:44
    at frame (http://localhost:8820/assets/js/games/engine.js:217:29) @ http://localhost:8820/assets/js/games/engine.js:216
[   41552ms] [ERROR] [GameKit] suika TypeError: Failed to execute 'createRadialGradient' on 'CanvasRenderingContext2D': The provided double value is non-finite.
    at render (http://localhost:8820/assets/js/games/suika.js:254:23)
    at http://localhost:8820/assets/js/games/suika.js:297:44
    at frame (http://localhost:8820/assets/js/games/engine.js:217:29) @ http://localhost:8820/assets/js/games/engine.js:216
[   41569ms] [ERROR] [GameKit] suika TypeError: Failed to execute 'createRadialGradient' on 'CanvasRenderingContext2D': The provided double value is non-finite.
    at render (http://localhost:8820/assets/js/games/suika.js:254:23)
    at http://localhost:8820/assets/js/games/suika.js:297:44
    at frame (http://localhost:8820/assets/js/games/engine.js:217:29) @ http://localhost:8820/assets/js/games/engine.js:216
[   41586ms] [ERROR] [GameKit] suika TypeError: Failed to execute 'createRadialGradient' on 'CanvasRenderingContext2D': The provided double value is non-finite.
    at render (http://localhost:8820/assets/js/games/suika.js:254:23)
    at http://localhost:8820/assets/js/games/suika.js:297:44
    at frame (http://localhost:8820/assets/js/games/engine.js:217:29) @ http://localhost:8820/assets/js/games/engine.js:216
[   41602ms] [ERROR] [GameKit] suika TypeError: Failed to execute 'createRadialGradient' on 'CanvasRenderingContext2D': The provided double value is non-finite.
    at render (http://localhost:8820/assets/js/games/suika.js:254:23)
    at http://localhost:8820/assets/js/games/suika.js:297:44
    at frame (http://localhost:8820/assets/js/games/engine.js:217:29) @ http://localhost:8820/assets/js/games/engine.js:216
[   41619ms] [ERROR] [GameKit] suika TypeError: Failed to execute 'createRadialGradient' on 'CanvasRenderingContext2D': The provided double value is non-finite.
    at render (http://localhost:8820/assets/js/games/suika.js:254:23)
    at http://localhost:8820/assets/js/games/suika.js:297:44
    at frame (http://localhost:8820/assets/js/games/engine.js:217:29) @ http://localhost:8820/assets/js/games/engine.js:216
[   41635ms] [ERROR] [GameKit] suika TypeError: Failed to execute 'createRadialGradient' on 'CanvasRenderingContext2D': The provided double value is non-finite.
    at render (http://localhost:8820/assets/js/games/suika.js:254:23)
    at http://localhost:8820/assets/js/games/suika.js:297:44
    at frame (http://localhost:8820/assets/js/games/engine.js:217:29) @ http://localhost:8820/assets/js/games/engine.js:216
[   41652ms] [ERROR] [GameKit] suika TypeError: Failed to execute 'createRadialGradient' on 'CanvasRenderingContext2D': The provided double value is non-finite.
    at render (http://localhost:8820/assets/js/games/suika.js:254:23)
    at http://localhost:8820/assets/js/games/suika.js:297:44
    at frame (http://localhost:8820/assets/js/games/engine.js:217:29) @ http://localhost:8820/assets/js/games/engine.js:216
[   41669ms] [ERROR] [GameKit] suika TypeError: Failed to execute 'createRadialGradient' on 'CanvasRenderingContext2D': The provided double value is non-finite.
    at render (http://localhost:8820/assets/js/games/suika.js:254:23)
    at http://localhost:8820/assets/js/games/suika.js:297:44
    at frame (http://localhost:8820/assets/js/games/engine.js:217:29) @ http://localhost:8820/assets/js/games/engine.js:216
[   41685ms] [ERROR] [GameKit] suika TypeError: Failed to execute 'createRadialGradient' on 'CanvasRenderingContext2D': The provided double value is non-finite.
    at render (http://localhost:8820/assets/js/games/suika.js:254:23)
    at http://localhost:8820/assets/js/games/suika.js:297:44
    at frame (http://localhost:8820/assets/js/games/engine.js:217:29) @ http://localhost:8820/assets/js/games/engine.js:216
[   41702ms] [ERROR] [GameKit] suika TypeError: Failed to execute 'createRadialGradient' on 'CanvasRenderingContext2D': The provided double value is non-finite.
    at render (http://localhost:8820/assets/js/games/suika.js:254:23)
    at http://localhost:8820/assets/js/games/suika.js:297:44
    at frame (http://localhost:8820/assets/js/games/engine.js:217:29) @ http://localhost:8820/assets/js/games/engine.js:216
[   41719ms] [ERROR] [GameKit] suika TypeError: Failed to execute 'createRadialGradient' on 'CanvasRenderingContext2D': The provided double value is non-finite.
    at render (http://localhost:8820/assets/js/games/suika.js:254:23)
    at http://localhost:8820/assets/js/games/suika.js:297:44
    at frame (http://localhost:8820/assets/js/games/engine.js:217:29) @ http://localhost:8820/assets/js/games/engine.js:216
[   41736ms] [ERROR] [GameKit] suika TypeError: Failed to execute 'createRadialGradient' on 'CanvasRenderingContext2D': The provided double value is non-finite.
    at render (http://localhost:8820/assets/js/games/suika.js:254:23)
    at http://localhost:8820/assets/js/games/suika.js:297:44
    at frame (http://localhost:8820/assets/js/games/engine.js:217:29) @ http://localhost:8820/assets/js/games/engine.js:216
[   41752ms] [ERROR] [GameKit] suika TypeError: Failed to execute 'createRadialGradient' on 'CanvasRenderingContext2D': The provided double value is non-finite.
    at render (http://localhost:8820/assets/js/games/suika.js:254:23)
    at http://localhost:8820/assets/js/games/suika.js:297:44
    at frame (http://localhost:8820/assets/js/games/engine.js:217:29) @ http://localhost:8820/assets/js/games/engine.js:216
[   41769ms] [ERROR] [GameKit] suika TypeError: Failed to execute 'createRadialGradient' on 'CanvasRenderingContext2D': The provided double value is non-finite.
    at render (http://localhost:8820/assets/js/games/suika.js:254:23)
    at http://localhost:8820/assets/js/games/suika.js:297:44
    at frame (http://localhost:8820/assets/js/games/engine.js:217:29) @ http://localhost:8820/assets/js/games/engine.js:216
[   41785ms] [ERROR] [GameKit] suika TypeError: Failed to execute 'createRadialGradient' on 'CanvasRenderingContext2D': The provided double value is non-finite.
    at render (http://localhost:8820/assets/js/games/suika.js:254:23)
    at http://localhost:8820/assets/js/games/suika.js:297:44
    at frame (http://localhost:8820/assets/js/games/engine.js:217:29) @ http://localhost:8820/assets/js/games/engine.js:216
[   41802ms] [ERROR] [GameKit] suika TypeError: Failed to execute 'createRadialGradient' on 'CanvasRenderingContext2D': The provided double value is non-finite.
    at render (http://localhost:8820/assets/js/games/suika.js:254:23)
    at http://localhost:8820/assets/js/games/suika.js:297:44
    at frame (http://localhost:8820/assets/js/games/engine.js:217:29) @ http://localhost:8820/assets/js/games/engine.js:216
[   41819ms] [ERROR] [GameKit] suika TypeError: Failed to execute 'createRadialGradient' on 'CanvasRenderingContext2D': The provided double value is non-finite.
    at render (http://localhost:8820/assets/js/games/suika.js:254:23)
    at http://localhost:8820/assets/js/games/suika.js:297:44
    at frame (http://localhost:8820/assets/js/games/engine.js:217:29) @ http://localhost:8820/assets/js/games/engine.js:216
[   41836ms] [ERROR] [GameKit] suika TypeError: Failed to execute 'createRadialGradient' on 'CanvasRenderingContext2D': The provided double value is non-finite.
    at render (http://localhost:8820/assets/js/games/suika.js:254:23)
    at http://localhost:8820/assets/js/games/suika.js:297:44
    at frame (http://localhost:8820/assets/js/games/engine.js:217:29) @ http://localhost:8820/assets/js/games/engine.js:216
[   41852ms] [ERROR] [GameKit] suika TypeError: Failed to execute 'createRadialGradient' on 'CanvasRenderingContext2D': The provided double value is non-finite.
    at render (http://localhost:8820/assets/js/games/suika.js:254:23)
    at http://localhost:8820/assets/js/games/suika.js:297:44
    at frame (http://localhost:8820/assets/js/games/engine.js:217:29) @ http://localhost:8820/assets/js/games/engine.js:216
[   41869ms] [ERROR] [GameKit] suika TypeError: Failed to execute 'createRadialGradient' on 'CanvasRenderingContext2D': The provided double value is non-finite.
    at render (http://localhost:8820/assets/js/games/suika.js:254:23)
    at http://localhost:8820/assets/js/games/suika.js:297:44
    at frame (http://localhost:8820/assets/js/games/engine.js:217:29) @ http://localhost:8820/assets/js/games/engine.js:216
[   41886ms] [ERROR] [GameKit] suika TypeError: Failed to execute 'createRadialGradient' on 'CanvasRenderingContext2D': The provided double value is non-finite.
    at render (http://localhost:8820/assets/js/games/suika.js:254:23)
    at http://localhost:8820/assets/js/games/suika.js:297:44
    at frame (http://localhost:8820/assets/js/games/engine.js:217:29) @ http://localhost:8820/assets/js/games/engine.js:216
[   41902ms] [ERROR] [GameKit] suika TypeError: Failed to execute 'createRadialGradient' on 'CanvasRenderingContext2D': The provided double value is non-finite.
    at render (http://localhost:8820/assets/js/games/suika.js:254:23)
    at http://localhost:8820/assets/js/games/suika.js:297:44
    at frame (http://localhost:8820/assets/js/games/engine.js:217:29) @ http://localhost:8820/assets/js/games/engine.js:216
[   41919ms] [ERROR] [GameKit] suika TypeError: Failed to execute 'createRadialGradient' on 'CanvasRenderingContext2D': The provided double value is non-finite.
    at render (http://localhost:8820/assets/js/games/suika.js:254:23)
    at http://localhost:8820/assets/js/games/suika.js:297:44
    at frame (http://localhost:8820/assets/js/games/engine.js:217:29) @ http://localhost:8820/assets/js/games/engine.js:216
[   41935ms] [ERROR] [GameKit] suika TypeError: Failed to execute 'createRadialGradient' on 'CanvasRenderingContext2D': The provided double value is non-finite.
    at render (http://localhost:8820/assets/js/games/suika.js:254:23)
    at http://localhost:8820/assets/js/games/suika.js:297:44
    at frame (http://localhost:8820/assets/js/games/engine.js:217:29) @ http://localhost:8820/assets/js/games/engine.js:216
[   41952ms] [ERROR] [GameKit] suika TypeError: Failed to execute 'createRadialGradient' on 'CanvasRenderingContext2D': The provided double value is non-finite.
    at render (http://localhost:8820/assets/js/games/suika.js:254:23)
    at http://localhost:8820/assets/js/games/suika.js:297:44
    at frame (http://localhost:8820/assets/js/games/engine.js:217:29) @ http://localhost:8820/assets/js/games/engine.js:216
[   41969ms] [ERROR] [GameKit] suika TypeError: Failed to execute 'createRadialGradient' on 'CanvasRenderingContext2D': The provided double value is non-finite.
    at render (http://localhost:8820/assets/js/games/suika.js:254:23)
    at http://localhost:8820/assets/js/games/suika.js:297:44
    at frame (http://localhost:8820/assets/js/games/engine.js:217:29) @ http://localhost:8820/assets/js/games/engine.js:216
[   41985ms] [ERROR] [GameKit] suika TypeError: Failed to execute 'createRadialGradient' on 'CanvasRenderingContext2D': The provided double value is non-finite.
    at render (http://localhost:8820/assets/js/games/suika.js:254:23)
    at http://localhost:8820/assets/js/games/suika.js:297:44
    at frame (http://localhost:8820/assets/js/games/engine.js:217:29) @ http://localhost:8820/assets/js/games/engine.js:216
[   42002ms] [ERROR] [GameKit] suika TypeError: Failed to execute 'createRadialGradient' on 'CanvasRenderingContext2D': The provided double value is non-finite.
    at render (http://localhost:8820/assets/js/games/suika.js:254:23)
    at http://localhost:8820/assets/js/games/suika.js:297:44
    at frame (http://localhost:8820/assets/js/games/engine.js:217:29) @ http://localhost:8820/assets/js/games/engine.js:216
[   42019ms] [ERROR] [GameKit] suika TypeError: Failed to execute 'createRadialGradient' on 'CanvasRenderingContext2D': The provided double value is non-finite.
    at render (http://localhost:8820/assets/js/games/suika.js:254:23)
    at http://localhost:8820/assets/js/games/suika.js:297:44
    at frame (http://localhost:8820/assets/js/games/engine.js:217:29) @ http://localhost:8820/assets/js/games/engine.js:216
[   42035ms] [ERROR] [GameKit] suika TypeError: Failed to execute 'createRadialGradient' on 'CanvasRenderingContext2D': The provided double value is non-finite.
    at render (http://localhost:8820/assets/js/games/suika.js:254:23)
    at http://localhost:8820/assets/js/games/suika.js:297:44
    at frame (http://localhost:8820/assets/js/games/engine.js:217:29) @ http://localhost:8820/assets/js/games/engine.js:216
[   42052ms] [ERROR] [GameKit] suika TypeError: Failed to execute 'createRadialGradient' on 'CanvasRenderingContext2D': The provided double value is non-finite.
    at render (http://localhost:8820/assets/js/games/suika.js:254:23)
    at http://localhost:8820/assets/js/games/suika.js:297:44
    at frame (http://localhost:8820/assets/js/games/engine.js:217:29) @ http://localhost:8820/assets/js/games/engine.js:216
[   42069ms] [ERROR] [GameKit] suika TypeError: Failed to execute 'createRadialGradient' on 'CanvasRenderingContext2D': The provided double value is non-finite.
    at render (http://localhost:8820/assets/js/games/suika.js:254:23)
    at http://localhost:8820/assets/js/games/suika.js:297:44
    at frame (http://localhost:8820/assets/js/games/engine.js:217:29) @ http://localhost:8820/assets/js/games/engine.js:216
[   42086ms] [ERROR] [GameKit] suika TypeError: Failed to execute 'createRadialGradient' on 'CanvasRenderingContext2D': The provided double value is non-finite.
    at render (http://localhost:8820/assets/js/games/suika.js:254:23)
    at http://localhost:8820/assets/js/games/suika.js:297:44
    at frame (http://localhost:8820/assets/js/games/engine.js:217:29) @ http://localhost:8820/assets/js/games/engine.js:216
[   42102ms] [ERROR] [GameKit] suika TypeError: Failed to execute 'createRadialGradient' on 'CanvasRenderingContext2D': The provided double value is non-finite.
    at render (http://localhost:8820/assets/js/games/suika.js:254:23)
    at http://localhost:8820/assets/js/games/suika.js:297:44
    at frame (http://localhost:8820/assets/js/games/engine.js:217:29) @ http://localhost:8820/assets/js/games/engine.js:216
[   42119ms] [ERROR] [GameKit] suika TypeError: Failed to execute 'createRadialGradient' on 'CanvasRenderingContext2D': The provided double value is non-finite.
    at render (http://localhost:8820/assets/js/games/suika.js:254:23)
    at http://localhost:8820/assets/js/games/suika.js:297:44
    at frame (http://localhost:8820/assets/js/games/engine.js:217:29) @ http://localhost:8820/assets/js/games/engine.js:216
[   42135ms] [ERROR] [GameKit] suika TypeError: Failed to execute 'createRadialGradient' on 'CanvasRenderingContext2D': The provided double value is non-finite.
    at render (http://localhost:8820/assets/js/games/suika.js:254:23)
    at http://localhost:8820/assets/js/games/suika.js:297:44
    at frame (http://localhost:8820/assets/js/games/engine.js:217:29) @ http://localhost:8820/assets/js/games/engine.js:216
[   42152ms] [ERROR] [GameKit] suika TypeError: Failed to execute 'createRadialGradient' on 'CanvasRenderingContext2D': The provided double value is non-finite.
    at render (http://localhost:8820/assets/js/games/suika.js:254:23)
    at http://localhost:8820/assets/js/games/suika.js:297:44
    at frame (http://localhost:8820/assets/js/games/engine.js:217:29) @ http://localhost:8820/assets/js/games/engine.js:216
[   42169ms] [ERROR] [GameKit] suika TypeError: Failed to execute 'createRadialGradient' on 'CanvasRenderingContext2D': The provided double value is non-finite.
    at render (http://localhost:8820/assets/js/games/suika.js:254:23)
    at http://localhost:8820/assets/js/games/suika.js:297:44
    at frame (http://localhost:8820/assets/js/games/engine.js:217:29) @ http://localhost:8820/assets/js/games/engine.js:216
[   42185ms] [ERROR] [GameKit] suika TypeError: Failed to execute 'createRadialGradient' on 'CanvasRenderingContext2D': The provided double value is non-finite.
    at render (http://localhost:8820/assets/js/games/suika.js:254:23)
    at http://localhost:8820/assets/js/games/suika.js:297:44
    at frame (http://localhost:8820/assets/js/games/engine.js:217:29) @ http://localhost:8820/assets/js/games/engine.js:216
[   42202ms] [ERROR] [GameKit] suika TypeError: Failed to execute 'createRadialGradient' on 'CanvasRenderingContext2D': The provided double value is non-finite.
    at render (http://localhost:8820/assets/js/games/suika.js:254:23)
    at http://localhost:8820/assets/js/games/suika.js:297:44
    at frame (http://localhost:8820/assets/js/games/engine.js:217:29) @ http://localhost:8820/assets/js/games/engine.js:216
[   42219ms] [ERROR] [GameKit] suika TypeError: Failed to execute 'createRadialGradient' on 'CanvasRenderingContext2D': The provided double value is non-finite.
    at render (http://localhost:8820/assets/js/games/suika.js:254:23)
    at http://localhost:8820/assets/js/games/suika.js:297:44
    at frame (http://localhost:8820/assets/js/games/engine.js:217:29) @ http://localhost:8820/assets/js/games/engine.js:216
[   42235ms] [ERROR] [GameKit] suika TypeError: Failed to execute 'createRadialGradient' on 'CanvasRenderingContext2D': The provided double value is non-finite.
    at render (http://localhost:8820/assets/js/games/suika.js:254:23)
    at http://localhost:8820/assets/js/games/suika.js:297:44
    at frame (http://localhost:8820/assets/js/games/engine.js:217:29) @ http://localhost:8820/assets/js/games/engine.js:216
[   42252ms] [ERROR] [GameKit] suika TypeError: Failed to execute 'createRadialGradient' on 'CanvasRenderingContext2D': The provided double value is non-finite.
    at render (http://localhost:8820/assets/js/games/suika.js:254:23)
    at http://localhost:8820/assets/js/games/suika.js:297:44
    at frame (http://localhost:8820/assets/js/games/engine.js:217:29) @ http://localhost:8820/assets/js/games/engine.js:216
[   42269ms] [ERROR] [GameKit] suika TypeError: Failed to execute 'createRadialGradient' on 'CanvasRenderingContext2D': The provided double value is non-finite.
    at render (http://localhost:8820/assets/js/games/suika.js:254:23)
    at http://localhost:8820/assets/js/games/suika.js:297:44
    at frame (http://localhost:8820/assets/js/games/engine.js:217:29) @ http://localhost:8820/assets/js/games/engine.js:216
[   42285ms] [ERROR] [GameKit] suika TypeError: Failed to execute 'createRadialGradient' on 'CanvasRenderingContext2D': The provided double value is non-finite.
    at render (http://localhost:8820/assets/js/games/suika.js:254:23)
    at http://localhost:8820/assets/js/games/suika.js:297:44
    at frame (http://localhost:8820/assets/js/games/engine.js:217:29) @ http://localhost:8820/assets/js/games/engine.js:216
[   42302ms] [ERROR] [GameKit] suika TypeError: Failed to execute 'createRadialGradient' on 'CanvasRenderingContext2D': The provided double value is non-finite.
    at render (http://localhost:8820/assets/js/games/suika.js:254:23)
    at http://localhost:8820/assets/js/games/suika.js:297:44
    at frame (http://localhost:8820/assets/js/games/engine.js:217:29) @ http://localhost:8820/assets/js/games/engine.js:216
[   42319ms] [ERROR] [GameKit] suika TypeError: Failed to execute 'createRadialGradient' on 'CanvasRenderingContext2D': The provided double value is non-finite.
    at render (http://localhost:8820/assets/js/games/suika.js:254:23)
    at http://localhost:8820/assets/js/games/suika.js:297:44
    at frame (http://localhost:8820/assets/js/games/engine.js:217:29) @ http://localhost:8820/assets/js/games/engine.js:216
[   42336ms] [ERROR] [GameKit] suika TypeError: Failed to execute 'createRadialGradient' on 'CanvasRenderingContext2D': The provided double value is non-finite.
    at render (http://localhost:8820/assets/js/games/suika.js:254:23)
    at http://localhost:8820/assets/js/games/suika.js:297:44
    at frame (http://localhost:8820/assets/js/games/engine.js:217:29) @ http://localhost:8820/assets/js/games/engine.js:216
[   42352ms] [ERROR] [GameKit] suika TypeError: Failed to execute 'createRadialGradient' on 'CanvasRenderingContext2D': The provided double value is non-finite.
    at render (http://localhost:8820/assets/js/games/suika.js:254:23)
    at http://localhost:8820/assets/js/games/suika.js:297:44
    at frame (http://localhost:8820/assets/js/games/engine.js:217:29) @ http://localhost:8820/assets/js/games/engine.js:216
[   42369ms] [ERROR] [GameKit] suika TypeError: Failed to execute 'createRadialGradient' on 'CanvasRenderingContext2D': The provided double value is non-finite.
    at render (http://localhost:8820/assets/js/games/suika.js:254:23)
    at http://localhost:8820/assets/js/games/suika.js:297:44
    at frame (http://localhost:8820/assets/js/games/engine.js:217:29) @ http://localhost:8820/assets/js/games/engine.js:216
[   42386ms] [ERROR] [GameKit] suika TypeError: Failed to execute 'createRadialGradient' on 'CanvasRenderingContext2D': The provided double value is non-finite.
    at render (http://localhost:8820/assets/js/games/suika.js:254:23)
    at http://localhost:8820/assets/js/games/suika.js:297:44
    at frame (http://localhost:8820/assets/js/games/engine.js:217:29) @ http://localhost:8820/assets/js/games/engine.js:216
[   42402ms] [ERROR] [GameKit] suika TypeError: Failed to execute 'createRadialGradient' on 'CanvasRenderingContext2D': The provided double value is non-finite.
    at render (http://localhost:8820/assets/js/games/suika.js:254:23)
    at http://localhost:8820/assets/js/games/suika.js:297:44
    at frame (http://localhost:8820/assets/js/games/engine.js:217:29) @ http://localhost:8820/assets/js/games/engine.js:216
[   42419ms] [ERROR] [GameKit] suika TypeError: Failed to execute 'createRadialGradient' on 'CanvasRenderingContext2D': The provided double value is non-finite.
    at render (http://localhost:8820/assets/js/games/suika.js:254:23)
    at http://localhost:8820/assets/js/games/suika.js:297:44
    at frame (http://localhost:8820/assets/js/games/engine.js:217:29) @ http://localhost:8820/assets/js/games/engine.js:216
[   42435ms] [ERROR] [GameKit] suika TypeError: Failed to execute 'createRadialGradient' on 'CanvasRenderingContext2D': The provided double value is non-finite.
    at render (http://localhost:8820/assets/js/games/suika.js:254:23)
    at http://localhost:8820/assets/js/games/suika.js:297:44
    at frame (http://localhost:8820/assets/js/games/engine.js:217:29) @ http://localhost:8820/assets/js/games/engine.js:216
[   42452ms] [ERROR] [GameKit] suika TypeError: Failed to execute 'createRadialGradient' on 'CanvasRenderingContext2D': The provided double value is non-finite.
    at render (http://localhost:8820/assets/js/games/suika.js:254:23)
    at http://localhost:8820/assets/js/games/suika.js:297:44
    at frame (http://localhost:8820/assets/js/games/engine.js:217:29) @ http://localhost:8820/assets/js/games/engine.js:216
[   42469ms] [ERROR] [GameKit] suika TypeError: Failed to execute 'createRadialGradient' on 'CanvasRenderingContext2D': The provided double value is non-finite.
    at render (http://localhost:8820/assets/js/games/suika.js:254:23)
    at http://localhost:8820/assets/js/games/suika.js:297:44
    at frame (http://localhost:8820/assets/js/games/engine.js:217:29) @ http://localhost:8820/assets/js/games/engine.js:216
[   42485ms] [ERROR] [GameKit] suika TypeError: Failed to execute 'createRadialGradient' on 'CanvasRenderingContext2D': The provided double value is non-finite.
    at render (http://localhost:8820/assets/js/games/suika.js:254:23)
    at http://localhost:8820/assets/js/games/suika.js:297:44
    at frame (http://localhost:8820/assets/js/games/engine.js:217:29) @ http://localhost:8820/assets/js/games/engine.js:216
[   42502ms] [ERROR] [GameKit] suika TypeError: Failed to execute 'createRadialGradient' on 'CanvasRenderingContext2D': The provided double value is non-finite.
    at render (http://localhost:8820/assets/js/games/suika.js:254:23)
    at http://localhost:8820/assets/js/games/suika.js:297:44
    at frame (http://localhost:8820/assets/js/games/engine.js:217:29) @ http://localhost:8820/assets/js/games/engine.js:216
[   42519ms] [ERROR] [GameKit] suika TypeError: Failed to execute 'createRadialGradient' on 'CanvasRenderingContext2D': The provided double value is non-finite.
    at render (http://localhost:8820/assets/js/games/suika.js:254:23)
    at http://localhost:8820/assets/js/games/suika.js:297:44
    at frame (http://localhost:8820/assets/js/games/engine.js:217:29) @ http://localhost:8820/assets/js/games/engine.js:216
[   42535ms] [ERROR] [GameKit] suika TypeError: Failed to execute 'createRadialGradient' on 'CanvasRenderingContext2D': The provided double value is non-finite.
    at render (http://localhost:8820/assets/js/games/suika.js:254:23)
    at http://localhost:8820/assets/js/games/suika.js:297:44
    at frame (http://localhost:8820/assets/js/games/engine.js:217:29) @ http://localhost:8820/assets/js/games/engine.js:216
[   42552ms] [ERROR] [GameKit] suika TypeError: Failed to execute 'createRadialGradient' on 'CanvasRenderingContext2D': The provided double value is non-finite.
    at render (http://localhost:8820/assets/js/games/suika.js:254:23)
    at http://localhost:8820/assets/js/games/suika.js:297:44
    at frame (http://localhost:8820/assets/js/games/engine.js:217:29) @ http://localhost:8820/assets/js/games/engine.js:216
[   42569ms] [ERROR] [GameKit] suika TypeError: Failed to execute 'createRadialGradient' on 'CanvasRenderingContext2D': The provided double value is non-finite.
    at render (http://localhost:8820/assets/js/games/suika.js:254:23)
    at http://localhost:8820/assets/js/games/suika.js:297:44
    at frame (http://localhost:8820/assets/js/games/engine.js:217:29) @ http://localhost:8820/assets/js/games/engine.js:216
[   42586ms] [ERROR] [GameKit] suika TypeError: Failed to execute 'createRadialGradient' on 'CanvasRenderingContext2D': The provided double value is non-finite.
    at render (http://localhost:8820/assets/js/games/suika.js:254:23)
    at http://localhost:8820/assets/js/games/suika.js:297:44
    at frame (http://localhost:8820/assets/js/games/engine.js:217:29) @ http://localhost:8820/assets/js/games/engine.js:216
[   42602ms] [ERROR] [GameKit] suika TypeError: Failed to execute 'createRadialGradient' on 'CanvasRenderingContext2D': The provided double value is non-finite.
    at render (http://localhost:8820/assets/js/games/suika.js:254:23)
    at http://localhost:8820/assets/js/games/suika.js:297:44
    at frame (http://localhost:8820/assets/js/games/engine.js:217:29) @ http://localhost:8820/assets/js/games/engine.js:216
[   42619ms] [ERROR] [GameKit] suika TypeError: Failed to execute 'createRadialGradient' on 'CanvasRenderingContext2D': The provided double value is non-finite.
    at render (http://localhost:8820/assets/js/games/suika.js:254:23)
    at http://localhost:8820/assets/js/games/suika.js:297:44
    at frame (http://localhost:8820/assets/js/games/engine.js:217:29) @ http://localhost:8820/assets/js/games/engine.js:216
